vendorId,batchId,productId,initialPH,hoursSinceManufacture,hasRefrigerator,storageType,ambientTemperatureC,humidityPct,fridgeTemperatureC,hoursOnShelf,sellThroughRate,effectiveTemperatureExposure,hoursToExpiry,volumeKg,vendorRating,riskLabel
V100,B20000,Idly_Batter,4.396,62.7,1,counter,31.8,65.2,4.9,27.2,0.96,309.9,153.3,1,4.16,High
V101,B20001,Idly_Batter,4.468,68.0,0,backroom,37.0,61.2,-1.0,58.1,0.43,2519.4,0.0,2,3.66,High
V102,B20002,Dosa_Batter,4.518,82.6,0,backroom,26.5,76.7,-1.0,72.0,0.32,2191.5,0.0,1,4.26,High
V103,B20003,Idly_Batter,4.461,14.6,1,backroom,34.3,54.6,6.3,5.4,0.29,91.6,201.4,1,4.44,Medium
V104,B20004,Dosa_Batter,4.47,84.8,0,counter,31.8,55.0,-1.0,23.1,0.37,2697.7,0.0,5,3.9,High
V105,B20005,Idly_Batter,4.417,85.2,1,counter,30.3,62.8,5.4,55.8,0.89,457.7,130.8,1,4.78,High
V106,B20006,Dosa_Batter,4.432,31.4,1,fridge,32.3,58.4,4.7,6.7,0.83,146.7,184.6,10,3.52,Medium
V107,B20007,Dosa_Batter,4.423,69.9,1,fridge,30.2,76.6,7.2,56.8,0.21,506.6,146.1,2,5.0,High
V108,B20008,Combo_Pack,4.449,67.9,0,counter,31.6,80.3,-1.0,27.8,0.47,2147.5,0.0,1,3.67,High
V109,B20009,Combo_Pack,4.508,77.8,1,counter,27.2,58.0,4.9,13.0,0.45,377.6,138.2,2,3.51,High
V110,B20010,Dosa_Batter,4.409,62.4,0,counter,32.3,69.3,-1.0,43.6,0.15,2015.0,0.0,1,4.91,High
V111,B20011,Idly_Batter,4.467,76.0,1,fridge,27.1,85.1,7.0,9.9,0.1,529.0,140.0,1,3.64,High
V112,B20012,Idly_Batter,4.472,49.0,1,fridge,31.7,68.5,6.3,6.1,0.65,306.9,167.0,5,4.36,High
V113,B20013,Combo_Pack,4.453,24.5,0,counter,32.2,74.5,-1.0,16.5,0.78,790.1,23.5,10,3.31,High
V114,B20014,Combo_Pack,4.419,40.0,1,counter,30.2,80.3,4.6,30.3,0.03,184.7,176.0,10,4.79,High
V115,B20015,Idly_Batter,4.449,70.7,1,counter,28.8,66.4,4.8,62.0,0.43,341.7,145.3,10,3.65,High
V116,B20016,Combo_Pack,4.453,22.8,0,counter,31.0,50.5,-1.0,0.7,0.17,708.1,25.2,1,4.39,High
V117,B20017,Combo_Pack,4.376,0.3,1,backroom,27.2,81.6,8.8,0.1,0.22,2.9,215.7,10,4.31,Low
V118,B20018,Dosa_Batter,4.482,31.3,1,fridge,24.0,53.1,6.4,18.3,0.52,200.6,184.7,5,4.0,High
V119,B20019,Dosa_Batter,4.438,60.2,1,fridge,31.5,62.5,5.2,2.7,0.46,315.7,155.8,10,4.04,High
V120,B20020,Combo_Pack,4.478,24.2,1,backroom,32.5,74.7,7.4,14.1,0.39,178.2,191.8,2,4.31,High
V121,B20021,Combo_Pack,4.469,90.5,1,counter,33.1,88.1,5.9,80.8,0.79,536.9,125.5,5,3.58,High
V122,B20022,Dosa_Batter,4.503,34.7,0,backroom,29.3,72.2,-1.0,9.9,0.72,1016.3,13.3,1,3.64,High
V123,B20023,Dosa_Batter,4.458,47.7,0,backroom,26.6,65.4,-1.0,42.0,0.31,1267.6,0.3,1,4.97,High
V124,B20024,Dosa_Batter,4.481,61.1,1,backroom,29.9,76.8,5.9,4.6,0.8,358.8,154.9,1,4.56,High
V100,B20025,Idly_Batter,4.45,58.2,1,backroom,30.1,67.0,6.8,52.9,0.27,395.7,157.8,2,3.91,High
V101,B20026,Dosa_Batter,4.448,86.1,1,backroom,30.0,83.2,6.1,70.8,0.18,524.8,129.9,10,4.13,High
V102,B20027,Idly_Batter,4.398,92.8,1,fridge,34.3,49.0,6.1,35.9,0.59,570.5,123.2,1,4.92,High
V103,B20028,Idly_Batter,4.435,14.7,1,fridge,28.0,69.0,4.1,11.3,0.6,60.8,201.3,1,4.37,Low
V104,B20029,Combo_Pack,4.448,15.8,0,backroom,28.5,75.9,-1.0,15.4,0.68,450.2,32.2,2,4.86,High
V105,B20030,Idly_Batter,4.439,59.2,1,counter,33.1,80.6,6.9,18.7,0.48,410.6,156.8,1,3.89,High
V106,B20031,Combo_Pack,4.4,60.2,0,backroom,34.1,71.4,-1.0,6.2,0.33,2050.6,0.0,1,4.05,High
V107,B20032,Combo_Pack,4.46,4.4,0,counter,32.3,74.7,-1.0,0.6,0.56,143.0,43.6,10,4.83,High
V108,B20033,Dosa_Batter,4.429,74.0,0,backroom,32.9,63.2,-1.0,57.0,0.46,2436.0,0.0,5,4.24,High
V109,B20034,Combo_Pack,4.469,72.8,1,backroom,26.3,68.3,4.2,8.1,0.14,302.4,143.2,5,4.2,High
V110,B20035,Combo_Pack,4.541,38.3,1,fridge,36.4,74.4,4.7,27.9,0.66,181.7,177.7,10,4.56,High
V111,B20036,Combo_Pack,4.446,84.9,1,fridge,34.8,67.6,4.5,84.4,0.45,385.9,131.1,5,4.04,High
V112,B20037,Combo_Pack,4.424,52.3,1,backroom,33.6,89.8,4.1,18.0,0.48,212.7,163.7,10,4.27,High
V113,B20038,Dosa_Batter,4.478,6.9,1,counter,33.8,84.5,5.7,1.4,0.36,39.4,209.1,2,4.02,Low
V114,B20039,Idly_Batter,4.425,4.2,1,counter,33.0,67.5,5.4,1.8,0.44,22.7,211.8,10,3.87,Low
V115,B20040,Idly_Batter,4.501,91.8,1,backroom,33.2,68.5,5.7,28.5,0.25,522.0,124.2,2,4.34,High
V116,B20041,Idly_Batter,4.455,61.7,0,counter,31.9,79.8,-1.0,51.5,0.75,1966.5,0.0,10,4.79,High
V117,B20042,Dosa_Batter,4.442,13.9,0,counter,35.7,72.7,-1.0,9.5,0.68,496.7,34.1,2,4.45,High
V118,B20043,Combo_Pack,4.464,52.1,1,fridge,28.1,62.8,5.2,7.2,0.71,271.2,163.9,1,4.2,High
V119,B20044,Idly_Batter,4.455,66.2,1,backroom,28.4,67.2,5.8,14.1,0.85,386.2,149.8,10,4.31,High
V120,B20045,Combo_Pack,4.431,29.5,0,backroom,32.6,81.2,-1.0,9.2,0.63,961.9,18.5,2,4.16,High
V121,B20046,Combo_Pack,4.466,84.4,1,counter,31.8,62.6,8.6,77.1,0.26,728.3,131.6,5,4.09,High
V122,B20047,Dosa_Batter,4.45,75.8,0,backroom,31.8,83.3,-1.0,47.2,0.39,2410.4,0.0,10,4.52,High
V123,B20048,Combo_Pack,4.466,57.8,1,backroom,35.6,73.7,3.5,22.7,0.23,199.6,158.2,10,4.91,High
V124,B20049,Idly_Batter,4.526,15.5,0,counter,31.0,81.3,-1.0,6.9,0.49,481.8,32.5,5,4.21,High
V100,B20050,Idly_Batter,4.424,62.0,1,fridge,28.8,55.4,4.1,27.0,0.42,256.2,154.0,10,3.64,High
V101,B20051,Combo_Pack,4.468,6.7,1,backroom,30.0,56.4,4.1,2.2,0.12,27.7,209.3,1,4.8,Low
V102,B20052,Combo_Pack,4.477,64.8,0,counter,31.8,68.4,-1.0,43.2,0.69,2057.5,0.0,5,4.73,High
V103,B20053,Combo_Pack,4.476,60.5,0,counter,28.9,69.0,-1.0,18.3,0.16,1746.0,0.0,2,4.21,High
V104,B20054,Idly_Batter,4.444,26.7,1,fridge,29.4,61.3,5.9,15.6,0.16,156.9,189.3,1,3.97,High
V105,B20055,Idly_Batter,4.452,84.5,0,backroom,32.1,64.0,-1.0,77.6,0.23,2715.8,0.0,1,3.72,High
V106,B20056,Combo_Pack,4.452,63.4,1,backroom,29.0,68.8,7.4,62.6,0.54,469.4,152.6,1,4.0,High
V107,B20057,Dosa_Batter,4.398,88.9,1,counter,30.3,72.1,3.9,22.0,0.24,345.2,127.1,2,4.03,High
V108,B20058,Combo_Pack,4.457,45.5,0,backroom,26.8,61.8,-1.0,1.8,0.46,1221.9,2.5,10,3.9,High
V109,B20059,Dosa_Batter,4.451,64.8,0,counter,32.2,61.0,-1.0,50.7,0.7,2089.2,0.0,5,4.21,High
V110,B20060,Dosa_Batter,4.364,52.2,1,counter,29.1,69.6,3.9,25.5,0.63,201.3,163.8,2,4.58,High
V111,B20061,Idly_Batter,4.539,18.4,1,fridge,29.3,66.8,7.8,13.8,0.58,143.2,197.6,10,4.5,High
V112,B20062,Dosa_Batter,4.454,74.1,1,fridge,31.6,92.3,4.5,21.7,0.11,337.1,141.9,10,4.55,High
V113,B20063,Idly_Batter,4.422,68.7,0,backroom,31.5,76.1,-1.0,34.0,0.53,2163.0,0.0,1,4.37,High
V114,B20064,Idly_Batter,4.494,79.4,1,fridge,34.0,66.0,5.4,65.9,0.87,429.5,136.6,5,3.78,High
V115,B20065,Idly_Batter,4.435,22.9,1,fridge,29.2,90.4,5.7,21.5,0.24,129.6,193.1,10,4.3,Medium
V116,B20066,Dosa_Batter,4.496,91.4,1,fridge,31.7,60.1,3.2,50.0,0.53,291.1,124.6,10,4.0,High
V117,B20067,Dosa_Batter,4.474,60.1,1,fridge,30.3,84.4,4.6,12.7,0.34,278.5,155.9,5,4.55,High
V118,B20068,Idly_Batter,4.479,52.2,1,counter,30.0,61.8,5.1,18.2,0.23,265.7,163.8,10,3.36,High
V119,B20069,Idly_Batter,4.45,51.6,0,counter,30.8,54.4,-1.0,12.5,0.22,1590.9,0.0,5,3.68,High
V120,B20070,Combo_Pack,4.474,16.2,1,counter,30.8,61.7,5.7,15.4,0.59,92.9,199.8,1,3.77,Medium
V121,B20071,Combo_Pack,4.462,87.1,1,fridge,30.9,75.3,3.1,43.5,0.24,271.0,128.9,10,3.98,High
V122,B20072,Combo_Pack,4.501,79.8,0,backroom,30.9,56.8,-1.0,28.0,0.31,2462.2,0.0,5,4.57,High
V123,B20073,Idly_Batter,4.48,85.7,0,backroom,27.0,56.7,-1.0,33.5,0.45,2318.7,0.0,2,3.98,High
V124,B20074,Combo_Pack,4.426,51.6,0,counter,28.7,79.7,-1.0,29.4,0.85,1482.8,0.0,2,4.13,High
V100,B20075,Dosa_Batter,4.459,67.7,1,counter,28.1,83.3,6.9,35.4,0.54,467.5,148.3,10,3.78,High
V101,B20076,Idly_Batter,4.474,45.9,0,backroom,30.0,79.4,-1.0,30.1,0.29,1377.4,2.1,5,4.15,High
V102,B20077,Idly_Batter,4.436,93.3,0,backroom,30.7,85.6,-1.0,47.2,0.77,2865.5,0.0,1,4.12,High
V103,B20078,Idly_Batter,4.437,55.2,0,counter,36.9,66.0,-1.0,4.8,0.72,2034.5,0.0,5,4.89,High
V104,B20079,Combo_Pack,4.481,89.0,0,counter,29.6,70.1,-1.0,10.8,0.83,2630.7,0.0,2,3.6,High
V105,B20080,Combo_Pack,4.516,5.3,1,fridge,34.4,74.8,3.5,1.3,0.76,18.5,210.7,2,4.25,Low
V106,B20081,Combo_Pack,4.499,14.8,0,counter,33.9,62.1,-1.0,2.3,0.41,501.6,33.2,5,3.52,High
V107,B20082,Idly_Batter,4.434,71.9,0,counter,32.5,70.8,-1.0,65.3,0.33,2339.0,0.0,2,4.42,High
V108,B20083,Dosa_Batter,4.531,1.1,0,counter,34.6,57.8,-1.0,0.7,0.93,36.8,46.9,1,4.57,Low
V109,B20084,Idly_Batter,4.463,79.8,1,counter,27.3,71.2,7.3,6.7,0.48,585.5,136.2,2,3.62,High
V110,B20085,Combo_Pack,4.503,46.1,1,fridge,31.1,56.3,2.6,32.6,0.58,118.1,169.9,5,3.89,Medium
V111,B20086,Dosa_Batter,4.465,72.8,1,counter,27.4,80.7,3.3,67.1,0.35,239.5,143.2,10,4.39,High
V112,B20087,Combo_Pack,4.465,62.4,0,backroom,28.0,60.5,-1.0,56.3,0.48,1748.7,0.0,5,4.83,High
V113,B20088,Dosa_Batter,4.416,52.8,1,fridge,32.2,73.0,6.7,5.1,0.37,353.8,163.2,2,3.94,High
V114,B20089,Dosa_Batter,4.499,58.0,0,counter,30.5,64.8,-1.0,56.6,0.36,1770.8,0.0,2,4.36,High
V115,B20090,Idly_Batter,4.458,68.5,0,backroom,31.4,83.9,-1.0,8.6,0.08,2151.6,0.0,5,4.51,High
V116,B20091,Idly_Batter,4.443,1.6,0,backroom,33.8,68.7,-1.0,0.3,0.13,53.9,46.4,10,4.39,Medium
V117,B20092,Dosa_Batter,4.441,46.6,0,backroom,31.0,73.3,-1.0,4.3,0.27,1444.9,1.4,1,3.52,High
V118,B20093,Combo_Pack,4.451,41.4,0,counter,30.8,67.3,-1.0,28.5,0.46,1274.9,6.6,5,4.78,High
V119,B20094,Dosa_Batter,4.414,26.5,1,fridge,32.1,79.5,3.4,1.1,0.41,90.0,189.5,5,4.57,Medium
V120,B20095,Idly_Batter,4.457,69.8,1,backroom,30.0,81.9,5.4,69.1,0.34,377.9,146.2,1,3.81,High
V121,B20096,Dosa_Batter,4.443,40.0,1,fridge,27.8,46.3,5.7,19.2,0.76,229.3,176.0,10,4.41,High
V122,B20097,Combo_Pack,4.442,65.7,0,backroom,37.3,65.7,-1.0,19.3,0.45,2451.8,0.0,2,3.44,High
V123,B20098,Combo_Pack,4.474,86.0,0,counter,31.9,70.2,-1.0,50.9,0.33,2744.4,0.0,1,4.26,High
V124,B20099,Combo_Pack,4.435,37.6,0,counter,30.7,56.4,-1.0,16.6,0.38,1155.4,10.4,1,4.59,High
V100,B20100,Idly_Batter,4.437,82.8,0,counter,22.3,61.1,-1.0,40.9,0.79,1844.8,0.0,1,4.09,High
V101,B20101,Dosa_Batter,4.408,86.1,1,counter,31.3,69.2,5.6,6.0,0.12,485.7,129.9,2,3.92,High
V102,B20102,Idly_Batter,4.407,21.6,0,counter,30.3,85.0,-1.0,0.1,0.47,655.5,26.4,5,4.28,High
V103,B20103,Idly_Batter,4.479,22.8,1,backroom,33.5,62.3,2.8,4.3,0.31,63.4,193.2,2,4.17,Low
V104,B20104,Idly_Batter,4.432,89.7,0,counter,31.7,80.2,-1.0,37.8,0.69,2845.8,0.0,2,4.81,High
V105,B20105,Combo_Pack,4.421,24.9,0,counter,34.7,80.6,-1.0,21.4,0.79,864.9,23.1,10,4.94,High
V106,B20106,Dosa_Batter,4.489,9.5,1,fridge,32.2,65.1,6.9,1.8,0.58,65.8,206.5,2,3.71,Medium
V107,B20107,Dosa_Batter,4.484,25.6,0,counter,28.6,74.0,-1.0,2.6,0.33,733.2,22.4,1,4.13,High
V108,B20108,Idly_Batter,4.457,9.2,0,counter,37.5,74.6,-1.0,8.2,0.2,343.3,38.8,1,3.97,High
V109,B20109,Combo_Pack,4.467,85.3,0,backroom,28.0,48.7,-1.0,8.8,0.85,2391.3,0.0,1,4.59,High
V110,B20110,Combo_Pack,4.431,7.3,1,fridge,30.2,73.9,3.4,4.1,0.35,24.5,208.7,2,4.82,Low
V111,B20111,Combo_Pack,4.438,84.0,0,counter,39.0,68.0,-1.0,74.7,0.21,3280.0,0.0,10,3.9,High
V112,B20112,Dosa_Batter,4.399,89.6,1,fridge,24.8,76.5,2.2,39.6,0.2,196.4,126.4,1,3.95,High
V113,B20113,Idly_Batter,4.493,51.8,0,counter,32.9,54.4,-1.0,14.1,0.33,1707.6,0.0,5,4.66,High
V114,B20114,Combo_Pack,4.471,34.9,1,counter,30.1,71.4,8.5,10.8,0.97,297.2,181.1,2,4.11,High
V115,B20115,Idly_Batter,4.443,74.2,1,counter,31.0,64.1,3.3,35.5,0.36,244.8,141.8,10,4.51,High
V116,B20116,Idly_Batter,4.464,82.2,1,backroom,30.3,75.6,5.1,51.2,0.45,421.9,133.8,2,3.79,High
V117,B20117,Idly_Batter,4.467,50.1,1,fridge,28.0,71.7,6.9,22.4,0.34,346.2,165.9,2,4.01,High
V118,B20118,Combo_Pack,4.47,0.9,1,counter,27.6,87.3,2.9,0.3,0.75,2.5,215.1,10,4.63,Low
V119,B20119,Dosa_Batter,4.427,26.7,1,fridge,34.2,74.5,4.3,19.7,0.27,116.0,189.3,10,4.9,Medium
V120,B20120,Combo_Pack,4.432,85.1,1,fridge,22.0,75.0,3.8,40.8,0.34,324.1,130.9,5,3.92,High
V121,B20121,Combo_Pack,4.466,24.2,1,backroom,28.6,69.3,5.2,3.0,0.39,127.1,191.8,5,4.25,Medium
V122,B20122,Combo_Pack,4.449,19.9,0,counter,30.3,71.7,-1.0,6.4,0.06,603.1,28.1,5,3.96,High
V123,B20123,Idly_Batter,4.46,31.7,0,backroom,30.9,66.7,-1.0,3.7,0.78,981.9,16.3,5,3.51,High
V124,B20124,Combo_Pack,4.465,85.5,0,counter,32.2,64.3,-1.0,44.6,0.75,2750.2,0.0,5,4.29,High
V100,B20125,Combo_Pack,4.487,30.5,0,counter,28.8,62.7,-1.0,11.3,0.49,878.6,17.5,2,4.18,High
V101,B20126,Combo_Pack,4.53,59.9,0,backroom,27.6,73.0,-1.0,8.5,0.7,1649.9,0.0,1,3.86,High
V102,B20127,Combo_Pack,4.457,56.1,0,backroom,37.7,81.2,-1.0,14.2,0.26,2114.0,0.0,1,4.21,High
V103,B20128,Dosa_Batter,4.422,61.7,0,backroom,34.1,72.2,-1.0,37.8,0.06,2105.8,0.0,2,4.72,High
V104,B20129,Combo_Pack,4.474,11.8,0,backroom,30.8,81.5,-1.0,10.8,0.13,364.8,36.2,5,3.94,High
V105,B20130,Combo_Pack,4.438,11.8,0,backroom,27.9,70.6,-1.0,9.8,0.83,328.8,36.2,5,4.79,High
V106,B20131,Dosa_Batter,4.411,91.3,0,backroom,37.1,78.9,-1.0,20.3,0.73,3385.5,0.0,10,4.08,High
V107,B20132,Dosa_Batter,4.459,21.1,0,backroom,36.2,69.5,-1.0,1.6,0.6,762.8,26.9,5,4.5,High
V108,B20133,Combo_Pack,4.5,76.9,0,backroom,32.3,60.7,-1.0,66.3,0.43,2482.8,0.0,2,4.32,High
V109,B20134,Dosa_Batter,4.469,24.3,1,fridge,28.6,63.1,6.4,2.0,0.36,156.1,191.7,5,4.15,High
V110,B20135,Dosa_Batter,4.451,94.0,1,fridge,29.6,65.1,5.8,51.5,0.17,543.2,122.0,1,4.86,High
V111,B20136,Dosa_Batter,4.472,71.8,1,backroom,31.4,64.3,6.5,50.6,0.74,468.7,144.2,2,4.35,High
V112,B20137,Combo_Pack,4.454,1.3,1,counter,29.5,59.0,5.4,0.3,0.73,7.2,214.7,10,4.26,Low
V113,B20138,Dosa_Batter,4.487,50.8,1,fridge,29.8,76.2,5.2,20.3,0.05,261.8,165.2,10,4.29,High
V114,B20139,Dosa_Batter,4.441,4.2,0,backroom,33.2,69.7,-1.0,2.3,0.46,140.6,43.8,1,4.38,High
V115,B20140,Combo_Pack,4.434,52.0,1,fridge,30.5,79.4,2.0,33.2,0.69,104.1,164.0,5,3.6,Medium
V116,B20141,Combo_Pack,4.432,73.9,0,counter,31.6,91.8,-1.0,49.9,0.47,2338.5,0.0,5,4.04,High
V117,B20142,Dosa_Batter,4.468,38.6,1,counter,29.2,83.3,3.0,7.1,0.64,115.4,177.4,2,4.09,Medium
V118,B20143,Combo_Pack,4.471,28.0,0,counter,33.1,83.3,-1.0,13.1,0.71,927.3,20.0,1,3.85,High
V119,B20144,Dosa_Batter,4.463,45.1,1,fridge,30.8,62.2,5.2,33.2,0.41,233.8,170.9,5,5.0,High
V120,B20145,Combo_Pack,4.509,22.1,1,counter,24.5,79.8,5.8,8.4,0.86,127.7,193.9,5,4.83,Medium
V121,B20146,Dosa_Batter,4.457,45.0,1,backroom,27.5,68.7,2.2,27.8,0.62,100.0,171.0,1,4.47,Medium
V122,B20147,Combo_Pack,4.531,69.1,1,fridge,25.9,69.2,5.1,14.7,0.74,353.7,146.9,10,4.39,High
V123,B20148,Dosa_Batter,4.483,83.8,1,backroom,30.6,74.0,2.3,34.5,0.88,196.2,132.2,1,3.67,High
V124,B20149,Idly_Batter,4.456,87.2,0,backroom,28.8,89.3,-1.0,45.0,0.58,2514.2,0.0,10,3.98,High
V100,B20150,Idly_Batter,4.445,68.7,0,counter,29.4,66.9,-1.0,25.4,0.43,2022.6,0.0,5,4.2,High
V101,B20151,Idly_Batter,4.431,79.2,1,fridge,28.5,71.1,3.9,24.7,0.28,312.0,136.8,1,4.05,High
V102,B20152,Idly_Batter,4.483,78.1,1,fridge,27.1,73.0,4.7,32.9,0.98,367.8,137.9,5,4.55,High
V103,B20153,Dosa_Batter,4.426,37.9,1,fridge,31.3,75.4,5.2,15.1,0.73,198.2,178.1,5,4.25,High
V104,B20154,Combo_Pack,4.493,95.8,0,counter,30.3,72.6,-1.0,84.8,0.19,2900.1,0.0,5,4.03,High
V105,B20155,Idly_Batter,4.472,45.5,1,counter,39.3,85.7,5.9,41.8,0.63,267.0,170.5,2,4.19,High
V106,B20156,Combo_Pack,4.481,95.7,1,fridge,36.8,58.8,6.9,83.7,0.12,661.5,120.3,10,4.36,High
V107,B20157,Combo_Pack,4.499,38.1,0,counter,34.1,56.3,-1.0,21.2,0.82,1299.5,9.9,10,4.17,High
V108,B20158,Idly_Batter,4.482,56.6,1,fridge,26.0,65.3,7.7,22.2,0.54,437.5,159.4,1,4.37,High
V109,B20159,Dosa_Batter,4.443,53.0,1,counter,34.0,54.8,4.0,46.4,0.37,213.7,163.0,2,4.64,High
V110,B20160,Dosa_Batter,4.457,20.0,1,backroom,36.4,64.0,4.3,4.0,0.58,85.4,196.0,5,4.27,Medium
V111,B20161,Dosa_Batter,4.453,22.9,1,counter,31.9,70.6,5.3,9.6,0.17,121.4,193.1,5,5.0,Medium
V112,B20162,Combo_Pack,4.454,91.2,0,counter,33.3,70.9,-1.0,62.9,0.37,3034.7,0.0,2,4.03,High
V113,B20163,Combo_Pack,4.444,78.8,0,counter,31.4,68.8,-1.0,12.5,0.59,2475.8,0.0,10,3.87,High
V114,B20164,Dosa_Batter,4.399,43.4,1,fridge,32.4,91.4,5.1,14.4,0.75,222.0,172.6,2,4.06,High
V115,B20165,Combo_Pack,4.416,81.0,0,counter,29.8,61.3,-1.0,22.3,0.57,2416.9,0.0,2,4.79,High
V116,B20166,Dosa_Batter,4.447,83.2,1,fridge,32.6,69.6,2.5,43.7,0.15,205.2,132.8,10,3.96,High
V117,B20167,Idly_Batter,4.456,31.5,1,counter,30.6,64.3,5.2,7.5,0.52,165.0,184.5,2,4.14,High
V118,B20168,Idly_Batter,4.495,20.1,1,counter,29.9,75.2,4.3,9.2,0.6,86.3,195.9,5,4.18,Medium
V119,B20169,Combo_Pack,4.477,76.2,1,counter,36.7,61.2,5.1,56.9,0.43,389.6,139.8,1,4.62,High
V120,B20170,Dosa_Batter,4.504,67.8,1,backroom,32.4,55.0,3.1,57.7,0.26,211.9,148.2,1,4.15,High
V121,B20171,Idly_Batter,4.445,25.8,1,counter,26.4,82.0,6.8,16.8,0.41,175.1,190.2,10,4.13,High
V122,B20172,Combo_Pack,4.437,61.9,1,fridge,26.3,65.4,4.6,22.4,0.57,286.1,154.1,2,3.79,High
V123,B20173,Combo_Pack,4.486,94.2,1,fridge,29.5,57.5,5.4,72.3,0.54,504.7,121.8,2,4.4,High
V124,B20174,Combo_Pack,4.454,75.0,1,fridge,29.2,60.8,5.5,46.3,0.37,414.3,141.0,2,4.36,High
V100,B20175,Idly_Batter,4.458,18.7,0,counter,34.2,69.4,-1.0,6.7,0.06,639.1,29.3,1,4.41,High
V101,B20176,Idly_Batter,4.43,43.3,0,counter,33.5,84.7,-1.0,14.9,0.39,1448.8,4.7,10,4.72,High
V102,B20177,Combo_Pack,4.421,46.2,0,counter,28.6,61.8,-1.0,14.8,0.26,1321.5,1.8,1,4.35,High
V103,B20178,Idly_Batter,4.488,71.1,0,backroom,30.8,65.4,-1.0,6.6,0.6,2186.4,0.0,2,4.24,High
V104,B20179,Combo_Pack,4.45,71.5,0,backroom,32.2,54.8,-1.0,5.6,0.51,2300.2,0.0,5,3.41,High
V105,B20180,Combo_Pack,4.452,63.9,0,backroom,33.7,69.6,-1.0,21.3,0.17,2154.9,0.0,10,4.5,High
V106,B20181,Dosa_Batter,4.439,20.8,1,backroom,30.7,80.1,4.5,11.2,0.42,94.5,195.2,10,4.68,Medium
V107,B20182,Idly_Batter,4.47,43.8,0,counter,31.3,73.9,-1.0,28.2,0.43,1373.6,4.2,2,3.36,High
V108,B20183,Combo_Pack,4.495,78.9,1,counter,34.1,59.3,7.1,49.1,0.71,560.1,137.1,5,3.81,High
V109,B20184,Combo_Pack,4.501,49.8,1,counter,25.9,76.4,6.5,2.8,0.05,324.7,166.2,5,4.1,High
V110,B20185,Idly_Batter,4.494,80.0,1,backroom,32.6,77.3,6.3,71.6,0.35,504.7,136.0,2,4.61,High
V111,B20186,Dosa_Batter,4.38,5.1,1,counter,29.6,49.2,4.9,2.1,0.29,25.0,210.9,1,3.95,Low
V112,B20187,Idly_Batter,4.459,95.0,0,counter,32.5,78.5,-1.0,65.9,0.57,3090.6,0.0,10,4.52,High
V113,B20188,Idly_Batter,4.414,7.1,0,counter,29.8,73.3,-1.0,5.0,0.28,212.7,40.9,10,4.14,High
V114,B20189,Combo_Pack,4.514,8.5,0,backroom,31.2,77.2,-1.0,8.0,0.67,264.3,39.5,1,3.58,High
V115,B20190,Combo_Pack,4.428,75.1,0,counter,33.4,82.1,-1.0,52.0,0.44,2505.6,0.0,10,3.44,High
V116,B20191,Combo_Pack,4.427,8.7,0,counter,29.5,80.3,-1.0,3.9,0.65,256.6,39.3,2,4.65,High
V117,B20192,Dosa_Batter,4.484,57.7,1,counter,25.7,63.5,3.9,45.2,0.4,225.7,158.3,1,4.82,High
V118,B20193,Combo_Pack,4.421,79.0,0,backroom,32.9,50.8,-1.0,23.2,0.62,2602.5,0.0,2,3.4,High
V119,B20194,Combo_Pack,4.489,16.6,0,backroom,26.3,62.1,-1.0,12.9,0.7,437.1,31.4,2,3.78,High
V120,B20195,Dosa_Batter,4.474,25.3,1,fridge,24.1,80.9,6.2,14.2,0.08,157.8,190.7,1,4.45,High
V121,B20196,Idly_Batter,4.458,62.7,0,counter,33.5,80.7,-1.0,27.5,0.14,2103.4,0.0,10,4.49,High
V122,B20197,Combo_Pack,4.497,94.3,1,fridge,31.5,63.9,6.2,77.4,0.95,587.2,121.7,1,3.67,High
V123,B20198,Idly_Batter,4.458,76.6,0,counter,30.3,82.5,-1.0,46.1,0.31,2324.1,0.0,5,4.0,High
V124,B20199,Idly_Batter,4.45,79.7,1,counter,33.4,73.9,6.3,39.9,0.53,504.2,136.3,2,3.95,High
V100,B20200,Idly_Batter,4.467,20.5,1,fridge,25.6,73.7,6.1,4.7,0.75,124.8,195.5,1,4.67,Medium
V101,B20201,Dosa_Batter,4.444,42.9,0,counter,29.4,70.1,-1.0,2.4,0.13,1260.7,5.1,2,4.94,High
V102,B20202,Combo_Pack,4.457,59.8,0,backroom,33.7,50.0,-1.0,29.4,0.34,2015.0,0.0,5,3.57,High
V103,B20203,Idly_Batter,4.386,71.9,0,counter,34.1,59.6,-1.0,26.5,0.33,2453.7,0.0,2,4.28,High
V104,B20204,Dosa_Batter,4.464,91.6,1,counter,30.8,62.5,5.2,64.4,0.78,474.5,124.4,10,5.0,High
V105,B20205,Combo_Pack,4.444,11.2,1,backroom,29.7,69.5,4.9,8.0,0.47,54.9,204.8,5,4.29,Low
V106,B20206,Combo_Pack,4.461,11.1,0,counter,29.8,49.2,-1.0,7.5,0.64,330.5,36.9,10,4.15,High
V107,B20207,Dosa_Batter,4.45,78.0,0,backroom,30.7,87.3,-1.0,65.0,0.5,2391.0,0.0,2,3.48,High
V108,B20208,Combo_Pack,4.423,6.6,1,backroom,31.9,74.2,4.7,2.3,0.67,31.1,209.4,1,4.07,Low
V109,B20209,Combo_Pack,4.472,30.8,0,counter,25.9,64.1,-1.0,0.1,0.6,798.3,17.2,2,4.19,High
V110,B20210,Dosa_Batter,4.467,21.7,1,fridge,32.3,65.2,9.0,11.7,0.47,195.4,194.3,5,3.61,High
V111,B20211,Combo_Pack,4.43,87.4,1,counter,31.7,67.0,5.9,7.3,0.1,512.8,128.6,10,3.77,High
V112,B20212,Idly_Batter,4.495,30.8,1,counter,32.1,72.0,4.6,8.5,0.64,140.5,185.2,10,4.3,Medium
V113,B20213,Combo_Pack,4.437,85.5,1,fridge,32.5,57.4,3.7,13.0,0.51,312.9,130.5,5,4.41,High
V114,B20214,Dosa_Batter,4.418,30.4,0,counter,24.2,69.3,-1.0,4.5,0.22,736.1,17.6,5,4.25,High
V115,B20215,Dosa_Batter,4.468,53.6,1,counter,32.8,75.4,6.8,25.3,0.61,362.8,162.4,2,4.62,High
V116,B20216,Idly_Batter,4.453,79.0,1,counter,25.5,77.7,5.5,62.1,0.6,438.2,137.0,1,3.98,High
V117,B20217,Combo_Pack,4.455,3.0,1,counter,35.5,69.0,6.6,1.5,0.43,19.9,213.0,1,4.39,Low
V118,B20218,Combo_Pack,4.502,74.9,1,counter,31.0,95.0,4.2,1.9,0.07,313.9,141.1,1,4.23,High
V119,B20219,Combo_Pack,4.429,13.3,0,counter,29.0,59.0,-1.0,9.8,0.87,385.0,34.7,5,4.44,High
V120,B20220,Idly_Batter,4.441,50.3,1,counter,27.1,94.8,5.2,16.6,0.41,263.2,165.7,5,4.11,High
V121,B20221,Dosa_Batter,4.464,33.7,1,backroom,36.4,76.9,4.2,26.6,0.12,141.7,182.3,2,4.37,Medium
V122,B20222,Combo_Pack,4.445,41.7,1,backroom,24.6,59.4,5.9,36.3,0.65,247.8,174.3,1,5.0,High
V123,B20223,Combo_Pack,4.432,12.1,1,counter,27.4,74.5,5.8,11.3,0.06,70.8,203.9,10,4.65,Medium
V124,B20224,Idly_Batter,4.505,47.6,1,fridge,31.4,63.4,5.1,18.5,0.35,241.0,168.4,5,3.99,High
V100,B20225,Dosa_Batter,4.53,24.3,1,fridge,25.0,78.2,5.0,23.9,0.48,121.3,191.7,10,4.75,Medium
V101,B20226,Idly_Batter,4.454,58.6,0,counter,34.3,53.8,-1.0,7.7,0.39,2011.3,0.0,2,4.04,High
V102,B20227,Idly_Batter,4.501,56.0,1,fridge,32.5,59.2,6.1,9.0,0.32,343.5,160.0,1,4.27,High
V103,B20228,Idly_Batter,4.488,56.6,0,counter,33.9,95.0,-1.0,5.1,0.4,1916.6,0.0,1,4.44,High
V104,B20229,Idly_Batter,4.473,39.2,0,backroom,26.8,61.1,-1.0,35.4,0.68,1053.2,8.8,2,4.72,High
V105,B20230,Combo_Pack,4.508,42.4,1,counter,32.1,58.9,6.0,13.5,0.78,253.2,173.6,1,4.62,High
V106,B20231,Idly_Batter,4.493,20.7,1,counter,33.4,72.3,3.5,4.6,0.41,71.9,195.3,10,4.13,Medium
V107,B20232,Dosa_Batter,4.433,80.4,1,fridge,28.0,60.7,2.0,40.9,0.64,160.9,135.6,10,3.81,High
V108,B20233,Combo_Pack,4.489,47.9,0,counter,27.6,43.9,-1.0,29.5,0.47,1323.2,0.1,10,4.48,High
V109,B20234,Idly_Batter,4.491,30.4,0,counter,30.4,57.1,-1.0,6.8,0.71,923.4,17.6,2,4.06,High
V110,B20235,Combo_Pack,4.426,87.5,1,fridge,36.1,94.0,6.0,54.0,0.53,522.7,128.5,2,4.08,High
V111,B20236,Dosa_Batter,4.473,21.4,0,counter,30.3,54.9,-1.0,1.8,0.29,649.6,26.6,2,3.9,High
V112,B20237,Idly_Batter,4.446,45.9,1,counter,28.3,54.8,4.5,9.2,0.86,208.3,170.1,10,4.6,High
V113,B20238,Idly_Batter,4.427,17.1,1,fridge,30.3,56.1,7.8,1.5,0.41,133.9,198.9,5,4.09,Medium
V114,B20239,Dosa_Batter,4.458,10.3,0,counter,28.1,76.7,-1.0,1.6,0.57,289.4,37.7,2,4.34,High
V115,B20240,Idly_Batter,4.451,53.3,0,counter,29.4,76.3,-1.0,4.7,0.25,1567.8,0.0,2,4.55,High
V116,B20241,Combo_Pack,4.472,61.6,1,counter,32.7,52.2,7.1,26.8,0.37,439.7,154.4,10,3.08,High
V117,B20242,Idly_Batter,4.495,26.3,1,backroom,33.5,79.9,3.6,16.5,0.61,95.2,189.7,1,4.26,Medium
V118,B20243,Dosa_Batter,4.439,26.1,1,counter,31.2,75.8,5.3,16.1,0.54,138.9,189.9,1,4.13,Medium
V119,B20244,Idly_Batter,4.454,74.9,0,backroom,34.0,61.5,-1.0,40.0,0.28,2550.8,0.0,1,4.95,High
V120,B20245,Combo_Pack,4.47,65.7,0,backroom,31.2,95.0,-1.0,63.7,0.72,2046.9,0.0,1,4.47,High
V121,B20246,Dosa_Batter,4.47,66.2,1,fridge,33.6,78.3,6.6,36.4,0.19,436.6,149.8,1,4.36,High
V122,B20247,Idly_Batter,4.494,33.4,1,counter,36.9,76.1,4.8,14.2,0.6,160.7,182.6,2,4.61,High
V123,B20248,Idly_Batter,4.45,34.6,0,backroom,33.3,92.0,-1.0,14.1,0.88,1152.6,13.4,2,3.86,High
V124,B20249,Dosa_Batter,4.478,51.4,0,counter,31.4,65.1,-1.0,23.3,0.13,1612.7,0.0,10,4.47,High
V100,B20250,Idly_Batter,4.467,89.2,0,counter,32.5,45.1,-1.0,51.5,0.29,2898.3,0.0,1,3.64,High
V101,B20251,Combo_Pack,4.463,0.2,1,counter,27.7,63.1,6.4,0.1,0.23,1.3,215.8,2,4.13,Low
V102,B20252,Idly_Batter,4.532,35.5,0,counter,34.7,57.7,-1.0,12.3,0.51,1230.2,12.5,1,3.84,High
V103,B20253,Dosa_Batter,4.462,54.5,1,fridge,32.6,55.5,5.8,3.2,0.55,318.6,161.5,2,4.53,High
V104,B20254,Combo_Pack,4.444,36.8,1,counter,31.2,57.2,2.0,8.4,0.28,73.6,179.2,2,4.13,Medium
V105,B20255,Idly_Batter,4.45,8.7,1,counter,34.8,79.4,4.9,5.7,0.24,43.0,207.3,1,4.01,Low
V106,B20256,Combo_Pack,4.449,81.7,1,fridge,34.0,64.9,4.5,56.5,0.08,365.0,134.3,2,4.21,High
V107,B20257,Idly_Batter,4.463,0.6,1,fridge,31.1,83.5,5.1,0.4,0.68,3.2,215.4,1,4.41,Low
V108,B20258,Dosa_Batter,4.499,60.7,1,counter,33.0,74.0,5.7,4.9,0.17,343.4,155.3,10,3.81,High
V109,B20259,Idly_Batter,4.469,15.7,0,counter,37.7,76.8,-1.0,7.0,0.48,591.5,32.3,2,4.44,High
V110,B20260,Combo_Pack,4.436,51.5,0,counter,34.7,60.5,-1.0,38.9,0.81,1788.1,0.0,5,3.63,High
V111,B20261,Idly_Batter,4.44,43.4,0,backroom,34.4,56.2,-1.0,8.8,0.74,1493.4,4.6,2,4.68,High
V112,B20262,Combo_Pack,4.455,12.1,1,counter,31.0,60.6,2.7,9.7,0.42,33.2,203.9,2,3.82,Low
V113,B20263,Combo_Pack,4.446,38.5,1,fridge,35.1,66.6,7.5,2.4,0.55,288.3,177.5,1,4.34,High
V114,B20264,Dosa_Batter,4.475,29.2,1,fridge,35.7,74.0,4.5,26.6,0.47,130.8,186.8,2,3.89,Medium
V115,B20265,Dosa_Batter,4.501,26.8,1,backroom,27.7,74.4,4.2,26.6,0.18,112.8,189.2,5,3.79,Medium
V116,B20266,Dosa_Batter,4.424,83.8,0,backroom,27.6,62.4,-1.0,21.5,0.23,2315.9,0.0,5,4.5,High
V117,B20267,Combo_Pack,4.484,48.4,0,counter,36.7,75.3,-1.0,12.8,0.73,1775.0,0.0,2,4.29,High
V118,B20268,Dosa_Batter,4.44,4.5,1,fridge,35.7,77.1,2.2,0.6,0.74,9.7,211.5,1,4.13,Low
V119,B20269,Dosa_Batter,4.443,14.5,0,counter,22.5,62.8,-1.0,13.6,0.67,324.9,33.5,5,4.65,High
V120,B20270,Idly_Batter,4.469,57.7,0,backroom,33.0,59.0,-1.0,11.8,0.16,1903.7,0.0,1,4.8,High
V121,B20271,Combo_Pack,4.447,45.1,1,backroom,29.5,83.3,6.3,0.2,0.73,282.1,170.9,2,3.72,High
V122,B20272,Idly_Batter,4.419,54.5,0,backroom,23.6,40.9,-1.0,51.0,0.25,1288.8,0.0,5,3.75,High
V123,B20273,Dosa_Batter,4.447,50.9,1,counter,32.6,57.0,3.9,14.7,0.34,196.8,165.1,10,4.98,High
V124,B20274,Dosa_Batter,4.471,64.8,1,counter,28.3,53.1,7.7,8.9,0.18,499.6,151.2,10,4.61,High
V100,B20275,Idly_Batter,4.436,66.8,0,counter,28.9,78.4,-1.0,64.3,0.49,1927.8,0.0,1,4.81,High
V101,B20276,Idly_Batter,4.469,69.3,1,counter,31.6,78.1,5.5,12.7,0.19,379.3,146.7,2,3.24,High
V102,B20277,Combo_Pack,4.475,77.7,1,fridge,25.5,64.5,2.0,19.1,0.53,155.3,138.3,2,4.14,High
V103,B20278,Combo_Pack,4.47,79.1,1,fridge,31.5,61.9,4.6,73.8,0.36,361.5,136.9,1,4.25,High
V104,B20279,Combo_Pack,4.472,33.9,0,counter,25.7,78.3,-1.0,17.0,0.4,872.0,14.1,2,4.18,High
V105,B20280,Idly_Batter,4.459,34.6,1,backroom,29.5,80.3,4.8,16.1,0.58,167.7,181.4,2,4.22,High
V106,B20281,Dosa_Batter,4.434,62.5,0,counter,30.8,66.5,-1.0,25.6,0.69,1927.0,0.0,5,4.0,High
V107,B20282,Combo_Pack,4.402,35.5,1,counter,32.9,84.7,7.7,21.6,0.62,272.8,180.5,10,4.81,High
V108,B20283,Idly_Batter,4.496,60.4,1,fridge,29.4,66.5,5.1,45.2,0.42,310.6,155.6,10,4.29,High
V109,B20284,Dosa_Batter,4.453,58.2,1,backroom,30.1,68.5,9.0,46.7,0.43,523.8,157.8,10,4.02,High
V110,B20285,Combo_Pack,4.43,73.8,1,counter,31.4,69.2,5.3,19.1,0.89,390.2,142.2,5,3.45,High
V111,B20286,Idly_Batter,4.47,45.2,0,backroom,29.0,56.9,-1.0,6.6,0.68,1308.4,2.8,1,3.63,High
V112,B20287,Combo_Pack,4.493,84.7,0,backroom,29.9,66.3,-1.0,40.5,0.07,2534.2,0.0,1,4.81,High
V113,B20288,Combo_Pack,4.478,13.7,1,backroom,31.0,78.7,5.9,12.8,0.82,80.9,202.3,5,4.49,Medium
V114,B20289,Dosa_Batter,4.526,90.3,1,backroom,30.8,74.6,4.2,13.1,0.53,382.2,125.7,1,4.59,High
V115,B20290,Combo_Pack,4.451,89.8,0,backroom,27.3,76.7,-1.0,67.9,0.29,2450.8,0.0,10,3.78,High
V116,B20291,Combo_Pack,4.429,36.8,1,counter,28.9,79.4,3.7,25.7,0.39,136.5,179.2,5,4.1,High
V117,B20292,Dosa_Batter,4.488,71.3,0,counter,31.1,65.3,-1.0,0.5,0.81,2212.9,0.0,10,4.02,High
V118,B20293,Idly_Batter,4.472,53.2,0,counter,30.1,53.3,-1.0,23.3,0.68,1603.0,0.0,1,4.67,High
V119,B20294,Idly_Batter,4.413,13.0,0,backroom,29.5,63.1,-1.0,3.6,0.49,382.3,35.0,2,4.64,High
V120,B20295,Idly_Batter,4.448,55.8,0,backroom,29.4,69.9,-1.0,50.7,0.41,1639.2,0.0,2,4.0,High
V121,B20296,Combo_Pack,4.45,39.6,0,backroom,30.6,75.3,-1.0,22.2,0.4,1213.5,8.4,5,4.58,High
V122,B20297,Combo_Pack,4.44,2.6,0,backroom,32.9,40.0,-1.0,2.3,0.82,84.9,45.4,2,4.15,Medium
V123,B20298,Idly_Batter,4.439,43.3,1,backroom,33.1,71.7,5.5,29.5,0.23,240.0,172.7,5,4.48,High
V124,B20299,Combo_Pack,4.447,8.9,0,counter,34.0,69.5,-1.0,8.4,0.32,301.2,39.1,1,4.67,High
V100,B20300,Dosa_Batter,4.434,39.0,0,backroom,30.7,69.8,-1.0,3.7,0.57,1197.3,9.0,2,3.85,High
V101,B20301,Dosa_Batter,4.394,3.5,1,counter,34.8,75.5,3.6,2.7,0.17,12.4,212.5,10,4.74,Low
V102,B20302,Idly_Batter,4.44,46.9,1,counter,38.9,61.1,4.3,28.6,0.66,199.2,169.1,2,5.0,High
V103,B20303,Idly_Batter,4.446,75.9,1,backroom,33.0,80.3,6.1,21.9,0.39,464.8,140.1,5,4.53,High
V104,B20304,Combo_Pack,4.482,44.0,0,counter,31.8,57.3,-1.0,28.4,0.55,1397.7,4.0,1,4.69,High
V105,B20305,Dosa_Batter,4.459,89.3,1,counter,30.4,65.2,8.1,64.9,0.55,722.9,126.7,1,4.03,High
V106,B20306,Combo_Pack,4.488,77.3,0,backroom,30.1,57.8,-1.0,57.3,0.73,2330.0,0.0,1,4.28,High
V107,B20307,Dosa_Batter,4.446,32.1,0,counter,29.8,77.4,-1.0,24.1,0.33,957.9,15.9,5,4.96,High
V108,B20308,Combo_Pack,4.433,51.8,0,counter,30.2,51.9,-1.0,43.0,0.61,1565.9,0.0,10,3.95,High
V109,B20309,Idly_Batter,4.446,87.5,0,counter,30.6,77.3,-1.0,52.2,0.75,2677.4,0.0,10,4.24,High
V110,B20310,Combo_Pack,4.46,30.3,1,backroom,28.6,66.3,6.9,20.5,0.76,208.6,185.7,10,4.97,High
V111,B20311,Dosa_Batter,4.462,47.3,0,backroom,31.8,76.2,-1.0,19.8,0.22,1503.1,0.7,1,4.41,High
V112,B20312,Idly_Batter,4.436,95.8,1,fridge,28.0,75.8,3.9,59.1,0.59,376.2,120.2,10,3.63,High
V113,B20313,Dosa_Batter,4.425,69.0,0,counter,31.9,74.4,-1.0,8.8,0.3,2201.8,0.0,10,4.52,High
V114,B20314,Dosa_Batter,4.446,34.3,0,counter,29.9,72.4,-1.0,23.1,0.57,1026.4,13.7,5,3.77,High
V115,B20315,Idly_Batter,4.44,19.5,1,backroom,24.4,69.8,4.4,10.6,0.89,85.7,196.5,1,4.31,Medium
V116,B20316,Dosa_Batter,4.439,61.4,1,backroom,33.3,67.5,5.6,22.6,0.62,341.6,154.6,10,4.34,High
V117,B20317,Idly_Batter,4.432,20.0,1,backroom,26.8,77.9,5.1,0.5,0.43,102.4,196.0,10,4.49,Medium
V118,B20318,Idly_Batter,4.475,28.1,0,counter,38.5,79.7,-1.0,25.9,0.21,1081.9,19.9,1,4.34,High
V119,B20319,Idly_Batter,4.436,65.3,0,backroom,33.8,78.7,-1.0,58.8,0.35,2207.6,0.0,10,4.66,High
V120,B20320,Dosa_Batter,4.468,59.6,0,backroom,38.8,69.0,-1.0,26.5,0.05,2310.8,0.0,2,3.62,High
V121,B20321,Idly_Batter,4.45,19.1,1,backroom,32.9,70.9,4.1,18.9,0.14,78.6,196.9,2,4.39,Medium
V122,B20322,Dosa_Batter,4.441,3.0,0,backroom,28.1,79.0,-1.0,0.6,0.36,84.4,45.0,2,4.23,Medium
V123,B20323,Dosa_Batter,4.516,7.5,0,counter,34.5,78.7,-1.0,0.4,0.7,258.4,40.5,5,4.31,High
V124,B20324,Combo_Pack,4.425,56.9,0,backroom,33.8,75.4,-1.0,46.6,0.68,1921.5,0.0,1,3.39,High
V100,B20325,Combo_Pack,4.472,44.9,1,counter,32.5,89.0,4.2,38.2,0.86,186.4,171.1,1,4.28,High
V101,B20326,Idly_Batter,4.518,54.5,0,counter,30.3,76.6,-1.0,5.4,0.29,1654.5,0.0,10,3.97,High
V102,B20327,Idly_Batter,4.432,82.7,1,counter,30.1,56.2,6.0,47.1,0.67,498.0,133.3,2,4.69,High
V103,B20328,Idly_Batter,4.45,31.5,1,fridge,30.8,73.1,3.2,3.0,0.81,102.0,184.5,1,4.71,Medium
V104,B20329,Idly_Batter,4.393,18.4,1,fridge,28.3,61.7,5.2,12.5,0.3,95.0,197.6,2,4.1,Medium
V105,B20330,Idly_Batter,4.487,82.4,0,backroom,32.4,52.9,-1.0,36.2,0.72,2668.6,0.0,2,3.92,High
V106,B20331,Combo_Pack,4.541,82.7,1,fridge,30.0,80.9,4.4,5.7,0.18,361.1,133.3,5,4.39,High
V107,B20332,Combo_Pack,4.485,93.7,1,backroom,27.1,66.4,2.0,77.0,0.19,187.5,122.3,1,4.02,High
V108,B20333,Combo_Pack,4.446,1.4,1,counter,32.5,73.1,5.6,0.7,0.66,7.9,214.6,2,4.04,Low
V109,B20334,Combo_Pack,4.479,14.8,0,counter,32.5,80.9,-1.0,4.0,0.48,479.7,33.2,5,4.23,High
V110,B20335,Idly_Batter,4.484,7.8,1,counter,30.7,95.0,6.3,1.4,0.47,48.7,208.2,10,4.38,Low
V111,B20336,Combo_Pack,4.466,85.9,0,backroom,34.3,79.4,-1.0,46.5,0.3,2943.1,0.0,10,4.03,High
V112,B20337,Combo_Pack,4.438,12.8,1,fridge,29.1,65.3,4.8,8.1,0.41,61.0,203.2,1,3.88,Low
V113,B20338,Dosa_Batter,4.452,26.3,1,backroom,26.7,80.6,3.4,9.0,0.36,90.5,189.7,1,3.72,Medium
V114,B20339,Idly_Batter,4.498,88.5,1,counter,29.7,67.4,6.5,0.4,0.28,577.9,127.5,10,3.15,High
V115,B20340,Combo_Pack,4.51,23.0,0,backroom,30.5,77.2,-1.0,12.2,0.33,701.9,25.0,5,3.85,High
V116,B20341,Dosa_Batter,4.437,59.2,1,counter,35.6,71.1,2.4,7.1,0.64,144.5,156.8,5,4.33,Medium
V117,B20342,Dosa_Batter,4.44,13.2,0,backroom,35.5,73.0,-1.0,0.1,0.8,466.8,34.8,1,4.79,High
V118,B20343,Combo_Pack,4.492,43.9,1,counter,29.7,62.0,6.7,5.2,0.55,292.3,172.1,1,4.14,High
V119,B20344,Dosa_Batter,4.442,92.4,1,counter,28.3,65.8,2.5,8.8,0.36,230.4,123.6,5,4.15,High
V120,B20345,Combo_Pack,4.498,82.9,1,counter,24.2,72.0,6.7,20.3,0.67,556.8,133.1,2,3.86,High
V121,B20346,Dosa_Batter,4.447,16.6,0,counter,34.1,72.7,-1.0,5.5,0.64,567.9,31.4,10,3.74,High
V122,B20347,Idly_Batter,4.46,65.7,1,fridge,26.3,71.9,5.6,7.9,0.23,366.0,150.3,1,4.2,High
V123,B20348,Dosa_Batter,4.453,88.9,1,backroom,27.8,64.8,4.5,60.4,0.93,396.1,127.1,2,4.18,High
V124,B20349,Dosa_Batter,4.441,56.5,0,backroom,33.4,83.3,-1.0,18.7,0.67,1884.8,0.0,2,4.48,High
V100,B20350,Combo_Pack,4.48,72.0,1,counter,30.1,69.0,4.3,65.5,0.56,310.2,144.0,10,4.52,High
V101,B20351,Idly_Batter,4.499,82.1,1,backroom,34.1,75.7,7.0,3.8,0.32,578.3,133.9,1,4.56,High
V102,B20352,Idly_Batter,4.459,34.0,0,counter,28.1,65.2,-1.0,20.3,0.3,954.6,14.0,1,4.26,High
V103,B20353,Idly_Batter,4.467,8.6,1,fridge,30.0,75.2,7.4,4.7,0.26,63.4,207.4,10,4.25,Medium
V104,B20354,Combo_Pack,4.405,84.2,0,counter,30.4,79.0,-1.0,7.0,0.24,2561.5,0.0,2,3.99,High
V105,B20355,Idly_Batter,4.407,51.7,0,backroom,31.8,61.2,-1.0,50.1,0.6,1645.0,0.0,10,4.29,High
V106,B20356,Idly_Batter,4.446,12.0,0,counter,33.0,61.7,-1.0,0.4,0.52,393.9,36.0,10,3.96,High
V107,B20357,Dosa_Batter,4.512,16.8,1,backroom,33.7,65.3,6.4,16.5,0.31,107.1,199.2,1,3.6,Medium
V108,B20358,Dosa_Batter,4.531,79.0,1,fridge,29.0,41.2,4.7,51.7,0.26,368.2,137.0,10,4.84,High
V109,B20359,Idly_Batter,4.415,65.6,0,counter,38.3,67.0,-1.0,52.2,0.54,2513.9,0.0,1,3.6,High
V110,B20360,Combo_Pack,4.435,31.6,1,fridge,30.0,95.0,5.2,13.1,0.42,163.0,184.4,1,4.42,High
V111,B20361,Idly_Batter,4.441,51.0,1,fridge,28.5,83.0,3.6,41.6,0.44,184.0,165.0,10,4.13,High
V112,B20362,Combo_Pack,4.506,53.8,1,counter,35.1,88.3,3.3,7.7,0.71,179.2,162.2,5,4.13,High
V113,B20363,Dosa_Batter,4.531,69.3,1,counter,33.7,74.7,5.9,53.7,0.25,406.3,146.7,2,3.99,High
V114,B20364,Idly_Batter,4.434,47.3,1,fridge,37.1,72.9,2.5,10.5,0.15,118.3,168.7,5,4.11,Medium
V115,B20365,Idly_Batter,4.474,35.9,0,counter,32.7,55.5,-1.0,21.1,0.45,1173.5,12.1,1,3.78,High
V116,B20366,Combo_Pack,4.455,72.6,0,backroom,32.1,80.5,-1.0,35.1,0.64,2327.3,0.0,1,4.24,High
V117,B20367,Idly_Batter,4.473,6.0,0,backroom,32.5,84.0,-1.0,1.0,0.54,196.6,42.0,5,3.85,High
V118,B20368,Idly_Batter,4.486,51.5,1,fridge,29.9,78.7,5.5,28.6,0.46,283.2,164.5,2,4.22,High
V119,B20369,Idly_Batter,4.471,62.4,1,backroom,30.5,66.5,3.3,42.0,0.65,205.6,153.6,5,3.87,High
V120,B20370,Combo_Pack,4.495,58.5,1,counter,27.4,56.5,4.0,0.7,0.38,234.6,157.5,1,4.15,High
V121,B20371,Combo_Pack,4.483,53.7,0,backroom,26.2,70.3,-1.0,47.7,0.94,1408.9,0.0,1,4.56,High
V122,B20372,Combo_Pack,4.487,27.3,1,backroom,33.9,43.9,6.8,10.8,0.51,186.7,188.7,5,4.31,High
V123,B20373,Dosa_Batter,4.438,94.4,1,backroom,34.6,67.9,5.0,18.5,0.52,471.8,121.6,1,4.29,High
V124,B20374,Dosa_Batter,4.468,82.6,1,counter,29.0,84.5,3.3,81.4,0.68,270.0,133.4,10,4.36,High
V100,B20375,Combo_Pack,4.445,85.2,1,fridge,30.9,71.7,2.0,82.1,0.51,170.3,130.8,1,4.0,High
V101,B20376,Dosa_Batter,4.484,2.9,1,backroom,29.4,72.5,6.4,1.7,0.61,18.6,213.1,5,4.57,Low
V102,B20377,Combo_Pack,4.479,35.7,0,counter,34.7,67.7,-1.0,4.3,0.52,1241.2,12.3,2,3.8,High
V103,B20378,Combo_Pack,4.425,41.0,0,counter,30.3,83.7,-1.0,32.7,0.93,1242.2,7.0,2,4.65,High
V104,B20379,Idly_Batter,4.416,44.8,1,backroom,31.3,87.2,2.9,9.4,0.1,130.9,171.2,10,4.0,Medium
V105,B20380,Dosa_Batter,4.475,8.8,1,counter,34.3,78.3,2.6,5.8,0.23,22.6,207.2,1,4.28,Low
V106,B20381,Idly_Batter,4.49,16.1,1,counter,31.0,64.5,5.6,7.5,0.55,90.2,199.9,1,4.26,Medium
V107,B20382,Dosa_Batter,4.487,31.3,1,fridge,32.2,75.9,6.3,25.0,0.68,198.4,184.7,5,4.62,High
V108,B20383,Idly_Batter,4.416,44.5,1,counter,26.6,76.9,6.2,26.2,0.6,276.1,171.5,5,5.0,High
V109,B20384,Combo_Pack,4.444,2.7,1,counter,27.6,64.9,6.4,2.6,0.24,17.2,213.3,1,4.19,Low
V110,B20385,Idly_Batter,4.512,32.7,0,counter,28.5,77.8,-1.0,24.1,0.89,932.5,15.3,1,4.69,High
V111,B20386,Combo_Pack,4.437,32.4,1,counter,31.4,62.0,7.6,9.1,0.61,244.5,183.6,5,3.86,High
V112,B20387,Combo_Pack,4.402,34.6,1,counter,29.8,61.6,3.9,6.2,0.42,134.7,181.4,1,4.37,Medium
V113,B20388,Dosa_Batter,4.412,47.3,0,backroom,23.8,94.5,-1.0,42.0,0.88,1126.3,0.7,5,4.3,High
V114,B20389,Idly_Batter,4.5,60.2,1,counter,30.3,72.4,3.7,55.2,0.76,223.9,155.8,1,3.34,High
V115,B20390,Idly_Batter,4.48,70.3,0,counter,30.9,85.2,-1.0,22.4,0.47,2174.9,0.0,1,3.71,High
V116,B20391,Dosa_Batter,4.437,91.2,1,counter,30.0,80.0,2.1,86.5,0.38,194.7,124.8,2,4.32,High
V117,B20392,Dosa_Batter,4.462,73.2,1,backroom,33.6,74.6,5.6,30.4,0.36,408.2,142.8,10,3.94,High
V118,B20393,Idly_Batter,4.397,90.5,0,backroom,32.5,77.1,-1.0,17.3,0.61,2944.2,0.0,1,3.96,High
V119,B20394,Dosa_Batter,4.49,35.4,0,counter,31.4,68.3,-1.0,7.1,0.23,1113.0,12.6,1,4.37,High
V120,B20395,Idly_Batter,4.489,33.4,1,counter,30.0,65.9,7.4,25.4,0.41,246.8,182.6,2,4.12,High
V121,B20396,Dosa_Batter,4.423,17.6,1,fridge,26.8,75.0,5.4,2.1,0.18,95.1,198.4,10,4.28,Medium
V122,B20397,Idly_Batter,4.518,57.1,1,counter,31.7,52.2,6.1,28.5,0.59,346.7,158.9,10,4.74,High
V123,B20398,Dosa_Batter,4.444,70.6,1,counter,34.3,62.4,7.1,27.8,0.54,497.9,145.4,2,3.83,High
V124,B20399,Dosa_Batter,4.507,0.9,0,backroom,36.1,56.1,-1.0,0.1,0.43,30.8,47.1,1,5.0,Low
V100,B20400,Idly_Batter,4.442,91.7,0,counter,37.4,65.5,-1.0,80.1,0.78,3425.3,0.0,5,4.69,High
V101,B20401,Dosa_Batter,4.443,64.2,1,backroom,32.4,65.4,6.1,25.0,0.46,392.8,151.8,5,4.07,High
V102,B20402,Dosa_Batter,4.439,55.9,0,counter,33.7,61.0,-1.0,35.8,0.73,1886.4,0.0,2,4.54,High
V103,B20403,Combo_Pack,4.48,28.0,0,counter,32.8,56.5,-1.0,2.1,0.04,917.2,20.0,1,3.99,High
V104,B20404,Idly_Batter,4.449,60.4,0,backroom,26.4,57.6,-1.0,35.1,0.55,1594.2,0.0,10,3.58,High
V105,B20405,Combo_Pack,4.437,7.4,0,counter,28.6,81.0,-1.0,5.4,0.23,210.5,40.6,10,4.01,High
V106,B20406,Dosa_Batter,4.451,29.4,0,backroom,32.3,83.2,-1.0,15.3,0.33,949.8,18.6,5,3.93,High
V107,B20407,Combo_Pack,4.501,35.0,0,counter,29.6,60.2,-1.0,28.1,0.02,1036.3,13.0,10,4.89,High
V108,B20408,Dosa_Batter,4.413,75.7,1,counter,29.1,63.3,3.8,43.0,0.52,290.9,140.3,1,4.52,High
V109,B20409,Dosa_Batter,4.475,8.3,1,counter,28.2,68.7,2.3,1.9,0.97,19.4,207.7,5,4.31,Low
V110,B20410,Combo_Pack,4.425,71.9,1,counter,30.1,74.9,4.7,32.0,0.39,336.1,144.1,1,3.46,High
V111,B20411,Idly_Batter,4.431,19.2,0,counter,33.3,68.0,-1.0,1.6,0.49,639.0,28.8,1,4.08,High
V112,B20412,Idly_Batter,4.5,35.5,1,fridge,36.5,64.3,6.6,5.3,0.58,235.1,180.5,2,4.01,High
V113,B20413,Combo_Pack,4.475,53.5,1,counter,33.5,74.3,4.4,18.8,0.84,235.3,162.5,1,4.3,High
V114,B20414,Idly_Batter,4.408,91.3,1,counter,32.2,61.3,4.1,89.4,0.64,374.6,124.7,1,3.4,High
V115,B20415,Idly_Batter,4.436,20.3,1,counter,30.0,64.1,3.6,0.3,0.54,73.8,195.7,5,4.88,Medium
V116,B20416,Idly_Batter,4.457,46.6,0,backroom,33.2,75.6,-1.0,45.0,0.34,1545.6,1.4,10,4.4,High
V117,B20417,Idly_Batter,4.478,85.4,0,counter,32.3,67.3,-1.0,31.3,0.19,2760.8,0.0,10,4.27,High
V118,B20418,Combo_Pack,4.432,69.6,0,backroom,27.2,56.8,-1.0,58.8,0.41,1895.9,0.0,2,3.95,High
V119,B20419,Combo_Pack,4.431,52.2,1,fridge,27.1,67.2,3.6,1.9,0.29,185.4,163.8,5,4.91,High
V120,B20420,Combo_Pack,4.505,27.5,0,counter,33.0,68.1,-1.0,3.0,0.64,905.1,20.5,1,4.13,High
V121,B20421,Idly_Batter,4.432,43.2,1,fridge,27.9,74.3,6.3,7.5,0.29,270.7,172.8,10,4.39,High
V122,B20422,Idly_Batter,4.474,4.9,0,backroom,31.7,83.1,-1.0,3.0,0.47,154.1,43.1,1,3.94,High
V123,B20423,Idly_Batter,4.486,10.5,1,backroom,30.8,83.4,3.2,8.1,0.38,33.4,205.5,2,4.67,Low
V124,B20424,Dosa_Batter,4.415,54.7,1,fridge,36.6,66.2,7.1,22.8,0.42,387.5,161.3,2,4.53,High
V100,B20425,Combo_Pack,4.535,9.5,1,backroom,27.8,65.8,4.8,6.3,0.83,45.3,206.5,10,3.79,Low
V101,B20426,Combo_Pack,4.484,80.2,0,counter,28.7,50.0,-1.0,59.4,0.5,2301.0,0.0,10,3.82,High
V102,B20427,Combo_Pack,4.417,57.5,1,backroom,28.7,57.5,5.0,19.8,0.31,285.4,158.5,2,4.45,High
V103,B20428,Idly_Batter,4.434,91.6,0,counter,30.8,52.0,-1.0,69.7,0.41,2821.4,0.0,2,4.33,High
V104,B20429,Idly_Batter,4.448,19.2,0,counter,32.1,84.1,-1.0,17.5,0.56,615.7,28.8,2,4.82,High
V105,B20430,Idly_Batter,4.459,73.5,1,fridge,26.7,74.0,3.5,0.5,0.38,256.7,142.5,10,4.19,High
V106,B20431,Dosa_Batter,4.473,41.8,1,backroom,31.9,70.2,3.3,18.8,0.79,140.1,174.2,1,3.56,Medium
V107,B20432,Idly_Batter,4.464,84.6,0,counter,34.5,71.6,-1.0,83.3,0.27,2914.7,0.0,2,5.0,High
V108,B20433,Dosa_Batter,4.437,93.1,1,fridge,31.3,71.5,6.4,73.9,0.93,591.8,122.9,10,3.6,High
V109,B20434,Dosa_Batter,4.488,85.2,0,counter,30.0,68.2,-1.0,55.7,0.8,2557.8,0.0,2,4.25,High
V110,B20435,Combo_Pack,4.405,31.0,0,counter,31.1,76.0,-1.0,14.3,0.53,965.3,17.0,2,3.85,High
V111,B20436,Combo_Pack,4.427,38.7,1,counter,34.9,57.4,4.8,2.7,0.92,187.3,177.3,10,4.56,High
V112,B20437,Dosa_Batter,4.454,72.8,0,counter,28.6,55.8,-1.0,15.1,0.89,2079.1,0.0,5,3.45,High
V113,B20438,Combo_Pack,4.435,87.2,1,backroom,28.4,83.3,5.5,24.4,0.75,481.3,128.8,2,4.36,High
V114,B20439,Idly_Batter,4.447,74.6,1,fridge,35.6,76.9,2.6,28.7,0.31,195.7,141.4,10,4.48,High
V115,B20440,Combo_Pack,4.489,7.5,1,backroom,33.9,85.7,6.7,2.2,0.73,50.2,208.5,10,4.41,Low
V116,B20441,Idly_Batter,4.414,26.5,1,counter,31.3,54.2,5.5,7.6,0.07,145.3,189.5,5,3.55,Medium
V117,B20442,Dosa_Batter,4.46,48.9,0,backroom,32.0,61.4,-1.0,47.3,0.44,1563.9,0.0,5,3.71,High
V118,B20443,Combo_Pack,4.444,0.4,0,counter,27.2,69.9,-1.0,0.3,0.05,11.0,47.6,5,3.76,Low
V119,B20444,Idly_Batter,4.482,25.2,1,counter,33.1,82.1,4.9,1.3,0.77,123.8,190.8,1,3.74,Medium
V120,B20445,Idly_Batter,4.453,12.1,0,counter,24.9,73.0,-1.0,3.0,0.67,302.9,35.9,5,4.44,High
V121,B20446,Idly_Batter,4.487,7.9,0,counter,31.4,67.0,-1.0,4.0,0.49,249.4,40.1,10,4.07,High
V122,B20447,Idly_Batter,4.456,62.5,0,counter,28.9,80.0,-1.0,46.6,0.82,1805.7,0.0,2,3.99,High
V123,B20448,Dosa_Batter,4.431,39.1,1,fridge,30.7,68.8,5.1,7.7,0.55,198.1,176.9,5,4.15,High
V124,B20449,Dosa_Batter,4.413,50.0,0,counter,28.5,71.1,-1.0,20.4,0.96,1423.5,0.0,10,3.7,High
V100,B20450,Combo_Pack,4.453,69.0,1,backroom,27.8,67.0,2.5,14.0,0.19,175.3,147.0,10,4.53,High
V101,B20451,Dosa_Batter,4.466,83.8,0,counter,30.1,81.9,-1.0,60.4,0.32,2523.4,0.0,10,4.84,High
V102,B20452,Combo_Pack,4.428,62.1,0,backroom,31.6,53.9,-1.0,16.8,0.85,1959.8,0.0,1,3.83,High
V103,B20453,Combo_Pack,4.487,90.6,1,counter,31.9,64.1,4.0,90.0,0.77,364.6,125.4,5,3.44,High
V104,B20454,Combo_Pack,4.424,8.2,0,counter,34.1,68.3,-1.0,3.9,0.97,279.0,39.8,5,4.18,High
V105,B20455,Combo_Pack,4.476,71.0,1,fridge,34.8,74.9,3.6,30.6,0.61,259.0,145.0,1,3.92,High
V106,B20456,Idly_Batter,4.49,45.7,0,backroom,30.1,63.1,-1.0,10.9,0.9,1373.9,2.3,10,4.36,High
V107,B20457,Combo_Pack,4.438,79.7,1,counter,27.3,65.4,6.7,32.4,0.96,538.1,136.3,1,3.98,High
V108,B20458,Idly_Batter,4.447,25.1,0,backroom,29.7,72.3,-1.0,16.7,0.94,745.7,22.9,1,4.16,High
V109,B20459,Idly_Batter,4.49,72.5,1,fridge,28.6,70.0,9.0,67.5,0.1,649.7,143.5,10,4.34,High
V110,B20460,Idly_Batter,4.461,46.4,1,fridge,35.4,68.6,6.3,41.4,0.06,293.0,169.6,1,4.23,High
V111,B20461,Dosa_Batter,4.405,87.3,1,counter,30.7,82.2,5.3,60.0,0.64,467.1,128.7,1,4.2,High
V112,B20462,Combo_Pack,4.467,57.6,1,counter,31.4,66.7,5.8,6.8,0.73,335.5,158.4,2,4.32,High
V113,B20463,Idly_Batter,4.426,35.3,0,counter,33.4,69.1,-1.0,33.6,0.34,1177.1,12.7,2,4.16,High
V114,B20464,Combo_Pack,4.435,37.9,0,counter,32.5,95.0,-1.0,28.2,0.52,1229.9,10.1,10,3.62,High
V115,B20465,Idly_Batter,4.422,53.9,0,counter,29.6,84.7,-1.0,28.4,0.65,1592.1,0.0,1,4.71,High
V116,B20466,Idly_Batter,4.51,40.4,0,backroom,32.1,76.3,-1.0,22.7,0.56,1296.0,7.6,10,3.92,High
V117,B20467,Dosa_Batter,4.491,3.3,1,backroom,24.8,52.3,6.2,2.6,0.78,20.7,212.7,1,3.89,Low
V118,B20468,Idly_Batter,4.5,83.9,0,counter,36.0,52.8,-1.0,45.5,0.68,3018.2,0.0,5,3.86,High
V119,B20469,Idly_Batter,4.462,31.7,1,fridge,33.7,69.0,4.2,30.9,0.68,133.1,184.3,2,4.08,Medium
V120,B20470,Idly_Batter,4.456,90.1,1,counter,33.1,67.7,5.1,61.0,0.85,463.0,125.9,5,4.37,High
V121,B20471,Dosa_Batter,4.481,38.9,0,backroom,29.6,69.9,-1.0,15.6,0.56,1150.7,9.1,5,3.59,High
V122,B20472,Dosa_Batter,4.49,56.5,0,counter,31.9,64.0,-1.0,44.4,0.2,1804.8,0.0,5,3.9,High
V123,B20473,Idly_Batter,4.476,24.1,0,backroom,27.9,58.8,-1.0,22.6,0.34,673.4,23.9,5,4.8,High
V124,B20474,Combo_Pack,4.496,53.3,0,backroom,37.1,66.1,-1.0,23.6,0.36,1974.1,0.0,1,4.66,High
V100,B20475,Dosa_Batter,4.437,49.2,0,counter,30.9,69.9,-1.0,30.3,0.16,1521.6,0.0,5,4.23,High
V101,B20476,Dosa_Batter,4.446,25.6,1,fridge,28.2,71.0,5.3,5.6,0.48,135.9,190.4,2,4.35,Medium
V102,B20477,Combo_Pack,4.45,57.0,0,backroom,29.8,79.0,-1.0,15.2,0.51,1696.6,0.0,10,4.88,High
V103,B20478,Combo_Pack,4.427,38.7,1,backroom,31.4,78.9,2.1,13.3,0.48,79.5,177.3,1,4.37,Medium
V104,B20479,Dosa_Batter,4.416,47.7,0,counter,30.5,74.2,-1.0,2.4,0.54,1456.0,0.3,5,5.0,High
V105,B20480,Idly_Batter,4.437,5.6,0,counter,31.0,72.1,-1.0,4.0,0.56,173.4,42.4,1,4.66,High
V106,B20481,Dosa_Batter,4.457,32.7,0,counter,28.4,61.6,-1.0,30.6,0.43,929.0,15.3,2,4.11,High
V107,B20482,Combo_Pack,4.497,46.9,0,backroom,30.8,54.3,-1.0,3.8,0.79,1446.3,1.1,5,4.56,High
V108,B20483,Combo_Pack,4.474,11.9,0,counter,28.7,67.2,-1.0,9.0,0.43,340.9,36.1,2,4.45,High
V109,B20484,Dosa_Batter,4.415,78.9,0,backroom,31.5,60.6,-1.0,22.9,0.72,2483.4,0.0,10,4.28,High
V110,B20485,Dosa_Batter,4.416,39.1,0,backroom,36.3,72.4,-1.0,14.5,0.71,1418.1,8.9,5,4.51,High
V111,B20486,Dosa_Batter,4.517,83.3,0,backroom,31.6,64.1,-1.0,67.0,0.77,2635.3,0.0,1,3.99,High
V112,B20487,Dosa_Batter,4.482,7.1,0,backroom,34.1,68.9,-1.0,5.8,0.87,240.9,40.9,1,3.86,High
V113,B20488,Idly_Batter,4.422,75.7,1,counter,26.4,65.9,5.9,9.3,0.53,445.0,140.3,10,4.33,High
V114,B20489,Combo_Pack,4.474,66.1,1,counter,35.6,59.2,4.0,15.6,0.57,261.4,149.9,10,3.65,High
V115,B20490,Combo_Pack,4.438,33.3,1,fridge,30.5,60.9,5.2,13.8,0.42,173.6,182.7,10,3.86,High
V116,B20491,Dosa_Batter,4.466,6.4,1,fridge,27.2,75.9,4.7,1.4,0.39,30.5,209.6,5,4.33,Low
V117,B20492,Combo_Pack,4.469,78.5,1,fridge,32.2,67.8,3.5,42.4,0.04,272.8,137.5,2,4.17,High
V118,B20493,Combo_Pack,4.46,35.9,1,fridge,32.5,71.9,8.2,1.3,0.94,293.1,180.1,5,4.18,High
V119,B20494,Idly_Batter,4.511,37.3,1,counter,28.6,73.8,5.9,34.8,0.51,219.6,178.7,2,4.04,High
V120,B20495,Combo_Pack,4.478,8.0,0,backroom,35.5,76.9,-1.0,4.4,0.57,283.5,40.0,10,4.49,High
V121,B20496,Dosa_Batter,4.404,19.7,0,counter,29.3,62.8,-1.0,0.6,0.16,578.4,28.3,2,3.99,High
V122,B20497,Idly_Batter,4.455,77.1,1,fridge,33.3,69.9,6.2,14.9,0.34,480.0,138.9,5,4.81,High
V123,B20498,Idly_Batter,4.468,57.2,1,backroom,28.9,64.2,5.1,38.9,0.63,290.0,158.8,10,3.71,High
V124,B20499,Idly_Batter,4.435,55.0,1,backroom,29.7,92.4,7.1,38.8,0.13,388.9,161.0,2,4.01,High
V100,B20500,Dosa_Batter,4.433,95.7,1,counter,33.8,65.5,4.9,7.3,0.58,473.3,120.3,10,4.35,High
V101,B20501,Idly_Batter,4.498,67.5,1,counter,33.0,75.4,3.6,0.7,0.9,241.2,148.5,10,4.23,High
V102,B20502,Idly_Batter,4.483,37.8,0,backroom,32.5,62.4,-1.0,1.9,0.39,1228.7,10.2,2,3.78,High
V103,B20503,Combo_Pack,4.443,86.6,1,backroom,32.4,56.4,6.9,85.7,0.48,599.4,129.4,10,4.05,High
V104,B20504,Combo_Pack,4.426,24.0,0,backroom,27.9,62.0,-1.0,13.8,0.79,669.6,24.0,5,4.22,High
V105,B20505,Combo_Pack,4.421,34.5,1,counter,37.0,52.6,5.8,34.4,0.38,200.7,181.5,1,4.7,High
V106,B20506,Combo_Pack,4.427,83.0,0,backroom,32.9,56.3,-1.0,48.0,0.73,2734.7,0.0,2,3.95,High
V107,B20507,Combo_Pack,4.44,21.7,0,backroom,31.4,86.6,-1.0,18.7,0.3,682.3,26.3,1,4.25,High
V108,B20508,Idly_Batter,4.418,41.5,0,backroom,35.3,80.6,-1.0,4.3,0.56,1467.2,6.5,2,3.95,High
V109,B20509,Dosa_Batter,4.418,15.2,1,fridge,29.0,80.6,3.7,4.9,0.44,55.8,200.8,1,4.06,Low
V110,B20510,Combo_Pack,4.487,43.0,1,counter,34.5,80.5,9.4,12.8,0.28,404.1,173.0,10,4.49,High
V111,B20511,Dosa_Batter,4.45,45.8,1,fridge,29.8,55.3,2.7,9.7,0.27,123.2,170.2,1,4.24,Medium
V112,B20512,Dosa_Batter,4.494,28.0,0,counter,28.8,72.7,-1.0,9.3,0.24,805.8,20.0,1,4.31,High
V113,B20513,Combo_Pack,4.427,22.0,0,counter,30.3,79.2,-1.0,4.1,0.72,666.9,26.0,1,4.41,High
V114,B20514,Combo_Pack,4.468,91.5,0,backroom,31.8,44.9,-1.0,32.8,0.75,2908.4,0.0,5,4.03,High
V115,B20515,Idly_Batter,4.483,84.9,0,counter,37.4,56.1,-1.0,55.8,0.59,3179.2,0.0,10,3.91,High
V116,B20516,Dosa_Batter,4.442,66.6,1,backroom,28.8,61.5,4.9,36.9,0.5,327.9,149.4,5,4.1,High
V117,B20517,Combo_Pack,4.481,71.0,1,backroom,28.9,71.5,4.6,47.6,0.25,324.8,145.0,1,4.26,High
V118,B20518,Dosa_Batter,4.423,59.8,1,backroom,34.0,71.4,6.5,25.9,0.8,389.4,156.2,5,3.89,High
V119,B20519,Combo_Pack,4.396,32.0,0,counter,27.8,78.8,-1.0,0.0,0.45,888.5,16.0,5,4.44,High
V120,B20520,Dosa_Batter,4.491,20.6,1,counter,36.0,72.2,5.4,4.0,0.57,110.5,195.4,2,4.27,Medium
V121,B20521,Combo_Pack,4.452,27.6,0,backroom,32.9,70.3,-1.0,13.1,0.51,906.6,20.4,10,4.14,High
V122,B20522,Dosa_Batter,4.452,68.4,0,counter,32.4,86.9,-1.0,27.5,0.51,2218.1,0.0,1,3.46,High
V123,B20523,Idly_Batter,4.46,12.2,1,backroom,34.6,86.6,8.2,9.2,0.56,99.6,203.8,2,3.56,Medium
V124,B20524,Idly_Batter,4.486,55.0,0,backroom,33.1,76.0,-1.0,51.0,0.35,1819.2,0.0,1,4.22,High
V100,B20525,Dosa_Batter,4.428,58.5,1,fridge,32.0,77.4,6.1,25.7,0.64,359.7,157.5,2,3.95,High
V101,B20526,Combo_Pack,4.46,22.1,1,counter,29.5,81.8,4.5,7.9,0.4,99.6,193.9,1,4.11,Medium
V102,B20527,Combo_Pack,4.495,4.0,0,backroom,36.7,54.8,-1.0,3.8,0.8,146.0,44.0,1,3.96,High
V103,B20528,Combo_Pack,4.497,94.3,0,counter,28.3,73.6,-1.0,5.8,0.77,2668.0,0.0,1,3.92,High
V104,B20529,Dosa_Batter,4.463,39.2,1,counter,33.2,95.0,7.0,19.7,0.36,275.5,176.8,1,4.09,High
V105,B20530,Idly_Batter,4.446,72.3,1,counter,30.8,70.5,5.5,59.0,0.18,397.8,143.7,2,4.27,High
V106,B20531,Combo_Pack,4.473,23.9,0,counter,26.2,70.3,-1.0,17.3,0.1,625.4,24.1,5,3.61,High
V107,B20532,Idly_Batter,4.465,30.9,1,backroom,29.1,69.8,4.8,12.4,0.92,149.3,185.1,2,4.76,Medium
V108,B20533,Idly_Batter,4.469,40.1,0,backroom,32.3,74.0,-1.0,18.3,0.5,1294.8,7.9,5,4.06,High
V109,B20534,Combo_Pack,4.476,13.5,1,fridge,27.7,73.1,2.7,8.3,0.22,36.7,202.5,5,3.86,Low
V110,B20535,Dosa_Batter,4.435,63.7,0,backroom,29.7,82.5,-1.0,1.4,0.25,1892.3,0.0,1,4.02,High
V111,B20536,Combo_Pack,4.492,76.7,1,backroom,34.7,54.9,8.3,50.8,0.68,632.7,139.3,1,3.71,High
V112,B20537,Idly_Batter,4.449,75.7,0,counter,32.1,56.0,-1.0,12.8,0.65,2425.9,0.0,10,4.68,High
V113,B20538,Idly_Batter,4.39,8.4,1,fridge,32.8,66.7,2.4,7.1,0.9,20.2,207.6,10,3.94,Low
V114,B20539,Combo_Pack,4.489,85.6,1,fridge,33.5,84.2,2.6,5.2,0.43,220.4,130.4,1,3.81,High
V115,B20540,Dosa_Batter,4.477,45.4,0,backroom,34.0,61.5,-1.0,28.9,0.38,1545.1,2.6,2,3.9,High
V116,B20541,Idly_Batter,4.469,81.5,1,fridge,32.1,71.6,5.4,66.9,0.86,443.8,134.5,1,4.72,High
V117,B20542,Combo_Pack,4.44,25.9,0,counter,31.6,65.2,-1.0,16.0,0.42,820.9,22.1,2,3.78,High
V118,B20543,Idly_Batter,4.453,17.3,1,fridge,33.8,83.3,6.0,3.7,0.14,103.9,198.7,5,4.63,Medium
V119,B20544,Combo_Pack,4.412,3.8,0,counter,29.3,56.8,-1.0,3.3,0.77,111.7,44.2,5,4.25,Medium
V120,B20545,Combo_Pack,4.461,53.3,1,backroom,29.6,58.4,6.5,2.9,0.46,346.3,162.7,10,4.79,High
V121,B20546,Dosa_Batter,4.479,69.1,0,counter,28.9,70.3,-1.0,18.2,0.33,1998.3,0.0,5,4.6,High
V122,B20547,Idly_Batter,4.485,86.3,1,counter,34.1,64.1,7.0,19.1,0.38,604.3,129.7,10,3.67,High
V123,B20548,Dosa_Batter,4.451,81.8,0,counter,29.5,71.7,-1.0,26.6,0.21,2412.3,0.0,5,3.72,High
V124,B20549,Idly_Batter,4.419,79.9,1,counter,29.0,89.8,3.4,68.5,0.7,269.9,136.1,10,3.79,High
V100,B20550,Idly_Batter,4.519,49.9,1,fridge,33.4,69.2,6.4,25.9,0.52,319.4,166.1,1,4.14,High
V101,B20551,Combo_Pack,4.445,34.0,0,counter,27.8,54.1,-1.0,5.7,0.45,946.0,14.0,1,3.76,High
V102,B20552,Dosa_Batter,4.496,35.9,0,counter,30.0,63.3,-1.0,24.9,0.07,1075.7,12.1,2,4.4,High
V103,B20553,Idly_Batter,4.489,71.4,0,backroom,30.0,59.7,-1.0,56.8,0.4,2138.8,0.0,2,4.31,High
V104,B20554,Idly_Batter,4.424,83.7,1,counter,31.1,75.6,5.5,33.6,0.22,458.2,132.3,1,3.82,High
V105,B20555,Idly_Batter,4.436,66.7,1,backroom,38.7,63.2,3.9,47.3,0.54,259.8,149.3,1,3.74,High
V106,B20556,Idly_Batter,4.446,71.8,1,counter,35.0,71.0,4.4,60.8,0.33,313.7,144.2,2,4.21,High
V107,B20557,Dosa_Batter,4.397,33.1,1,counter,30.2,58.1,5.1,13.8,0.36,170.6,182.9,10,4.44,High
V108,B20558,Combo_Pack,4.459,41.7,1,backroom,29.5,76.7,2.7,14.3,0.67,112.5,174.3,10,4.99,Medium
V109,B20559,Dosa_Batter,4.498,89.0,0,counter,28.9,76.8,-1.0,58.1,0.49,2576.2,0.0,10,3.55,High
V110,B20560,Idly_Batter,4.482,10.6,0,counter,31.4,82.4,-1.0,4.6,0.41,333.0,37.4,10,4.07,High
V111,B20561,Dosa_Batter,4.451,65.9,0,backroom,32.2,49.0,-1.0,63.4,0.23,2123.2,0.0,1,4.67,High
V112,B20562,Idly_Batter,4.425,29.2,1,fridge,33.6,58.2,2.3,20.9,0.49,67.9,186.8,5,4.03,Low
V113,B20563,Idly_Batter,4.474,66.7,0,counter,30.4,72.7,-1.0,52.6,0.65,2027.4,0.0,1,3.82,High
V114,B20564,Combo_Pack,4.515,36.9,1,counter,29.5,81.8,3.5,2.8,0.55,131.0,179.1,2,4.03,Medium
V115,B20565,Dosa_Batter,4.441,37.8,1,backroom,31.7,71.0,4.1,18.6,0.68,155.7,178.2,5,4.57,High
V116,B20566,Dosa_Batter,4.419,47.3,0,backroom,31.1,89.4,-1.0,46.3,0.42,1470.8,0.7,5,3.97,High
V117,B20567,Idly_Batter,4.454,80.8,1,counter,36.0,72.9,8.0,73.5,0.24,646.2,135.2,5,4.68,High
V118,B20568,Idly_Batter,4.427,67.0,1,fridge,29.5,87.7,9.0,31.8,0.84,601.8,149.0,2,3.69,High
V119,B20569,Dosa_Batter,4.45,20.3,0,counter,28.7,49.0,-1.0,14.7,0.8,584.2,27.7,10,3.96,High
V120,B20570,Idly_Batter,4.479,3.7,0,backroom,26.4,78.7,-1.0,2.6,0.17,98.3,44.3,10,4.5,Medium
V121,B20571,Dosa_Batter,4.465,81.0,1,fridge,33.1,66.3,2.6,71.6,0.49,214.2,135.0,5,4.36,High
V122,B20572,Combo_Pack,4.446,56.6,1,fridge,28.3,72.2,4.2,50.8,0.73,238.4,159.4,1,4.65,High
V123,B20573,Dosa_Batter,4.392,84.9,0,counter,30.7,80.1,-1.0,59.5,0.78,2605.8,0.0,10,4.32,High
V124,B20574,Combo_Pack,4.486,54.0,0,backroom,35.2,70.2,-1.0,41.9,0.85,1901.5,0.0,1,4.65,High
V100,B20575,Idly_Batter,4.479,52.4,0,backroom,30.4,82.4,-1.0,47.2,0.53,1590.9,0.0,5,4.65,High
V101,B20576,Combo_Pack,4.47,4.2,1,counter,27.0,56.0,4.1,3.8,0.45,17.2,211.8,2,4.34,Low
V102,B20577,Dosa_Batter,4.469,32.9,1,fridge,31.0,78.4,5.5,30.2,0.24,179.9,183.1,10,3.39,High
V103,B20578,Combo_Pack,4.468,36.2,1,fridge,23.3,67.6,5.0,2.9,0.51,182.9,179.8,2,4.18,High
V104,B20579,Combo_Pack,4.46,26.1,1,counter,30.7,62.7,3.1,12.8,0.86,81.7,189.9,1,4.26,Medium
V105,B20580,Dosa_Batter,4.453,63.4,1,fridge,33.8,55.3,2.6,18.2,0.63,164.0,152.6,2,3.73,High
V106,B20581,Dosa_Batter,4.479,63.8,0,counter,33.1,72.4,-1.0,44.6,0.72,2111.9,0.0,10,4.35,High
V107,B20582,Combo_Pack,4.451,31.9,0,backroom,29.1,85.6,-1.0,6.5,0.91,928.4,16.1,1,3.84,High
V108,B20583,Dosa_Batter,4.496,61.0,1,counter,33.5,57.1,3.5,15.1,0.5,213.1,155.0,2,3.7,High
V109,B20584,Combo_Pack,4.48,36.4,1,fridge,30.4,73.8,4.2,19.6,0.67,154.4,179.6,1,3.8,High
V110,B20585,Dosa_Batter,4.391,84.8,0,counter,32.6,50.2,-1.0,70.5,0.45,2763.6,0.0,1,4.06,High
V111,B20586,Dosa_Batter,4.445,37.5,0,backroom,33.3,53.1,-1.0,0.2,0.93,1248.7,10.5,1,3.89,High
V112,B20587,Combo_Pack,4.474,94.3,0,backroom,33.8,58.6,-1.0,16.2,0.44,3182.9,0.0,5,4.34,High
V113,B20588,Idly_Batter,4.498,71.3,0,backroom,28.8,64.3,-1.0,36.8,0.46,2056.4,0.0,1,4.0,High
V114,B20589,Dosa_Batter,4.431,91.0,0,backroom,35.0,81.4,-1.0,22.6,0.12,3182.2,0.0,5,4.45,High
V115,B20590,Dosa_Batter,4.465,9.9,1,fridge,30.5,72.6,4.9,1.4,0.62,48.3,206.1,10,4.13,Low
V116,B20591,Dosa_Batter,4.455,72.3,1,fridge,31.5,85.7,5.4,10.7,0.22,392.3,143.7,5,4.72,High
V117,B20592,Dosa_Batter,4.409,93.2,1,counter,32.7,66.7,5.3,75.6,0.53,491.2,122.8,10,4.32,High
V118,B20593,Idly_Batter,4.528,58.9,0,counter,27.3,82.4,-1.0,40.8,0.43,1611.2,0.0,5,4.63,High
V119,B20594,Combo_Pack,4.438,0.9,1,fridge,32.7,64.0,5.5,0.9,0.29,5.1,215.1,5,4.39,Low
V120,B20595,Dosa_Batter,4.449,41.5,1,counter,32.5,81.2,3.0,22.4,0.49,123.3,174.5,5,4.39,Medium
V121,B20596,Combo_Pack,4.452,75.7,1,fridge,26.5,89.8,6.1,61.4,0.49,458.4,140.3,10,4.41,High
V122,B20597,Idly_Batter,4.454,24.5,1,fridge,34.2,68.2,7.4,5.2,0.43,180.7,191.5,10,4.8,High
V123,B20598,Dosa_Batter,4.438,14.6,1,fridge,34.1,85.7,6.0,12.5,0.59,88.1,201.4,10,3.9,Medium
V124,B20599,Idly_Batter,4.475,50.4,1,backroom,34.7,51.9,7.1,2.2,0.59,356.3,165.6,5,4.28,High
V100,B20600,Combo_Pack,4.433,57.1,1,fridge,32.9,75.9,5.6,22.2,0.19,321.2,158.9,5,3.85,High
V101,B20601,Combo_Pack,4.456,73.1,0,counter,35.0,70.2,-1.0,46.5,0.58,2562.7,0.0,10,3.85,High
V102,B20602,Idly_Batter,4.45,22.2,0,counter,33.6,73.7,-1.0,21.2,0.25,745.1,25.8,10,3.95,High
V103,B20603,Idly_Batter,4.462,56.5,0,counter,30.4,83.9,-1.0,29.6,0.81,1715.6,0.0,10,4.13,High
V104,B20604,Dosa_Batter,4.454,94.6,1,backroom,32.0,71.9,4.3,32.7,0.18,402.3,121.4,2,3.88,High
V105,B20605,Idly_Batter,4.445,14.9,1,fridge,33.2,72.6,6.2,9.4,0.27,92.3,201.1,5,4.33,Medium
V106,B20606,Dosa_Batter,4.469,34.3,0,counter,30.6,66.9,-1.0,30.0,0.25,1047.6,13.7,5,4.95,High
V107,B20607,Combo_Pack,4.44,86.9,1,fridge,30.7,69.5,3.5,59.2,0.46,304.4,129.1,10,4.49,High
V108,B20608,Combo_Pack,4.417,1.3,1,counter,34.3,68.1,5.5,0.2,0.7,7.3,214.7,5,4.42,Low
V109,B20609,Idly_Batter,4.486,33.6,1,fridge,30.3,70.6,4.8,17.8,0.66,161.2,182.4,2,3.45,High
V110,B20610,Dosa_Batter,4.546,22.8,1,counter,32.4,65.4,4.7,7.6,0.27,106.5,193.2,5,4.28,Medium
V111,B20611,Dosa_Batter,4.451,49.8,1,fridge,25.7,59.9,6.1,34.7,0.79,303.6,166.2,1,4.87,High
V112,B20612,Combo_Pack,4.452,8.8,1,fridge,28.9,69.8,7.6,3.7,0.54,67.3,207.2,1,4.13,Low
V113,B20613,Combo_Pack,4.495,23.8,0,counter,33.3,80.2,-1.0,2.6,0.64,792.7,24.2,5,4.09,High
V114,B20614,Dosa_Batter,4.436,32.9,0,counter,34.9,73.1,-1.0,3.3,0.4,1146.7,15.1,1,4.4,High
V115,B20615,Combo_Pack,4.449,38.4,0,counter,32.8,80.5,-1.0,10.3,0.6,1259.3,9.6,2,4.54,High
V116,B20616,Combo_Pack,4.443,77.7,1,counter,30.5,76.4,5.4,74.3,0.06,416.1,138.3,1,4.43,High
V117,B20617,Combo_Pack,4.451,39.8,0,counter,36.7,65.5,-1.0,13.6,0.23,1461.2,8.2,10,4.05,High
V118,B20618,Combo_Pack,4.468,1.7,0,counter,35.1,52.4,-1.0,0.4,0.4,58.9,46.3,10,3.87,Medium
V119,B20619,Idly_Batter,4.405,89.1,1,fridge,27.7,71.8,6.3,17.5,0.58,560.2,126.9,10,4.33,High
V120,B20620,Combo_Pack,4.502,38.3,1,fridge,29.1,69.1,6.1,15.4,0.44,234.1,177.7,5,4.44,High
V121,B20621,Idly_Batter,4.458,15.0,0,backroom,27.1,64.3,-1.0,2.1,0.62,405.8,33.0,1,4.59,High
V122,B20622,Combo_Pack,4.488,51.2,1,backroom,32.3,61.9,2.0,17.7,0.68,102.3,164.8,10,4.93,Medium
V123,B20623,Dosa_Batter,4.51,11.0,0,counter,31.9,76.8,-1.0,3.8,0.26,351.1,37.0,2,3.87,High
V124,B20624,Idly_Batter,4.394,14.9,1,counter,30.9,64.4,4.5,4.1,0.53,66.7,201.1,2,4.9,Medium
V100,B20625,Dosa_Batter,4.455,85.9,0,counter,37.7,55.9,-1.0,24.2,0.86,3240.7,0.0,5,4.66,High
V101,B20626,Combo_Pack,4.455,83.4,1,backroom,31.5,65.6,4.6,66.7,0.49,386.9,132.6,10,4.01,High
V102,B20627,Combo_Pack,4.441,34.3,1,fridge,27.9,61.5,4.6,33.7,0.28,157.4,181.7,1,4.99,High
V103,B20628,Idly_Batter,4.51,87.1,1,counter,32.2,71.0,7.0,22.4,0.15,605.5,128.9,1,3.8,High
V104,B20629,Combo_Pack,4.47,40.3,1,counter,26.3,64.2,7.4,20.4,0.93,296.6,175.7,1,3.67,High
V105,B20630,Combo_Pack,4.477,62.2,0,backroom,32.5,55.8,-1.0,55.1,0.84,2022.5,0.0,10,4.38,High
V106,B20631,Combo_Pack,4.472,67.5,0,counter,36.0,60.3,-1.0,26.3,0.73,2427.6,0.0,5,4.57,High
V107,B20632,Combo_Pack,4.429,9.1,1,fridge,31.0,59.2,4.2,8.8,0.86,38.1,206.9,1,3.98,Low
V108,B20633,Combo_Pack,4.468,34.3,0,counter,31.7,70.4,-1.0,14.7,0.66,1089.8,13.7,5,4.55,High
V109,B20634,Combo_Pack,4.462,12.5,0,counter,31.5,80.6,-1.0,4.3,0.85,393.7,35.5,5,3.89,High
V110,B20635,Idly_Batter,4.463,89.2,1,counter,32.4,70.0,7.1,27.3,0.27,635.3,126.8,1,4.6,High
V111,B20636,Idly_Batter,4.429,7.9,0,backroom,32.0,51.9,-1.0,0.9,0.98,251.6,40.1,1,4.33,High
V112,B20637,Dosa_Batter,4.416,38.2,0,counter,33.1,89.2,-1.0,6.5,0.18,1263.8,9.8,5,4.06,High
V113,B20638,Dosa_Batter,4.433,72.9,1,backroom,26.9,56.4,7.1,31.5,0.28,514.5,143.1,5,3.85,High
V114,B20639,Dosa_Batter,4.46,47.0,0,counter,29.3,59.6,-1.0,18.9,0.2,1377.1,1.0,1,3.95,High
V115,B20640,Idly_Batter,4.452,14.9,0,backroom,28.0,87.2,-1.0,9.8,0.32,417.2,33.1,10,4.62,High
V116,B20641,Idly_Batter,4.489,87.1,1,counter,26.4,66.4,5.4,0.9,0.52,473.3,128.9,1,4.36,High
V117,B20642,Dosa_Batter,4.446,91.2,1,backroom,31.9,71.6,5.4,80.0,0.48,493.4,124.8,10,5.0,High
V118,B20643,Dosa_Batter,4.485,23.0,0,counter,27.6,62.0,-1.0,17.5,0.43,633.2,25.0,5,4.43,High
V119,B20644,Idly_Batter,4.503,90.1,0,counter,30.9,73.4,-1.0,3.1,0.42,2783.3,0.0,1,3.7,High
V120,B20645,Combo_Pack,4.464,9.9,1,counter,27.5,77.6,3.6,8.9,0.28,35.4,206.1,5,4.14,Low
V121,B20646,Combo_Pack,4.461,8.0,0,counter,28.2,90.3,-1.0,6.8,0.21,224.9,40.0,5,4.24,High
V122,B20647,Combo_Pack,4.418,5.2,1,counter,33.4,73.2,3.8,2.2,0.37,19.9,210.8,10,4.02,Low
V123,B20648,Dosa_Batter,4.437,1.7,0,backroom,32.9,76.7,-1.0,0.5,0.22,55.4,46.3,10,4.36,Medium
V124,B20649,Dosa_Batter,4.491,41.7,1,fridge,30.8,73.7,5.4,35.3,0.36,226.6,174.3,1,4.47,High
V100,B20650,Dosa_Batter,4.492,15.6,1,counter,31.8,78.4,2.8,1.0,0.66,42.8,200.4,5,3.9,Low
V101,B20651,Combo_Pack,4.465,9.1,0,counter,27.9,74.3,-1.0,8.6,0.71,252.6,38.9,10,4.8,High
V102,B20652,Dosa_Batter,4.462,66.8,0,counter,28.1,84.4,-1.0,48.4,0.56,1875.4,0.0,10,3.95,High
V103,B20653,Idly_Batter,4.461,37.8,0,counter,31.1,73.6,-1.0,10.8,0.31,1175.1,10.2,2,4.29,High
V104,B20654,Combo_Pack,4.449,87.2,1,counter,33.7,57.8,3.5,26.5,0.62,302.0,128.8,2,4.1,High
V105,B20655,Idly_Batter,4.48,91.9,0,counter,32.8,77.2,-1.0,2.0,0.2,3017.2,0.0,1,3.45,High
V106,B20656,Idly_Batter,4.446,58.4,0,backroom,33.3,79.3,-1.0,3.9,0.06,1947.3,0.0,2,5.0,High
V107,B20657,Idly_Batter,4.514,79.8,0,counter,27.5,64.3,-1.0,71.0,0.33,2197.0,0.0,1,3.41,High
V108,B20658,Dosa_Batter,4.47,76.0,0,backroom,31.1,67.4,-1.0,41.8,0.85,2368.6,0.0,2,4.81,High
V109,B20659,Dosa_Batter,4.448,69.9,1,fridge,28.8,76.1,4.7,0.8,0.81,331.5,146.1,5,4.31,High
V110,B20660,Idly_Batter,4.45,95.8,0,backroom,35.9,69.9,-1.0,28.0,0.54,3440.2,0.0,5,3.81,High
V111,B20661,Dosa_Batter,4.456,48.0,0,backroom,32.3,69.2,-1.0,30.4,0.58,1551.3,0.0,1,4.35,High
V112,B20662,Combo_Pack,4.429,27.3,1,counter,25.0,92.0,5.1,5.0,0.29,140.2,188.7,10,4.14,Medium
V113,B20663,Combo_Pack,4.452,14.7,1,backroom,32.6,82.4,3.3,10.8,0.28,48.2,201.3,10,3.76,Low
V114,B20664,Combo_Pack,4.469,66.9,0,backroom,33.2,66.3,-1.0,16.7,0.07,2219.9,0.0,10,4.61,High
V115,B20665,Idly_Batter,4.514,56.2,0,backroom,31.9,71.6,-1.0,47.0,0.22,1791.8,0.0,5,4.49,High
V116,B20666,Idly_Batter,4.436,56.3,0,counter,28.9,91.0,-1.0,47.5,0.52,1626.5,0.0,1,4.31,High
V117,B20667,Dosa_Batter,4.441,91.8,0,backroom,27.4,68.0,-1.0,31.3,0.84,2518.4,0.0,2,4.98,High
V118,B20668,Dosa_Batter,4.478,15.1,1,counter,28.2,51.7,6.5,14.9,0.47,98.8,200.9,10,3.29,Medium
V119,B20669,Combo_Pack,4.415,77.4,0,counter,33.5,65.2,-1.0,60.6,0.13,2594.7,0.0,2,4.79,High
V120,B20670,Dosa_Batter,4.464,55.0,1,backroom,33.6,68.2,3.4,37.4,0.89,187.7,161.0,1,4.7,High
V121,B20671,Combo_Pack,4.451,91.5,1,fridge,28.9,64.6,4.6,42.0,0.92,422.9,124.5,2,4.04,High
V122,B20672,Dosa_Batter,4.489,52.1,1,backroom,30.5,75.0,6.4,48.3,0.18,333.3,163.9,1,4.41,High
V123,B20673,Idly_Batter,4.411,41.6,0,backroom,26.3,84.0,-1.0,20.6,0.52,1095.8,6.4,1,3.82,High
V124,B20674,Dosa_Batter,4.447,81.4,0,counter,30.2,69.7,-1.0,4.5,0.77,2454.7,0.0,10,4.34,High
V100,B20675,Idly_Batter,4.478,30.3,1,counter,26.5,62.6,3.2,6.0,0.23,97.6,185.7,1,3.92,Medium
V101,B20676,Dosa_Batter,4.482,90.4,0,counter,34.8,68.1,-1.0,82.9,0.11,3147.9,0.0,5,4.76,High
V102,B20677,Idly_Batter,4.476,52.0,0,backroom,29.7,79.4,-1.0,51.2,0.55,1543.8,0.0,5,4.23,High
V103,B20678,Idly_Batter,4.397,18.5,0,counter,32.4,72.3,-1.0,14.9,0.98,599.8,29.5,2,3.86,High
V104,B20679,Idly_Batter,4.427,36.7,1,counter,34.0,91.1,5.9,26.8,0.56,214.7,179.3,1,4.48,High
V105,B20680,Combo_Pack,4.44,0.4,1,fridge,29.4,90.4,3.5,0.1,0.37,1.5,215.6,1,4.99,Low
V106,B20681,Idly_Batter,4.445,43.0,1,counter,31.6,55.4,4.9,21.9,0.51,211.1,173.0,2,4.38,High
V107,B20682,Combo_Pack,4.428,22.8,1,backroom,30.6,66.0,5.4,11.4,0.38,124.1,193.2,10,4.04,Medium
V108,B20683,Combo_Pack,4.542,87.0,1,fridge,30.8,57.2,5.3,21.4,0.62,461.7,129.0,5,4.77,High
V109,B20684,Idly_Batter,4.511,88.0,0,counter,32.3,75.3,-1.0,29.6,0.73,2841.8,0.0,5,3.53,High
V110,B20685,Idly_Batter,4.517,66.7,0,counter,32.1,95.0,-1.0,28.6,0.53,2142.6,0.0,1,4.14,High
V111,B20686,Combo_Pack,4.552,1.3,1,counter,31.9,60.8,5.8,0.2,0.49,7.3,214.7,1,4.96,Low
V112,B20687,Dosa_Batter,4.483,63.7,0,counter,30.2,68.9,-1.0,13.6,0.14,1921.5,0.0,1,3.96,High
V113,B20688,Combo_Pack,4.468,38.2,0,backroom,31.3,71.1,-1.0,10.0,0.58,1197.4,9.8,1,3.55,High
V114,B20689,Idly_Batter,4.479,31.4,0,counter,34.3,60.2,-1.0,26.5,0.5,1074.2,16.6,2,3.97,High
V115,B20690,Dosa_Batter,4.446,44.0,1,backroom,30.5,71.3,4.2,38.4,0.35,182.7,172.0,10,3.2,High
V116,B20691,Dosa_Batter,4.445,66.5,1,backroom,28.7,73.8,6.7,29.1,0.23,448.7,149.5,1,4.23,High
V117,B20692,Dosa_Batter,4.453,51.9,0,backroom,29.7,65.9,-1.0,44.7,0.27,1539.1,0.0,1,3.79,High
V118,B20693,Dosa_Batter,4.444,93.1,0,counter,28.3,70.0,-1.0,58.6,0.26,2630.7,0.0,1,4.51,High
V119,B20694,Combo_Pack,4.461,26.5,1,backroom,27.9,56.0,5.6,6.6,0.1,149.9,189.5,1,4.51,Medium
V120,B20695,Idly_Batter,4.418,37.2,1,counter,29.7,63.0,4.9,34.8,0.64,181.3,178.8,2,4.27,High
V121,B20696,Combo_Pack,4.462,86.1,0,backroom,30.5,84.2,-1.0,64.2,0.66,2625.6,0.0,10,3.91,High
V122,B20697,Idly_Batter,4.43,48.8,0,backroom,31.1,69.9,-1.0,18.0,0.42,1518.9,0.0,1,4.72,High
V123,B20698,Idly_Batter,4.482,64.6,1,fridge,29.1,72.1,7.0,0.0,0.78,452.2,151.4,2,4.24,High
V124,B20699,Idly_Batter,4.482,49.7,1,backroom,34.6,59.7,6.3,29.9,0.48,315.5,166.3,5,4.76,High
V100,B20700,Idly_Batter,4.451,64.5,0,counter,39.4,84.3,-1.0,19.9,0.08,2541.6,0.0,2,3.87,High
V101,B20701,Combo_Pack,4.454,85.5,1,backroom,33.2,50.6,5.8,63.5,0.63,492.2,130.5,2,3.84,High
V102,B20702,Idly_Batter,4.482,86.5,0,backroom,31.0,93.0,-1.0,84.0,0.37,2682.5,0.0,5,3.94,High
V103,B20703,Dosa_Batter,4.392,95.5,1,counter,29.6,58.3,2.7,45.3,0.54,254.5,120.5,5,4.21,High
V104,B20704,Combo_Pack,4.481,39.0,1,backroom,34.8,78.8,4.9,27.3,0.68,189.9,177.0,10,4.37,High
V105,B20705,Combo_Pack,4.496,47.6,0,backroom,30.3,62.1,-1.0,41.4,0.42,1444.7,0.4,10,4.19,High
V106,B20706,Combo_Pack,4.491,57.5,1,backroom,28.2,53.5,2.0,15.3,0.39,115.0,158.5,1,4.63,Medium
V107,B20707,Dosa_Batter,4.415,9.7,0,backroom,33.8,71.6,-1.0,5.1,0.72,328.6,38.3,2,3.91,High
V108,B20708,Dosa_Batter,4.457,14.1,0,counter,30.6,89.7,-1.0,11.8,0.46,431.1,33.9,10,4.91,High
V109,B20709,Dosa_Batter,4.445,52.1,0,counter,31.2,66.1,-1.0,37.9,0.17,1626.3,0.0,10,3.59,High
V110,B20710,Combo_Pack,4.462,42.9,1,fridge,30.1,91.5,3.3,19.9,0.24,141.8,173.1,2,3.98,High
V111,B20711,Dosa_Batter,4.488,79.1,1,counter,29.9,77.3,3.5,37.6,0.37,275.7,136.9,5,4.43,High
V112,B20712,Dosa_Batter,4.389,1.9,1,fridge,27.9,85.9,7.1,1.0,0.35,13.2,214.1,5,4.54,Low
V113,B20713,Dosa_Batter,4.442,31.0,0,backroom,33.3,86.3,-1.0,17.7,0.1,1033.3,17.0,1,5.0,High
V114,B20714,Dosa_Batter,4.464,52.6,1,counter,28.3,63.4,6.9,51.7,0.67,362.9,163.4,5,3.98,High
V115,B20715,Dosa_Batter,4.405,94.4,1,fridge,28.7,86.1,5.4,36.1,0.72,513.7,121.6,5,4.82,High
V116,B20716,Combo_Pack,4.461,34.1,1,backroom,32.1,58.9,4.6,24.8,0.57,156.0,181.9,1,4.01,High
V117,B20717,Dosa_Batter,4.438,63.3,1,counter,33.9,73.5,3.7,42.5,0.59,235.2,152.7,2,3.84,High
V118,B20718,Idly_Batter,4.46,52.4,1,backroom,27.4,69.1,4.6,48.4,0.46,241.8,163.6,5,3.96,High
V119,B20719,Idly_Batter,4.441,39.2,0,counter,34.1,68.3,-1.0,3.5,0.86,1338.1,8.8,1,4.27,High
V120,B20720,Idly_Batter,4.475,70.5,1,counter,29.9,70.6,4.1,5.9,0.81,291.2,145.5,2,4.05,High
V121,B20721,Combo_Pack,4.431,93.8,0,counter,30.2,60.5,-1.0,25.8,0.53,2836.6,0.0,1,4.31,High
V122,B20722,Combo_Pack,4.476,89.7,1,counter,32.9,51.9,4.9,32.8,0.49,439.7,126.3,1,4.73,High
V123,B20723,Combo_Pack,4.408,49.4,0,backroom,33.5,78.7,-1.0,14.1,0.92,1654.3,0.0,10,4.66,High
V124,B20724,Idly_Batter,4.416,14.9,0,counter,27.4,64.5,-1.0,14.0,0.24,409.0,33.1,5,4.04,High
V100,B20725,Idly_Batter,4.444,1.5,0,backroom,33.7,79.9,-1.0,0.5,0.26,50.2,46.5,1,4.79,Medium
V101,B20726,Dosa_Batter,4.425,80.5,0,backroom,23.3,69.9,-1.0,63.9,0.85,1875.8,0.0,5,4.18,High
V102,B20727,Idly_Batter,4.472,36.5,1,backroom,31.2,62.6,5.1,8.0,0.67,187.9,179.5,2,3.95,High
V103,B20728,Combo_Pack,4.451,7.7,0,counter,30.9,78.1,-1.0,5.3,0.34,237.1,40.3,10,4.27,High
V104,B20729,Combo_Pack,4.452,11.1,0,backroom,36.8,49.7,-1.0,10.0,0.83,407.6,36.9,5,4.3,High
V105,B20730,Dosa_Batter,4.444,72.9,0,counter,29.0,75.0,-1.0,0.9,0.1,2112.7,0.0,2,4.82,High
V106,B20731,Idly_Batter,4.483,77.8,0,backroom,32.3,53.2,-1.0,27.2,0.69,2516.8,0.0,10,3.91,High
V107,B20732,Combo_Pack,4.412,53.9,0,counter,30.6,89.3,-1.0,10.4,0.78,1651.2,0.0,1,4.06,High
V108,B20733,Combo_Pack,4.41,95.0,1,backroom,33.5,72.5,5.0,73.1,0.52,471.7,121.0,10,4.78,High
V109,B20734,Idly_Batter,4.42,68.0,0,counter,34.0,70.5,-1.0,2.0,0.3,2314.7,0.0,2,4.08,High
V110,B20735,Idly_Batter,4.405,94.3,1,fridge,28.6,65.5,4.6,37.3,0.58,431.0,121.7,2,4.12,High
V111,B20736,Idly_Batter,4.51,70.3,0,counter,30.5,41.1,-1.0,57.0,0.13,2146.4,0.0,2,4.16,High
V112,B20737,Dosa_Batter,4.442,55.5,1,counter,34.5,67.7,6.8,33.9,0.71,379.8,160.5,10,4.53,High
V113,B20738,Combo_Pack,4.424,74.7,0,backroom,30.0,84.6,-1.0,49.9,0.48,2242.6,0.0,2,4.49,High
V114,B20739,Idly_Batter,4.436,24.5,0,backroom,33.8,77.2,-1.0,9.9,0.51,827.8,23.5,2,4.19,High
V115,B20740,Idly_Batter,4.475,16.9,0,counter,29.4,62.9,-1.0,8.9,0.15,496.3,31.1,2,4.67,High
V116,B20741,Idly_Batter,4.488,18.5,0,counter,28.9,58.5,-1.0,8.6,0.57,534.4,29.5,10,4.35,High
V117,B20742,Idly_Batter,4.427,68.9,0,backroom,31.0,78.0,-1.0,58.4,0.6,2138.4,0.0,5,3.88,High
V118,B20743,Dosa_Batter,4.436,13.2,0,counter,31.4,82.9,-1.0,11.5,0.48,414.6,34.8,2,3.46,High
V119,B20744,Idly_Batter,4.469,22.8,0,counter,22.0,75.7,-1.0,16.6,0.34,502.6,25.2,2,4.17,High
V120,B20745,Combo_Pack,4.438,16.2,0,counter,35.4,68.4,-1.0,10.0,0.36,572.5,31.8,5,4.11,High
V121,B20746,Idly_Batter,4.474,55.0,0,backroom,26.5,71.0,-1.0,29.1,0.31,1457.7,0.0,5,4.21,High
V122,B20747,Dosa_Batter,4.396,43.5,0,backroom,30.8,70.1,-1.0,14.3,0.7,1340.8,4.5,5,4.34,High
V123,B20748,Idly_Batter,4.422,30.0,1,fridge,29.7,72.2,3.7,1.9,0.62,111.8,186.0,1,3.5,Medium
V124,B20749,Idly_Batter,4.454,41.1,1,counter,32.5,60.1,5.5,22.5,0.75,227.3,174.9,5,4.01,High
V100,B20750,Combo_Pack,4.503,23.8,0,backroom,23.7,87.4,-1.0,8.9,0.57,564.3,24.2,10,4.5,High
V101,B20751,Dosa_Batter,4.42,53.4,1,counter,34.8,84.8,6.7,45.4,0.32,356.7,162.6,5,4.65,High
V102,B20752,Combo_Pack,4.475,92.4,0,counter,30.6,61.3,-1.0,25.9,0.65,2831.1,0.0,10,3.5,High
V103,B20753,Combo_Pack,4.45,92.5,1,fridge,32.5,74.1,2.6,74.7,0.1,240.3,123.5,2,4.74,High
V104,B20754,Combo_Pack,4.489,91.3,1,backroom,31.9,73.8,3.1,76.8,0.47,282.0,124.7,2,4.36,High
V105,B20755,Dosa_Batter,4.498,80.8,1,fridge,28.4,73.0,4.5,21.4,0.66,359.9,135.2,5,4.27,High
V106,B20756,Combo_Pack,4.48,68.7,0,backroom,30.9,62.6,-1.0,45.6,0.42,2121.0,0.0,5,4.09,High
V107,B20757,Dosa_Batter,4.464,58.1,1,backroom,25.9,65.2,8.5,32.6,0.43,494.4,157.9,5,3.81,High
V108,B20758,Combo_Pack,4.491,54.3,1,fridge,31.1,69.6,6.1,46.6,0.54,328.9,161.7,5,3.8,High
V109,B20759,Idly_Batter,4.508,80.8,1,backroom,30.1,75.4,7.9,22.1,0.45,639.5,135.2,2,3.87,High
V110,B20760,Dosa_Batter,4.474,1.4,0,counter,33.0,71.8,-1.0,0.7,0.23,44.6,46.6,1,3.82,Medium
V111,B20761,Idly_Batter,4.477,92.7,1,counter,26.2,83.9,5.1,73.7,0.93,471.5,123.3,5,3.66,High
V112,B20762,Idly_Batter,4.46,28.4,1,counter,36.4,60.2,6.7,18.8,0.57,191.7,187.6,2,4.6,High
V113,B20763,Combo_Pack,4.49,63.6,1,backroom,33.5,89.3,4.7,51.2,0.73,298.2,152.4,10,3.64,High
V114,B20764,Idly_Batter,4.443,25.0,0,counter,28.5,63.0,-1.0,9.9,0.27,713.9,23.0,10,4.63,High
V115,B20765,Dosa_Batter,4.449,72.4,0,counter,30.1,64.1,-1.0,70.8,0.51,2180.4,0.0,10,4.04,High
V116,B20766,Dosa_Batter,4.472,18.5,0,counter,25.2,60.4,-1.0,8.0,0.33,466.9,29.5,10,3.81,High
V117,B20767,Idly_Batter,4.425,28.8,1,fridge,29.2,76.0,5.0,15.1,0.5,142.8,187.2,1,4.41,Medium
V118,B20768,Idly_Batter,4.443,9.0,0,backroom,36.1,73.5,-1.0,5.1,0.39,324.3,39.0,2,4.03,High
V119,B20769,Combo_Pack,4.451,40.6,1,fridge,30.9,56.7,5.7,21.4,0.57,231.8,175.4,2,4.03,High
V120,B20770,Dosa_Batter,4.462,77.3,1,backroom,34.2,52.8,5.2,35.7,0.87,401.6,138.7,10,3.99,High
V121,B20771,Dosa_Batter,4.411,93.2,0,counter,25.0,77.3,-1.0,80.2,0.34,2333.1,0.0,5,4.0,High
V122,B20772,Idly_Batter,4.435,0.9,1,counter,25.5,68.4,2.1,0.5,0.38,2.0,215.1,2,3.62,Low
V123,B20773,Idly_Batter,4.468,35.8,1,fridge,34.3,89.1,4.2,4.0,0.27,149.2,180.2,5,4.54,High
V124,B20774,Combo_Pack,4.484,15.9,0,counter,34.1,70.4,-1.0,15.5,0.41,541.5,32.1,1,4.3,High
V100,B20775,Idly_Batter,4.44,7.8,1,fridge,30.0,53.6,7.2,7.7,0.87,56.1,208.2,2,3.94,Low
V101,B20776,Combo_Pack,4.492,26.0,1,backroom,34.3,63.1,7.4,19.1,0.5,193.4,190.0,5,3.99,High
V102,B20777,Idly_Batter,4.421,35.7,0,counter,35.2,59.7,-1.0,28.9,0.9,1253.4,12.3,10,4.33,High
V103,B20778,Dosa_Batter,4.46,44.0,0,counter,30.1,72.8,-1.0,19.5,0.71,1324.5,4.0,1,4.41,High
V104,B20779,Dosa_Batter,4.448,92.6,1,fridge,37.0,88.9,9.0,58.8,0.37,834.0,123.4,10,4.21,High
V105,B20780,Dosa_Batter,4.444,17.8,1,counter,29.5,63.7,7.5,7.1,0.54,133.7,198.2,5,4.22,Medium
V106,B20781,Dosa_Batter,4.462,28.0,0,backroom,29.8,81.7,-1.0,22.3,0.54,833.3,20.0,10,4.19,High
V107,B20782,Idly_Batter,4.465,62.0,0,counter,29.8,63.5,-1.0,60.2,0.32,1844.2,0.0,1,4.33,High
V108,B20783,Idly_Batter,4.428,30.8,1,counter,34.9,75.0,7.0,7.1,0.47,214.6,185.2,1,4.55,High
V109,B20784,Dosa_Batter,4.5,19.0,1,backroom,30.9,74.0,4.2,11.7,0.11,79.2,197.0,1,4.68,Medium
V110,B20785,Combo_Pack,4.457,88.8,0,backroom,33.5,68.9,-1.0,32.3,0.66,2974.8,0.0,2,4.52,High
V111,B20786,Idly_Batter,4.503,36.6,1,backroom,29.7,67.7,5.5,11.7,0.29,199.4,179.4,10,4.5,High
V112,B20787,Combo_Pack,4.462,79.5,1,counter,29.5,66.2,7.5,23.2,0.44,599.5,136.5,10,4.25,High
V113,B20788,Dosa_Batter,4.483,68.6,1,counter,30.7,62.1,3.1,32.1,0.42,212.6,147.4,2,3.81,High
V114,B20789,Idly_Batter,4.458,10.7,1,backroom,30.8,95.0,7.8,5.6,0.65,83.0,205.3,2,4.4,Medium
V115,B20790,Idly_Batter,4.423,35.9,1,fridge,31.6,59.0,3.8,28.3,0.53,138.3,180.1,2,3.7,Medium
V116,B20791,Idly_Batter,4.441,6.8,0,counter,30.0,65.1,-1.0,2.3,0.27,202.3,41.2,2,3.72,High
V117,B20792,Combo_Pack,4.442,24.5,1,backroom,27.8,71.9,5.9,19.7,0.92,144.3,191.5,10,4.2,Medium
V118,B20793,Dosa_Batter,4.434,66.4,1,counter,29.4,84.7,5.6,8.8,0.3,371.3,149.6,1,4.23,High
V119,B20794,Combo_Pack,4.444,40.3,1,fridge,30.7,70.2,3.2,36.5,0.17,131.0,175.7,2,4.44,Medium
V120,B20795,Dosa_Batter,4.467,19.6,0,counter,32.6,58.9,-1.0,9.3,0.69,639.5,28.4,2,4.45,High
V121,B20796,Dosa_Batter,4.485,59.1,0,counter,31.2,72.6,-1.0,8.3,0.5,1842.8,0.0,1,3.79,High
V122,B20797,Dosa_Batter,4.441,62.0,1,counter,30.0,62.6,4.7,52.1,0.58,290.2,154.0,5,4.11,High
V123,B20798,Combo_Pack,4.461,50.8,0,counter,36.0,78.4,-1.0,11.7,0.64,1827.3,0.0,5,3.83,High
V124,B20799,Dosa_Batter,4.444,11.4,1,counter,30.9,54.6,6.1,6.4,0.41,69.9,204.6,1,4.5,Low
V100,B20800,Idly_Batter,4.475,83.7,1,fridge,27.9,81.9,6.5,28.7,0.42,542.9,132.3,10,3.69,High
V101,B20801,Combo_Pack,4.474,1.1,1,counter,30.4,79.5,6.6,0.3,0.68,7.5,214.9,5,4.56,Low
V102,B20802,Idly_Batter,4.486,81.3,0,backroom,28.3,66.7,-1.0,53.2,0.71,2299.0,0.0,10,3.59,High
V103,B20803,Idly_Batter,4.541,75.6,0,counter,29.4,67.4,-1.0,54.4,0.35,2219.5,0.0,5,4.88,High
V104,B20804,Dosa_Batter,4.479,71.6,1,counter,30.5,78.4,3.0,7.9,0.18,212.7,144.4,2,4.17,High
V105,B20805,Idly_Batter,4.452,25.5,0,backroom,25.4,72.1,-1.0,24.1,0.79,647.2,22.5,2,4.26,High
V106,B20806,Idly_Batter,4.458,71.1,1,counter,29.2,59.9,5.8,34.5,0.24,409.2,144.9,5,4.67,High
V107,B20807,Combo_Pack,4.485,73.1,0,backroom,22.2,52.8,-1.0,61.0,0.36,1620.4,0.0,10,4.32,High
V108,B20808,Combo_Pack,4.491,29.7,1,fridge,33.8,72.6,6.8,26.3,0.57,203.2,186.3,2,4.14,High
V109,B20809,Combo_Pack,4.411,59.5,1,fridge,25.8,66.5,3.9,29.3,0.73,229.6,156.5,5,4.09,High
V110,B20810,Idly_Batter,4.464,46.5,1,fridge,29.6,67.9,4.7,32.5,0.77,216.6,169.5,5,3.43,High
V111,B20811,Idly_Batter,4.461,74.5,1,fridge,32.5,68.1,3.6,61.2,0.18,266.2,141.5,1,4.58,High
V112,B20812,Combo_Pack,4.48,56.9,1,counter,32.2,67.3,4.1,31.3,0.4,231.5,159.1,5,4.29,High
V113,B20813,Idly_Batter,4.494,41.3,0,backroom,33.0,68.0,-1.0,19.9,0.05,1362.6,6.7,10,3.69,High
V114,B20814,Combo_Pack,4.515,0.7,0,counter,31.5,83.3,-1.0,0.3,0.55,22.1,47.3,2,4.27,Low
V115,B20815,Idly_Batter,4.453,13.9,1,fridge,28.0,58.1,4.2,7.8,0.28,57.9,202.1,10,3.65,Medium
V116,B20816,Combo_Pack,4.461,66.0,1,fridge,28.2,67.4,4.9,44.1,0.38,326.6,150.0,2,4.4,High
V117,B20817,Combo_Pack,4.43,19.2,0,backroom,29.7,95.0,-1.0,17.4,0.38,571.4,28.8,2,4.01,High
V118,B20818,Combo_Pack,4.463,36.5,1,fridge,33.0,81.1,5.5,21.8,0.58,199.7,179.5,10,4.07,High
V119,B20819,Dosa_Batter,4.481,32.4,1,backroom,32.2,70.5,4.4,20.9,0.32,142.6,183.6,10,4.79,Medium
V120,B20820,Combo_Pack,4.473,55.8,1,fridge,32.5,57.9,2.1,51.0,0.9,117.1,160.2,5,4.31,Medium
V121,B20821,Combo_Pack,4.422,1.3,1,fridge,27.9,61.1,2.0,0.1,0.61,2.7,214.7,10,4.42,Low
V122,B20822,Combo_Pack,4.49,13.8,0,backroom,37.4,66.9,-1.0,3.4,0.31,515.4,34.2,5,3.86,High
V123,B20823,Idly_Batter,4.501,74.7,1,counter,31.6,71.1,8.3,6.6,0.22,619.5,141.3,2,4.56,High
V124,B20824,Idly_Batter,4.463,87.7,0,counter,31.4,63.2,-1.0,4.4,0.18,2751.3,0.0,10,4.23,High
V100,B20825,Combo_Pack,4.48,52.8,0,backroom,28.8,68.8,-1.0,35.1,0.28,1521.9,0.0,2,4.63,High
V101,B20826,Idly_Batter,4.486,5.3,1,backroom,36.1,76.8,7.5,0.8,0.51,40.1,210.7,2,4.25,Low
V102,B20827,Dosa_Batter,4.465,73.0,0,backroom,31.3,43.3,-1.0,67.8,0.79,2281.4,0.0,1,4.23,High
V103,B20828,Idly_Batter,4.457,21.5,1,counter,34.4,72.8,2.7,9.1,0.6,58.5,194.5,2,4.45,Low
V104,B20829,Dosa_Batter,4.43,65.2,1,fridge,32.7,79.9,3.7,31.9,0.22,240.5,150.8,10,4.56,High
V105,B20830,Combo_Pack,4.452,49.2,0,backroom,31.4,84.4,-1.0,45.9,0.76,1544.8,0.0,5,4.62,High
V106,B20831,Dosa_Batter,4.463,3.7,0,counter,31.5,68.0,-1.0,2.7,0.74,115.5,44.3,2,3.58,Medium
V107,B20832,Combo_Pack,4.456,64.1,1,fridge,36.1,71.7,5.3,3.1,0.29,336.7,151.9,10,3.99,High
V108,B20833,Dosa_Batter,4.484,84.0,1,backroom,29.0,74.3,4.3,32.5,0.58,360.2,132.0,10,4.33,High
V109,B20834,Dosa_Batter,4.446,78.8,1,counter,30.3,73.0,2.0,4.0,0.21,157.5,137.2,5,3.72,High
V110,B20835,Dosa_Batter,4.457,61.0,0,backroom,31.1,76.2,-1.0,15.0,0.42,1896.2,0.0,5,4.5,High
V111,B20836,Idly_Batter,4.419,83.1,0,counter,25.9,61.2,-1.0,16.6,0.24,2150.0,0.0,2,4.16,High
V112,B20837,Combo_Pack,4.416,45.9,1,backroom,24.8,66.8,2.0,14.7,0.41,91.8,170.1,10,4.1,Medium
V113,B20838,Idly_Batter,4.481,84.8,0,counter,29.6,82.0,-1.0,5.2,0.26,2507.6,0.0,5,4.0,High
V114,B20839,Idly_Batter,4.423,25.6,1,fridge,30.0,54.6,5.6,21.1,0.61,144.7,190.4,5,4.08,Medium
V115,B20840,Idly_Batter,4.462,88.7,0,counter,34.0,61.7,-1.0,73.9,0.34,3012.5,0.0,10,3.67,High
V116,B20841,Dosa_Batter,4.43,39.9,1,counter,33.3,64.4,6.7,17.8,0.18,266.1,176.1,2,4.58,High
V117,B20842,Combo_Pack,4.47,76.2,1,counter,27.3,70.5,6.2,14.4,0.34,469.3,139.8,1,4.03,High
V118,B20843,Idly_Batter,4.486,86.2,0,counter,31.6,78.8,-1.0,76.5,0.39,2720.0,0.0,10,4.54,High
V119,B20844,Dosa_Batter,4.462,95.6,0,counter,31.3,86.0,-1.0,9.6,0.27,2987.7,0.0,1,4.61,High
V120,B20845,Combo_Pack,4.482,50.1,0,backroom,30.1,70.6,-1.0,19.6,0.71,1511.7,0.0,10,4.31,High
V121,B20846,Combo_Pack,4.408,31.0,0,counter,32.9,69.8,-1.0,14.7,0.95,1020.3,17.0,10,4.1,High
V122,B20847,Idly_Batter,4.481,40.0,1,backroom,28.3,66.0,6.8,12.8,0.29,272.4,176.0,2,4.25,High
V123,B20848,Dosa_Batter,4.447,56.0,1,counter,29.9,62.3,4.2,5.8,0.44,232.5,160.0,1,4.46,High
V124,B20849,Idly_Batter,4.466,13.4,1,fridge,30.7,68.9,5.9,12.4,0.9,78.6,202.6,1,3.46,Medium
V100,B20850,Idly_Batter,4.463,76.1,0,backroom,29.0,66.6,-1.0,44.4,0.18,2204.1,0.0,1,3.74,High
V101,B20851,Idly_Batter,4.453,46.7,0,counter,35.2,67.2,-1.0,15.5,0.73,1645.6,1.3,1,3.99,High
V102,B20852,Dosa_Batter,4.486,49.6,0,counter,31.8,84.2,-1.0,3.3,0.45,1575.7,0.0,5,3.86,High
V103,B20853,Combo_Pack,4.442,24.3,1,fridge,33.3,67.2,6.0,11.7,0.19,144.9,191.7,5,4.05,Medium
V104,B20854,Combo_Pack,4.495,75.6,1,backroom,31.0,72.2,3.5,6.5,0.47,265.8,140.4,10,3.8,High
V105,B20855,Combo_Pack,4.439,45.0,0,counter,28.3,86.6,-1.0,39.0,0.76,1270.6,3.0,1,4.51,High
V106,B20856,Idly_Batter,4.485,77.9,0,counter,29.3,84.1,-1.0,12.3,0.76,2283.7,0.0,1,3.61,High
V107,B20857,Dosa_Batter,4.489,17.2,0,backroom,30.5,79.1,-1.0,12.6,0.67,525.3,30.8,10,4.95,High
V108,B20858,Combo_Pack,4.492,53.0,0,counter,32.3,69.3,-1.0,39.1,0.56,1709.9,0.0,10,4.16,High
V109,B20859,Dosa_Batter,4.482,34.3,0,backroom,27.5,78.4,-1.0,33.2,0.29,945.7,13.7,10,3.86,High
V110,B20860,Combo_Pack,4.468,50.0,1,fridge,32.6,80.1,6.0,6.5,0.53,298.9,166.0,1,3.72,High
V111,B20861,Dosa_Batter,4.421,26.2,1,counter,32.1,75.3,3.7,20.1,0.49,96.2,189.8,2,4.49,Medium
V112,B20862,Idly_Batter,4.461,58.6,1,backroom,31.3,82.0,6.0,8.9,0.38,351.3,157.4,1,4.31,High
V113,B20863,Dosa_Batter,4.501,79.3,0,backroom,29.4,54.3,-1.0,31.3,0.28,2331.9,0.0,1,4.67,High
V114,B20864,Idly_Batter,4.503,16.6,0,counter,31.2,81.5,-1.0,7.1,0.24,518.3,31.4,1,4.49,High
V115,B20865,Dosa_Batter,4.451,5.7,1,counter,30.0,58.5,6.2,3.1,0.38,35.2,210.3,2,4.97,Low
V116,B20866,Idly_Batter,4.479,68.1,1,backroom,32.8,83.9,5.5,49.5,0.35,375.2,147.9,2,4.15,High
V117,B20867,Idly_Batter,4.426,50.9,1,counter,35.5,67.4,2.0,36.6,0.76,101.8,165.1,1,4.4,Medium
V118,B20868,Dosa_Batter,4.448,85.3,0,backroom,38.6,68.6,-1.0,51.5,0.37,3295.3,0.0,2,4.36,High
V119,B20869,Combo_Pack,4.501,54.5,0,backroom,29.8,65.7,-1.0,45.2,0.77,1621.2,0.0,2,4.26,High
V120,B20870,Combo_Pack,4.438,72.8,1,backroom,31.9,69.3,4.8,56.0,0.67,352.3,143.2,10,4.4,High
V121,B20871,Idly_Batter,4.446,22.5,1,fridge,29.7,76.1,5.4,14.0,0.26,122.7,193.5,5,4.65,Medium
V122,B20872,Dosa_Batter,4.424,78.1,1,counter,36.3,59.8,4.4,12.7,0.49,344.0,137.9,1,4.36,High
V123,B20873,Dosa_Batter,4.482,85.4,1,counter,33.0,58.6,3.2,10.9,0.4,272.1,130.6,10,3.33,High
V124,B20874,Dosa_Batter,4.469,65.7,1,fridge,27.2,73.6,3.0,53.9,0.48,197.2,150.3,5,4.25,High
V100,B20875,Dosa_Batter,4.439,72.5,0,counter,35.4,66.1,-1.0,64.2,0.78,2564.7,0.0,2,4.5,High
V101,B20876,Idly_Batter,4.466,32.3,1,fridge,28.8,65.0,3.8,3.5,0.1,124.1,183.7,2,5.0,Medium
V102,B20877,Idly_Batter,4.49,95.0,1,counter,30.3,74.0,3.6,20.5,0.59,341.7,121.0,5,4.11,High
V103,B20878,Dosa_Batter,4.446,30.2,1,counter,35.9,74.8,7.7,0.2,0.54,232.6,185.8,10,3.53,High
V104,B20879,Idly_Batter,4.408,4.6,1,backroom,33.1,61.8,7.2,0.1,0.84,33.4,211.4,2,3.43,Low
V105,B20880,Combo_Pack,4.385,83.2,1,counter,30.1,76.8,5.0,80.1,0.55,412.2,132.8,10,4.24,High
V106,B20881,Dosa_Batter,4.404,49.4,1,fridge,31.2,49.6,4.1,17.4,0.97,203.8,166.6,2,3.78,High
V107,B20882,Combo_Pack,4.45,18.5,1,fridge,34.4,67.5,4.8,10.9,0.31,89.2,197.5,1,4.19,Medium
V108,B20883,Idly_Batter,4.47,84.7,1,counter,28.6,79.0,2.8,52.4,0.34,236.5,131.3,5,4.01,High
V109,B20884,Idly_Batter,4.436,56.7,0,backroom,28.6,58.7,-1.0,24.5,0.51,1621.4,0.0,5,3.76,High
V110,B20885,Idly_Batter,4.408,46.0,1,counter,31.5,51.8,4.2,42.5,0.67,194.8,170.0,10,4.45,High
V111,B20886,Combo_Pack,4.446,28.6,0,counter,26.4,68.3,-1.0,7.0,0.84,752.7,19.4,5,4.33,High
V112,B20887,Combo_Pack,4.48,43.8,1,backroom,24.6,62.4,3.4,38.1,0.08,149.5,172.2,2,4.43,High
V113,B20888,Dosa_Batter,4.497,58.9,1,backroom,31.9,78.1,3.2,40.5,0.45,190.1,157.1,5,4.27,High
V114,B20889,Dosa_Batter,4.4,51.2,0,counter,31.8,62.8,-1.0,10.4,0.12,1627.6,0.0,2,4.07,High
V115,B20890,Idly_Batter,4.476,29.9,0,counter,33.2,63.8,-1.0,25.3,0.54,992.0,18.1,1,4.43,High
V116,B20891,Dosa_Batter,4.471,7.4,0,counter,33.5,64.0,-1.0,3.8,0.77,248.1,40.6,5,4.0,High
V117,B20892,Idly_Batter,4.477,94.6,0,counter,32.6,65.8,-1.0,75.9,0.47,3081.6,0.0,2,4.2,High
V118,B20893,Dosa_Batter,4.448,22.6,0,counter,31.1,71.0,-1.0,21.9,0.87,703.6,25.4,2,3.88,High
V119,B20894,Dosa_Batter,4.457,81.8,0,counter,31.5,66.2,-1.0,66.2,0.54,2580.0,0.0,5,4.02,High
V120,B20895,Combo_Pack,4.473,70.2,0,backroom,27.7,62.1,-1.0,48.8,0.88,1943.8,0.0,1,5.0,High
V121,B20896,Idly_Batter,4.408,74.4,1,backroom,29.5,67.2,4.1,1.9,0.53,308.1,141.6,5,3.69,High
V122,B20897,Combo_Pack,4.489,20.4,0,backroom,28.1,76.9,-1.0,7.6,0.09,573.0,27.6,10,4.5,High
V123,B20898,Idly_Batter,4.432,75.2,1,counter,34.2,68.2,4.9,32.3,0.57,366.9,140.8,10,3.86,High
V124,B20899,Combo_Pack,4.451,50.6,1,fridge,30.1,60.6,5.1,25.5,0.42,258.8,165.4,10,4.09,High
V100,B20900,Dosa_Batter,4.464,73.7,0,backroom,31.4,40.0,-1.0,27.7,0.64,2315.4,0.0,2,4.11,High
V101,B20901,Combo_Pack,4.455,62.0,1,backroom,32.8,84.9,5.4,2.6,0.89,333.6,154.0,5,4.56,High
V102,B20902,Idly_Batter,4.485,84.1,0,backroom,35.4,72.9,-1.0,25.1,0.52,2973.7,0.0,1,4.51,High
V103,B20903,Idly_Batter,4.519,7.4,1,counter,37.2,71.2,6.1,3.6,0.82,45.0,208.6,2,4.89,Low
V104,B20904,Idly_Batter,4.477,61.8,1,fridge,31.7,73.8,6.7,13.6,0.25,412.2,154.2,5,4.25,High
V105,B20905,Dosa_Batter,4.444,13.1,1,counter,28.2,56.9,6.4,2.7,0.13,83.2,202.9,5,3.74,Medium
V106,B20906,Idly_Batter,4.476,45.4,1,fridge,28.1,76.1,3.0,9.0,0.49,135.7,170.6,10,3.84,Medium
V107,B20907,Idly_Batter,4.501,9.4,1,fridge,32.8,73.0,5.1,5.7,0.24,47.6,206.6,1,4.03,Low
V108,B20908,Combo_Pack,4.522,53.4,1,counter,33.2,87.3,3.9,9.0,0.53,206.9,162.6,5,4.19,High
V109,B20909,Dosa_Batter,4.511,65.8,0,backroom,35.1,72.5,-1.0,20.7,0.39,2311.1,0.0,1,4.22,High
V110,B20910,Dosa_Batter,4.476,24.1,0,counter,34.7,68.3,-1.0,12.9,0.61,834.2,23.9,2,4.41,High
V111,B20911,Dosa_Batter,4.497,71.2,0,backroom,25.6,63.7,-1.0,14.3,0.69,1820.3,0.0,1,3.95,High
V112,B20912,Combo_Pack,4.421,59.4,1,fridge,30.2,71.3,4.3,36.9,0.87,253.2,156.6,1,4.17,High
V113,B20913,Idly_Batter,4.468,38.8,1,backroom,27.3,58.2,3.4,32.5,0.5,131.1,177.2,1,4.05,Medium
V114,B20914,Dosa_Batter,4.432,30.1,0,backroom,30.3,69.6,-1.0,9.2,0.48,912.9,17.9,2,4.38,High
V115,B20915,Dosa_Batter,4.486,27.5,1,backroom,33.2,75.6,5.8,10.3,0.73,160.1,188.5,1,4.48,High
V116,B20916,Combo_Pack,4.466,64.2,0,counter,28.6,71.5,-1.0,62.1,0.55,1838.0,0.0,10,3.9,High
V117,B20917,Combo_Pack,4.437,90.6,1,fridge,28.2,77.3,6.9,85.8,0.61,624.8,125.4,2,4.29,High
V118,B20918,Dosa_Batter,4.424,43.8,0,counter,28.1,61.4,-1.0,10.1,0.47,1228.5,4.2,1,4.42,High
V119,B20919,Idly_Batter,4.453,63.2,1,fridge,29.0,57.9,4.0,5.9,0.49,251.6,152.8,1,4.35,High
V120,B20920,Dosa_Batter,4.469,63.0,1,counter,30.0,68.8,4.8,52.0,0.55,301.5,153.0,1,4.09,High
V121,B20921,Combo_Pack,4.529,51.3,1,fridge,25.0,89.2,4.5,31.9,0.39,229.3,164.7,2,4.7,High
V122,B20922,Idly_Batter,4.414,89.9,1,counter,30.5,57.0,4.5,49.3,0.82,403.5,126.1,10,4.18,High
V123,B20923,Combo_Pack,4.478,79.2,1,backroom,30.1,73.0,5.6,60.4,0.6,440.0,136.8,2,3.46,High
V124,B20924,Idly_Batter,4.459,90.5,1,fridge,31.7,68.4,5.5,47.3,0.4,494.4,125.5,5,4.08,High
V100,B20925,Dosa_Batter,4.468,65.9,1,fridge,29.8,69.7,6.6,3.9,0.17,437.8,150.1,5,4.22,High
V101,B20926,Idly_Batter,4.433,86.8,0,counter,29.1,82.6,-1.0,79.7,0.42,2530.0,0.0,5,3.93,High
V102,B20927,Dosa_Batter,4.467,37.6,1,counter,33.8,71.7,5.9,12.0,0.65,221.9,178.4,2,4.91,High
V103,B20928,Idly_Batter,4.45,16.5,0,counter,30.1,67.3,-1.0,5.6,0.5,495.9,31.5,5,4.39,High
V104,B20929,Dosa_Batter,4.449,28.5,0,backroom,33.6,86.5,-1.0,6.4,0.17,959.9,19.5,5,4.45,High
V105,B20930,Dosa_Batter,4.449,48.6,1,backroom,24.7,78.3,5.7,25.6,0.39,278.6,167.4,2,3.87,High
V106,B20931,Idly_Batter,4.479,75.8,0,backroom,36.3,69.5,-1.0,38.1,0.71,2750.3,0.0,1,3.96,High
V107,B20932,Idly_Batter,4.446,87.7,0,counter,38.2,56.8,-1.0,19.5,0.82,3352.8,0.0,1,3.87,High
V108,B20933,Combo_Pack,4.456,13.4,1,fridge,33.9,58.2,4.3,9.0,0.88,57.7,202.6,5,4.67,Low
V109,B20934,Dosa_Batter,4.388,71.4,0,counter,33.1,69.0,-1.0,4.7,0.7,2363.2,0.0,2,4.53,High
V110,B20935,Dosa_Batter,4.469,61.4,0,counter,29.7,58.4,-1.0,48.9,0.71,1824.9,0.0,5,4.31,High
V111,B20936,Combo_Pack,4.472,1.7,1,backroom,32.3,62.3,4.3,0.1,0.35,7.2,214.3,10,4.17,Low
V112,B20937,Combo_Pack,4.438,69.6,0,counter,32.1,79.5,-1.0,12.8,0.59,2237.2,0.0,5,3.77,High
V113,B20938,Dosa_Batter,4.469,61.5,0,counter,29.1,64.2,-1.0,25.9,0.36,1788.1,0.0,2,3.5,High
V114,B20939,Dosa_Batter,4.45,88.8,1,counter,31.0,60.5,5.0,30.3,0.63,444.5,127.2,5,4.76,High
V115,B20940,Dosa_Batter,4.45,14.0,0,backroom,35.5,95.0,-1.0,0.9,0.22,496.8,34.0,5,3.68,High
V116,B20941,Idly_Batter,4.412,63.1,1,counter,38.2,62.7,5.0,37.3,0.45,318.0,152.9,2,3.77,High
V117,B20942,Combo_Pack,4.463,92.0,0,counter,33.1,76.0,-1.0,20.5,0.37,3046.8,0.0,10,4.43,High
V118,B20943,Combo_Pack,4.473,57.4,0,backroom,31.2,59.0,-1.0,1.6,0.08,1792.1,0.0,2,3.97,High
V119,B20944,Idly_Batter,4.506,69.2,1,backroom,29.2,50.2,5.1,36.0,0.49,352.7,146.8,10,3.84,High
V120,B20945,Idly_Batter,4.443,63.6,1,fridge,31.1,83.4,5.2,32.3,0.69,333.1,152.4,2,4.32,High
V121,B20946,Dosa_Batter,4.471,40.8,0,backroom,32.4,75.9,-1.0,5.9,0.41,1321.5,7.2,2,3.59,High
V122,B20947,Dosa_Batter,4.452,96.0,0,backroom,25.7,95.0,-1.0,88.9,0.55,2462.2,0.0,2,3.99,High
V123,B20948,Idly_Batter,4.471,83.1,0,counter,31.3,83.0,-1.0,55.1,0.21,2600.6,0.0,2,4.1,High
V124,B20949,Dosa_Batter,4.471,10.7,1,backroom,30.2,61.9,6.7,6.5,0.66,71.5,205.3,5,3.87,Medium
V100,B20950,Combo_Pack,4.493,37.1,1,counter,33.6,62.8,2.7,24.0,0.79,99.5,178.9,5,4.01,Medium
V101,B20951,Idly_Batter,4.455,17.6,0,counter,29.7,68.6,-1.0,8.8,0.38,522.6,30.4,2,4.43,High
V102,B20952,Idly_Batter,4.444,86.2,1,backroom,34.3,74.4,6.3,33.2,0.72,544.3,129.8,1,4.61,High
V103,B20953,Idly_Batter,4.436,7.1,1,counter,30.0,65.6,5.0,5.8,0.37,35.9,208.9,1,4.54,Low
V104,B20954,Idly_Batter,4.451,42.3,0,backroom,33.1,71.2,-1.0,22.3,0.47,1401.4,5.7,2,4.21,High
V105,B20955,Combo_Pack,4.445,29.0,0,counter,34.4,61.1,-1.0,19.6,0.81,997.5,19.0,1,4.5,High
V106,B20956,Idly_Batter,4.484,25.1,1,counter,34.5,74.9,6.2,16.7,0.7,154.3,190.9,10,4.23,Medium
V107,B20957,Dosa_Batter,4.461,79.0,0,counter,36.5,75.3,-1.0,17.3,0.58,2882.1,0.0,2,4.27,High
V108,B20958,Dosa_Batter,4.442,51.8,0,backroom,35.6,76.8,-1.0,28.2,0.48,1840.6,0.0,2,3.92,High
V109,B20959,Idly_Batter,4.363,71.3,0,counter,28.0,63.1,-1.0,12.8,0.28,1996.2,0.0,10,4.42,High
V110,B20960,Idly_Batter,4.448,32.7,1,counter,29.8,64.6,4.8,3.0,0.11,156.9,183.3,10,4.87,High
V111,B20961,Combo_Pack,4.498,77.9,1,counter,33.0,80.2,7.3,49.8,0.12,569.4,138.1,1,3.95,High
V112,B20962,Idly_Batter,4.443,42.3,1,fridge,33.5,79.6,3.8,35.4,0.16,162.5,173.7,10,4.35,High
V113,B20963,Dosa_Batter,4.504,31.6,0,counter,32.7,69.3,-1.0,15.9,0.57,1032.2,16.4,10,4.48,High
V114,B20964,Idly_Batter,4.478,82.6,1,fridge,31.0,60.3,3.8,0.5,0.3,310.8,133.4,2,4.12,High
V115,B20965,Combo_Pack,4.482,69.2,1,counter,33.1,86.6,5.8,37.6,0.44,399.3,146.8,5,3.97,High
V116,B20966,Combo_Pack,4.418,55.4,1,fridge,32.3,51.3,5.3,50.4,0.24,294.5,160.6,5,4.02,High
V117,B20967,Combo_Pack,4.477,3.1,0,backroom,24.1,60.3,-1.0,0.6,0.83,75.9,44.9,2,4.76,Medium
V118,B20968,Dosa_Batter,4.454,63.5,1,counter,31.5,77.4,3.9,49.1,0.47,248.2,152.5,10,4.03,High
V119,B20969,Combo_Pack,4.488,92.9,1,fridge,33.8,80.9,4.8,14.0,0.69,444.0,123.1,2,3.97,High
V120,B20970,Idly_Batter,4.409,46.0,1,backroom,30.9,75.4,3.9,19.2,0.64,180.2,170.0,10,3.34,High
V121,B20971,Combo_Pack,4.453,61.6,1,counter,30.4,74.2,2.4,6.9,0.51,147.1,154.4,2,3.95,High
V122,B20972,Idly_Batter,4.442,95.6,0,counter,28.7,93.1,-1.0,15.9,0.47,2747.4,0.0,5,3.9,High
V123,B20973,Combo_Pack,4.494,11.7,0,backroom,32.5,75.4,-1.0,5.2,0.41,379.2,36.3,2,4.41,High
V124,B20974,Idly_Batter,4.457,55.6,0,counter,33.4,74.5,-1.0,23.3,0.45,1855.0,0.0,10,4.19,High
V100,B20975,Combo_Pack,4.445,25.0,1,fridge,35.5,76.7,3.3,15.6,0.5,82.2,191.0,2,4.15,Medium
V101,B20976,Dosa_Batter,4.486,80.2,1,fridge,30.7,85.5,5.9,29.4,0.81,471.9,135.8,10,4.4,High
V102,B20977,Combo_Pack,4.453,46.4,1,counter,31.2,63.3,7.2,32.0,0.26,336.5,169.6,10,4.27,High
V103,B20978,Combo_Pack,4.461,60.4,0,counter,29.5,67.2,-1.0,53.2,0.29,1785.0,0.0,1,4.78,High
V104,B20979,Idly_Batter,4.494,58.9,0,backroom,34.9,78.9,-1.0,19.4,0.31,2054.4,0.0,2,4.85,High
V105,B20980,Combo_Pack,4.471,39.3,1,counter,30.1,57.6,5.6,1.7,0.29,220.5,176.7,5,3.62,High
V106,B20981,Combo_Pack,4.508,54.7,0,counter,30.1,84.4,-1.0,29.9,0.61,1647.8,0.0,10,4.13,High
V107,B20982,Combo_Pack,4.481,39.7,1,backroom,39.2,65.8,5.3,2.3,0.31,211.0,176.3,5,3.28,High
V108,B20983,Idly_Batter,4.451,88.0,1,counter,29.9,65.5,5.5,50.6,0.38,480.7,128.0,5,4.17,High
V109,B20984,Dosa_Batter,4.406,40.0,1,counter,27.5,71.3,4.6,8.6,0.85,183.9,176.0,1,3.54,High
V110,B20985,Combo_Pack,4.417,49.5,0,counter,27.8,53.2,-1.0,20.4,0.61,1375.0,0.0,1,4.61,High
V111,B20986,Combo_Pack,4.481,16.8,1,fridge,31.9,72.6,3.5,13.5,0.76,58.7,199.2,1,4.66,Low
V112,B20987,Idly_Batter,4.489,26.5,1,counter,34.5,67.9,7.2,1.2,0.36,189.6,189.5,5,4.34,High
V113,B20988,Combo_Pack,4.459,58.4,0,backroom,28.1,65.2,-1.0,18.9,0.59,1641.1,0.0,1,4.43,High
V114,B20989,Dosa_Batter,4.5,13.7,1,counter,27.8,63.9,3.5,3.2,0.82,47.8,202.3,2,4.95,Low
V115,B20990,Dosa_Batter,4.488,1.0,0,counter,31.0,62.6,-1.0,0.7,0.61,30.2,47.0,2,4.08,Low
V116,B20991,Dosa_Batter,4.477,21.8,0,backroom,29.4,63.1,-1.0,21.2,0.61,641.0,26.2,1,5.0,High
V117,B20992,Combo_Pack,4.458,85.1,0,backroom,27.2,62.8,-1.0,80.7,0.15,2312.8,0.0,2,3.94,High
V118,B20993,Idly_Batter,4.423,39.7,1,counter,29.3,73.9,5.7,15.1,0.61,226.5,176.3,5,4.25,High
V119,B20994,Combo_Pack,4.389,86.1,1,counter,29.1,89.6,5.2,32.3,0.58,448.4,129.9,2,4.38,High
V120,B20995,Dosa_Batter,4.422,66.9,1,backroom,35.3,74.3,6.7,44.1,0.79,445.5,149.1,2,4.56,High
V121,B20996,Idly_Batter,4.467,6.7,0,backroom,34.2,56.4,-1.0,3.0,0.58,228.9,41.3,2,4.32,High
V122,B20997,Dosa_Batter,4.506,86.6,1,counter,33.3,64.1,5.3,32.9,0.1,462.5,129.4,1,4.06,High
V123,B20998,Combo_Pack,4.478,66.6,0,counter,36.4,71.6,-1.0,42.8,0.67,2426.8,0.0,5,4.58,High
V124,B20999,Idly_Batter,4.468,52.6,0,counter,33.3,66.6,-1.0,15.8,0.2,1751.2,0.0,10,4.4,High
V100,B21000,Idly_Batter,4.482,87.4,0,counter,26.4,55.9,-1.0,58.6,0.43,2308.1,0.0,5,4.77,High
V101,B21001,Combo_Pack,4.506,20.1,1,fridge,32.2,65.9,4.9,18.2,0.56,97.7,195.9,5,4.49,Medium
V102,B21002,Idly_Batter,4.478,41.0,0,counter,33.4,71.9,-1.0,38.4,0.25,1369.3,7.0,1,3.7,High
V103,B21003,Dosa_Batter,4.486,63.3,1,backroom,32.1,80.2,6.1,19.4,0.71,385.2,152.7,10,4.59,High
V104,B21004,Combo_Pack,4.417,35.3,1,counter,31.0,75.6,6.6,16.9,0.55,233.7,180.7,2,4.38,High
V105,B21005,Idly_Batter,4.492,71.0,1,fridge,32.6,79.4,4.8,64.8,0.96,341.4,145.0,2,3.47,High
V106,B21006,Combo_Pack,4.495,17.8,1,counter,31.4,77.0,5.2,14.9,0.5,91.8,198.2,1,4.26,Medium
V107,B21007,Dosa_Batter,4.443,67.0,0,backroom,34.8,86.7,-1.0,61.0,0.26,2332.2,0.0,1,4.47,High
V108,B21008,Dosa_Batter,4.415,18.3,1,counter,37.7,83.3,4.9,5.5,0.84,90.2,197.7,10,4.31,Medium
V109,B21009,Idly_Batter,4.455,94.7,1,backroom,32.3,83.1,2.9,69.6,0.55,270.0,121.3,10,3.84,High
V110,B21010,Dosa_Batter,4.442,68.0,0,counter,32.0,60.1,-1.0,59.0,0.58,2175.3,0.0,5,4.11,High
V111,B21011,Dosa_Batter,4.456,39.4,1,counter,25.2,68.8,4.9,14.0,0.42,194.8,176.6,10,3.68,High
V112,B21012,Idly_Batter,4.448,24.6,1,fridge,29.8,66.9,4.2,19.6,0.32,102.0,191.4,10,3.75,Medium
V113,B21013,Idly_Batter,4.479,27.6,1,fridge,33.3,68.2,3.5,9.6,0.42,97.3,188.4,2,4.99,Medium
V114,B21014,Idly_Batter,4.431,59.3,0,backroom,33.3,60.2,-1.0,35.8,0.34,1974.1,0.0,5,4.1,High
V115,B21015,Idly_Batter,4.498,25.6,0,counter,27.8,84.2,-1.0,17.7,0.55,709.9,22.4,5,3.9,High
V116,B21016,Idly_Batter,4.488,21.1,0,counter,35.6,72.6,-1.0,17.0,0.91,750.6,26.9,10,4.19,High
V117,B21017,Idly_Batter,4.43,45.0,1,backroom,33.6,91.9,8.0,34.4,0.77,360.5,171.0,2,3.49,High
V118,B21018,Idly_Batter,4.491,88.9,0,backroom,29.1,58.4,-1.0,34.5,0.93,2589.7,0.0,1,4.69,High
V119,B21019,Dosa_Batter,4.471,89.1,0,backroom,26.4,61.2,-1.0,68.6,0.35,2351.1,0.0,10,4.3,High
V120,B21020,Combo_Pack,4.433,62.1,1,fridge,32.8,60.5,6.1,47.9,0.75,377.7,153.9,2,3.98,High
V121,B21021,Idly_Batter,4.469,1.3,1,backroom,33.3,69.5,4.8,0.9,0.54,6.1,214.7,10,4.79,Low
V122,B21022,Idly_Batter,4.475,67.6,1,fridge,29.3,66.6,3.1,3.2,0.44,206.4,148.4,5,4.61,High
V123,B21023,Idly_Batter,4.458,78.3,1,backroom,29.8,79.6,6.0,31.1,0.24,468.5,137.7,1,3.9,High
V124,B21024,Idly_Batter,4.501,64.3,0,backroom,29.2,61.3,-1.0,51.5,0.79,1873.9,0.0,10,4.62,High
V100,B21025,Idly_Batter,4.461,14.2,0,counter,31.1,68.4,-1.0,11.9,0.78,441.0,33.8,10,3.99,High
V101,B21026,Idly_Batter,4.469,30.1,1,backroom,33.4,65.3,4.8,25.3,0.45,145.1,185.9,2,4.07,Medium
V102,B21027,Dosa_Batter,4.413,46.7,1,counter,29.1,71.1,5.7,11.8,0.5,268.2,169.3,5,4.8,High
V103,B21028,Idly_Batter,4.427,65.6,1,counter,36.2,57.5,8.0,3.8,0.78,522.8,150.4,5,4.2,High
V104,B21029,Idly_Batter,4.528,94.9,1,fridge,30.9,66.3,5.9,51.4,0.94,555.3,121.1,5,4.65,High
V105,B21030,Idly_Batter,4.462,34.1,1,backroom,29.9,73.5,7.9,28.0,0.31,268.8,181.9,5,3.95,High
V106,B21031,Dosa_Batter,4.459,45.2,1,counter,35.2,78.9,5.5,33.9,0.55,249.1,170.8,5,4.73,High
V107,B21032,Combo_Pack,4.488,64.4,0,counter,27.3,80.8,-1.0,12.2,0.25,1756.1,0.0,5,4.48,High
V108,B21033,Combo_Pack,4.421,35.7,0,counter,33.7,91.0,-1.0,20.2,0.55,1204.2,12.3,10,4.08,High
V109,B21034,Dosa_Batter,4.469,49.7,0,counter,24.6,92.2,-1.0,0.6,0.26,1220.0,0.0,10,4.21,High
V110,B21035,Combo_Pack,4.438,81.5,0,counter,29.2,66.3,-1.0,15.3,0.5,2381.0,0.0,2,4.54,High
V111,B21036,Idly_Batter,4.411,21.8,0,backroom,28.0,82.3,-1.0,20.5,0.31,611.6,26.2,2,4.79,High
V112,B21037,Idly_Batter,4.491,77.4,0,counter,26.0,85.6,-1.0,11.7,0.73,2012.5,0.0,10,4.35,High
V113,B21038,Idly_Batter,4.455,36.0,0,counter,34.6,77.0,-1.0,18.0,0.54,1246.8,12.0,5,4.23,High
V114,B21039,Idly_Batter,4.434,19.3,1,counter,30.6,79.1,5.5,13.0,0.56,105.0,196.7,1,3.32,Medium
V115,B21040,Idly_Batter,4.47,21.0,0,backroom,32.3,85.3,-1.0,1.9,0.55,677.1,27.0,2,4.9,High
V116,B21041,Dosa_Batter,4.454,34.4,0,backroom,32.8,89.4,-1.0,28.1,0.7,1127.6,13.6,1,3.74,High
V117,B21042,Combo_Pack,4.446,56.4,0,counter,32.5,69.5,-1.0,42.2,0.66,1835.1,0.0,10,4.04,High
V118,B21043,Dosa_Batter,4.546,31.0,1,counter,35.1,68.5,4.2,24.0,0.47,128.7,185.0,2,3.85,Medium
V119,B21044,Combo_Pack,4.451,72.3,1,counter,34.8,79.0,5.0,60.8,0.39,363.7,143.7,2,4.36,High
V120,B21045,Dosa_Batter,4.471,62.0,0,backroom,28.8,95.0,-1.0,59.9,0.76,1786.0,0.0,10,4.08,High
V121,B21046,Dosa_Batter,4.436,20.5,1,counter,31.5,76.8,7.5,18.5,0.48,154.0,195.5,1,3.74,High
V122,B21047,Combo_Pack,4.454,34.1,0,counter,31.8,83.0,-1.0,0.3,0.42,1083.0,13.9,10,4.27,High
V123,B21048,Dosa_Batter,4.431,76.9,0,counter,32.7,62.2,-1.0,67.0,0.52,2513.2,0.0,5,4.61,High
V124,B21049,Idly_Batter,4.466,89.6,1,backroom,32.2,71.7,9.5,69.4,0.62,855.0,126.4,1,5.0,High
V100,B21050,Combo_Pack,4.48,85.1,1,fridge,31.9,71.4,5.6,78.1,0.2,473.1,130.9,1,5.0,High
V101,B21051,Idly_Batter,4.492,43.4,1,fridge,31.7,62.6,5.4,22.9,0.53,233.2,172.6,2,4.04,High
V102,B21052,Idly_Batter,4.486,69.0,1,counter,32.6,62.8,7.9,16.4,0.25,548.1,147.0,10,4.08,High
V103,B21053,Dosa_Batter,4.48,22.3,1,backroom,36.6,76.6,6.7,20.0,0.72,150.3,193.7,2,4.24,High
V104,B21054,Dosa_Batter,4.495,50.3,1,fridge,31.7,61.7,3.6,27.1,0.35,181.5,165.7,10,3.41,High
V105,B21055,Idly_Batter,4.467,10.8,1,fridge,35.7,72.4,4.1,2.2,0.3,44.9,205.2,10,4.29,Low
V106,B21056,Combo_Pack,4.492,61.1,1,fridge,29.8,67.2,5.0,8.6,0.46,302.9,154.9,2,4.2,High
V107,B21057,Idly_Batter,4.472,61.6,0,counter,26.7,53.4,-1.0,17.9,0.35,1640.7,0.0,5,4.3,High
V108,B21058,Combo_Pack,4.462,0.8,0,counter,35.8,83.1,-1.0,0.3,0.67,28.8,47.2,5,3.86,Low
V109,B21059,Idly_Batter,4.437,24.7,1,backroom,34.5,78.0,3.9,7.7,0.61,96.2,191.3,10,4.0,Medium
V110,B21060,Dosa_Batter,4.521,71.5,1,backroom,34.5,71.7,2.9,47.9,0.47,209.7,144.5,5,4.63,High
V111,B21061,Dosa_Batter,4.502,81.1,1,counter,31.5,66.6,4.6,6.0,0.51,374.9,134.9,10,3.38,High
V112,B21062,Idly_Batter,4.48,76.1,0,counter,28.1,77.4,-1.0,15.7,0.2,2140.0,0.0,1,3.86,High
V113,B21063,Combo_Pack,4.496,43.8,1,backroom,31.5,74.1,6.4,2.6,0.12,281.6,172.2,5,4.34,High
V114,B21064,Idly_Batter,4.437,34.0,1,counter,31.3,59.4,2.3,2.4,0.78,78.7,182.0,5,4.59,Medium
V115,B21065,Dosa_Batter,4.425,83.6,1,counter,31.9,76.3,5.4,12.1,0.59,453.6,132.4,1,3.65,High
V116,B21066,Dosa_Batter,4.465,85.8,1,counter,30.0,66.6,5.4,13.9,0.5,466.3,130.2,2,4.32,High
V117,B21067,Idly_Batter,4.473,52.7,1,counter,30.1,88.2,6.5,52.1,0.37,342.5,163.3,1,4.59,High
V118,B21068,Idly_Batter,4.469,47.1,0,backroom,32.5,56.8,-1.0,20.2,0.32,1533.2,0.9,5,3.58,High
V119,B21069,Idly_Batter,4.441,25.2,0,counter,29.9,61.7,-1.0,12.5,0.38,753.3,22.8,1,4.52,High
V120,B21070,Idly_Batter,4.484,32.3,0,backroom,32.1,70.8,-1.0,24.6,0.81,1037.4,15.7,5,4.95,High
V121,B21071,Idly_Batter,4.475,51.0,0,counter,27.2,68.6,-1.0,19.2,0.84,1389.7,0.0,2,3.55,High
V122,B21072,Combo_Pack,4.5,2.3,1,fridge,29.9,76.6,3.6,1.3,0.35,8.1,213.7,5,3.84,Low
V123,B21073,Combo_Pack,4.475,36.3,1,backroom,32.9,78.0,4.3,26.9,0.58,154.8,179.7,5,3.88,High
V124,B21074,Dosa_Batter,4.444,8.2,0,backroom,35.1,76.8,-1.0,3.4,0.48,287.1,39.8,1,4.02,High
V100,B21075,Idly_Batter,4.439,94.2,0,counter,31.0,67.0,-1.0,63.1,0.48,2922.1,0.0,10,5.0,High
V101,B21076,Combo_Pack,4.464,1.7,0,counter,31.9,80.3,-1.0,1.3,0.3,53.6,46.3,1,4.49,Medium
V102,B21077,Idly_Batter,4.471,20.0,1,counter,30.4,78.4,5.9,15.2,0.48,118.7,196.0,10,4.11,Medium
V103,B21078,Dosa_Batter,4.463,5.2,0,backroom,32.9,67.6,-1.0,3.0,0.35,172.2,42.8,10,3.97,High
V104,B21079,Dosa_Batter,4.472,6.9,1,fridge,29.9,68.9,3.7,4.1,0.47,25.3,209.1,10,4.27,Low
V105,B21080,Idly_Batter,4.463,28.2,0,counter,30.6,69.4,-1.0,21.1,0.4,862.2,19.8,10,4.33,High
V106,B21081,Dosa_Batter,4.425,1.6,1,fridge,31.2,76.4,6.7,0.5,0.91,10.5,214.4,5,4.0,Low
V107,B21082,Dosa_Batter,4.467,78.3,1,counter,30.0,68.2,4.7,30.6,0.91,366.3,137.7,2,4.47,High
V108,B21083,Combo_Pack,4.469,45.1,1,fridge,29.7,70.6,5.2,14.3,0.48,233.3,170.9,10,4.91,High
V109,B21084,Idly_Batter,4.508,6.9,1,counter,35.4,62.9,6.0,4.6,0.14,41.5,209.1,10,4.98,Low
V110,B21085,Dosa_Batter,4.466,24.3,0,backroom,32.8,62.9,-1.0,23.3,0.48,796.1,23.7,10,3.85,High
V111,B21086,Dosa_Batter,4.421,8.6,1,counter,32.1,79.7,5.8,6.5,0.64,50.0,207.4,10,3.87,Low
V112,B21087,Dosa_Batter,4.513,71.6,1,backroom,31.6,66.3,3.8,8.5,0.55,271.4,144.4,1,4.05,High
V113,B21088,Dosa_Batter,4.463,38.6,1,fridge,30.4,62.6,4.9,5.9,0.18,187.4,177.4,1,3.88,High
V114,B21089,Combo_Pack,4.518,20.9,1,counter,32.5,68.1,4.9,18.6,0.75,103.3,195.1,2,3.95,Medium
V115,B21090,Combo_Pack,4.405,37.2,1,counter,25.8,73.9,6.4,16.2,0.46,239.3,178.8,1,4.13,High
V116,B21091,Combo_Pack,4.462,48.1,0,counter,28.8,72.9,-1.0,0.9,0.5,1388.3,0.0,5,3.73,High
V117,B21092,Combo_Pack,4.473,45.6,0,backroom,33.3,76.9,-1.0,34.7,0.56,1519.0,2.4,5,4.05,High
V118,B21093,Dosa_Batter,4.433,72.7,0,backroom,27.7,82.6,-1.0,50.6,0.57,2012.4,0.0,2,3.67,High
V119,B21094,Combo_Pack,4.463,39.1,1,backroom,31.6,81.1,4.3,22.1,0.49,169.9,176.9,2,4.87,High
V120,B21095,Combo_Pack,4.431,94.9,1,counter,26.0,40.0,6.7,17.1,0.69,639.8,121.1,2,4.17,High
V121,B21096,Idly_Batter,4.424,88.4,0,backroom,35.2,77.5,-1.0,87.4,0.45,3110.0,0.0,5,3.81,High
V122,B21097,Combo_Pack,4.463,88.5,0,backroom,33.7,61.5,-1.0,61.3,0.63,2978.3,0.0,5,3.67,High
V123,B21098,Dosa_Batter,4.492,75.8,1,backroom,26.8,80.6,5.4,57.8,0.3,407.7,140.2,10,3.89,High
V124,B21099,Idly_Batter,4.481,30.8,0,counter,31.0,63.5,-1.0,2.4,0.22,955.5,17.2,10,4.26,High
V100,B21100,Combo_Pack,4.499,57.2,1,counter,27.0,65.8,5.3,37.7,0.51,303.6,158.8,2,3.69,High
V101,B21101,Dosa_Batter,4.433,35.6,1,counter,27.7,59.7,3.8,17.2,0.3,136.1,180.4,10,4.53,Medium
V102,B21102,Dosa_Batter,4.468,23.8,0,backroom,28.6,64.5,-1.0,13.3,0.69,678.9,24.2,2,4.11,High
V103,B21103,Dosa_Batter,4.468,33.3,0,backroom,28.6,78.5,-1.0,23.8,0.67,953.9,14.7,2,4.8,High
V104,B21104,Dosa_Batter,4.401,32.0,0,backroom,29.1,65.4,-1.0,10.1,0.76,933.1,16.0,5,3.82,High
V105,B21105,Dosa_Batter,4.422,75.9,1,counter,32.8,75.0,7.5,67.1,0.77,572.8,140.1,5,4.32,High
V106,B21106,Idly_Batter,4.454,41.3,0,counter,28.1,48.6,-1.0,22.7,0.83,1158.1,6.7,2,4.19,High
V107,B21107,Dosa_Batter,4.457,34.4,1,counter,30.1,80.3,4.7,16.4,0.14,162.8,181.6,5,4.51,High
V108,B21108,Dosa_Batter,4.48,26.0,0,counter,39.5,70.9,-1.0,22.8,0.25,1026.1,22.0,5,4.41,High
V109,B21109,Dosa_Batter,4.454,44.6,1,fridge,35.4,69.9,4.8,39.6,0.05,212.4,171.4,1,4.27,High
V110,B21110,Combo_Pack,4.471,61.4,0,backroom,26.8,51.2,-1.0,10.1,0.68,1647.0,0.0,5,4.18,High
V111,B21111,Idly_Batter,4.426,55.5,1,backroom,30.4,61.2,4.3,20.0,0.42,238.6,160.5,1,3.4,High
V112,B21112,Dosa_Batter,4.412,75.0,1,counter,30.0,48.5,7.3,27.3,0.52,544.1,141.0,1,4.55,High
V113,B21113,Idly_Batter,4.416,3.6,0,counter,31.5,83.7,-1.0,3.5,0.23,114.5,44.4,10,3.98,Medium
V114,B21114,Idly_Batter,4.5,77.0,1,fridge,35.7,64.8,3.8,39.8,0.44,290.9,139.0,10,4.64,High
V115,B21115,Combo_Pack,4.454,85.9,1,backroom,31.1,59.5,4.5,71.7,0.67,385.9,130.1,2,4.12,High
V116,B21116,Idly_Batter,4.452,31.9,1,backroom,31.9,80.8,2.9,10.2,0.31,93.0,184.1,1,3.42,Medium
V117,B21117,Combo_Pack,4.43,36.0,0,backroom,23.2,68.2,-1.0,17.6,0.84,837.4,12.0,10,4.22,High
V118,B21118,Combo_Pack,4.456,51.1,1,counter,26.1,81.7,6.3,26.7,0.48,319.4,164.9,2,4.34,High
V119,B21119,Combo_Pack,4.532,38.5,1,counter,33.2,61.8,5.3,32.1,0.35,205.2,177.5,10,3.94,High
V120,B21120,Combo_Pack,4.476,57.6,1,counter,25.6,61.1,2.0,50.2,0.49,116.8,158.4,5,4.04,Medium
V121,B21121,Dosa_Batter,4.441,28.8,0,counter,34.2,72.0,-1.0,10.7,0.79,984.7,19.2,2,4.24,High
V122,B21122,Dosa_Batter,4.514,63.6,1,backroom,25.5,63.9,4.7,3.5,0.43,301.9,152.4,2,3.46,High
V123,B21123,Idly_Batter,4.415,24.0,0,backroom,31.7,69.2,-1.0,19.6,0.31,761.0,24.0,10,4.38,High
V124,B21124,Dosa_Batter,4.516,55.9,0,counter,32.9,61.6,-1.0,17.3,0.24,1840.3,0.0,5,3.96,High
V100,B21125,Idly_Batter,4.446,88.0,1,counter,34.9,57.1,3.7,16.1,0.11,323.2,128.0,10,4.44,High
V101,B21126,Dosa_Batter,4.473,6.0,0,counter,32.4,47.5,-1.0,1.1,0.11,195.6,42.0,1,4.29,High
V102,B21127,Dosa_Batter,4.456,3.9,0,counter,26.9,72.1,-1.0,1.0,0.11,105.6,44.1,10,4.51,Medium
V103,B21128,Idly_Batter,4.472,92.2,1,counter,34.6,60.8,5.9,42.7,0.5,547.7,123.8,2,3.87,High
V104,B21129,Dosa_Batter,4.431,9.2,1,backroom,27.8,78.4,6.4,2.8,0.66,58.8,206.8,2,3.92,Low
V105,B21130,Dosa_Batter,4.469,68.1,0,backroom,27.6,74.8,-1.0,36.0,0.07,1876.7,0.0,2,4.64,High
V106,B21131,Dosa_Batter,4.414,85.7,0,counter,32.3,75.9,-1.0,20.5,0.84,2766.8,0.0,5,4.05,High
V107,B21132,Combo_Pack,4.494,40.4,1,counter,31.0,65.8,3.7,30.2,0.71,151.3,175.6,5,4.33,High
V108,B21133,Idly_Batter,4.444,27.7,1,counter,29.6,70.2,2.0,16.3,0.58,55.4,188.3,10,3.66,Low
V109,B21134,Dosa_Batter,4.462,75.6,1,backroom,32.3,56.1,8.3,14.2,0.75,626.8,140.4,1,4.38,High
V110,B21135,Dosa_Batter,4.466,95.0,0,counter,32.7,83.5,-1.0,12.6,0.83,3108.1,0.0,1,4.48,High
V111,B21136,Idly_Batter,4.412,74.2,1,backroom,31.1,83.8,5.1,66.9,0.5,376.6,141.8,2,3.45,High
V112,B21137,Idly_Batter,4.549,43.0,1,fridge,31.9,57.4,4.0,18.2,0.67,170.3,173.0,5,4.3,High
V113,B21138,Idly_Batter,4.401,20.8,0,counter,32.6,66.4,-1.0,16.2,0.55,677.9,27.2,2,3.86,High
V114,B21139,Idly_Batter,4.434,89.8,1,fridge,27.4,76.7,7.6,23.3,0.57,680.6,126.2,5,3.36,High
V115,B21140,Dosa_Batter,4.436,46.1,0,counter,29.5,72.4,-1.0,26.1,0.53,1362.1,1.9,5,3.87,High
V116,B21141,Dosa_Batter,4.456,57.4,0,backroom,31.0,76.5,-1.0,40.4,0.91,1782.7,0.0,1,4.31,High
V117,B21142,Combo_Pack,4.481,72.8,0,counter,26.8,75.8,-1.0,40.4,0.64,1953.3,0.0,2,4.48,High
V118,B21143,Idly_Batter,4.479,95.4,1,backroom,31.7,76.6,8.2,30.7,0.78,782.2,120.6,2,3.7,High
V119,B21144,Combo_Pack,4.439,2.1,0,backroom,33.0,66.4,-1.0,0.5,0.38,68.8,45.9,10,4.21,Medium
V120,B21145,Idly_Batter,4.489,4.4,1,counter,25.7,90.0,4.9,3.2,0.37,21.5,211.6,2,4.12,Low
V121,B21146,Idly_Batter,4.477,23.4,1,backroom,35.1,77.7,5.2,0.8,0.41,121.3,192.6,1,4.05,Medium
V122,B21147,Dosa_Batter,4.472,91.9,1,counter,36.0,81.1,3.7,46.3,0.27,338.6,124.1,1,4.16,High
V123,B21148,Dosa_Batter,4.502,36.0,0,backroom,29.3,69.5,-1.0,4.9,0.26,1054.9,12.0,1,5.0,High
V124,B21149,Idly_Batter,4.481,12.6,0,counter,34.7,82.6,-1.0,11.7,0.52,437.1,35.4,10,4.88,High
V100,B21150,Dosa_Batter,4.487,15.1,1,backroom,33.2,83.7,5.6,13.8,0.21,84.8,200.9,10,3.76,Medium
V101,B21151,Dosa_Batter,4.448,19.9,1,fridge,34.7,72.4,6.5,9.5,0.39,129.2,196.1,1,3.83,Medium
V102,B21152,Idly_Batter,4.484,18.2,1,counter,27.1,59.7,8.3,13.0,0.89,151.6,197.8,1,4.84,Medium
V103,B21153,Dosa_Batter,4.426,16.4,1,counter,32.3,68.8,6.0,10.6,0.44,98.3,199.6,5,3.75,Medium
V104,B21154,Idly_Batter,4.434,71.5,0,backroom,29.7,69.2,-1.0,13.8,0.59,2125.5,0.0,1,4.68,High
V105,B21155,Dosa_Batter,4.472,27.9,1,fridge,29.9,79.0,7.1,26.8,0.47,199.4,188.1,1,4.21,High
V106,B21156,Combo_Pack,4.45,74.0,0,counter,25.9,58.0,-1.0,70.4,0.19,1912.5,0.0,10,4.9,High
V107,B21157,Idly_Batter,4.486,50.1,1,fridge,30.7,95.0,7.8,24.7,0.76,391.5,165.9,2,4.64,High
V108,B21158,Dosa_Batter,4.419,20.9,1,backroom,28.1,64.3,3.8,0.0,0.36,78.3,195.1,10,4.33,Medium
V109,B21159,Combo_Pack,4.465,31.1,1,fridge,30.8,77.2,2.0,14.0,0.31,62.1,184.9,2,4.49,Low
V110,B21160,Combo_Pack,4.445,64.8,0,counter,25.8,77.7,-1.0,20.9,0.28,1673.4,0.0,5,4.06,High
V111,B21161,Dosa_Batter,4.408,16.6,0,counter,34.6,69.2,-1.0,8.3,0.19,576.4,31.4,2,3.92,High
V112,B21162,Combo_Pack,4.476,9.9,0,counter,27.1,53.8,-1.0,0.0,0.41,267.5,38.1,1,3.44,High
V113,B21163,Combo_Pack,4.446,82.0,1,fridge,30.9,81.6,3.1,70.6,0.71,253.5,134.0,10,4.79,High
V114,B21164,Idly_Batter,4.478,78.3,0,backroom,27.9,72.4,-1.0,63.6,0.22,2187.8,0.0,2,3.68,High
V115,B21165,Dosa_Batter,4.504,33.0,1,fridge,28.9,70.9,6.0,2.6,0.56,199.1,183.0,2,4.01,High
V116,B21166,Combo_Pack,4.445,36.0,1,counter,27.4,63.9,2.0,24.3,0.43,72.1,180.0,10,4.62,Low
V117,B21167,Dosa_Batter,4.485,7.1,0,counter,30.8,88.8,-1.0,6.9,0.32,217.7,40.9,1,4.32,High
V118,B21168,Combo_Pack,4.424,5.9,1,fridge,29.4,61.8,6.2,3.5,0.24,36.2,210.1,10,3.36,Low
V119,B21169,Idly_Batter,4.453,61.5,1,backroom,28.4,60.1,5.7,13.1,0.12,351.4,154.5,2,4.68,High
V120,B21170,Idly_Batter,4.427,0.0,0,backroom,32.9,72.7,-1.0,0.0,0.63,1.5,48.0,2,3.89,Low
V121,B21171,Idly_Batter,4.474,61.8,0,counter,30.4,62.8,-1.0,29.3,0.28,1880.2,0.0,2,3.88,High
V122,B21172,Dosa_Batter,4.444,50.6,0,counter,22.0,72.4,-1.0,8.7,0.4,1113.3,0.0,5,3.82,High
V123,B21173,Idly_Batter,4.432,81.9,1,counter,26.9,80.2,4.7,63.8,0.44,380.9,134.1,5,4.12,High
V124,B21174,Idly_Batter,4.48,94.8,1,backroom,32.3,74.2,6.0,78.9,0.5,566.1,121.2,10,4.12,High
V100,B21175,Idly_Batter,4.483,93.2,0,counter,27.6,81.0,-1.0,31.1,0.57,2572.1,0.0,5,3.81,High
V101,B21176,Dosa_Batter,4.51,57.2,0,counter,30.9,74.6,-1.0,52.4,0.81,1764.0,0.0,2,3.77,High
V102,B21177,Dosa_Batter,4.477,45.0,0,counter,31.8,72.8,-1.0,23.4,0.52,1429.6,3.0,1,4.51,High
V103,B21178,Dosa_Batter,4.44,52.4,1,counter,27.2,65.5,6.3,0.3,0.39,329.5,163.6,5,3.83,High
V104,B21179,Combo_Pack,4.457,29.3,0,backroom,29.0,70.6,-1.0,20.0,0.26,851.6,18.7,5,4.52,High
V105,B21180,Idly_Batter,4.434,44.9,1,backroom,34.0,50.0,5.7,43.8,0.6,257.2,171.1,10,4.09,High
V106,B21181,Idly_Batter,4.469,82.9,0,counter,32.6,58.5,-1.0,38.7,0.45,2706.3,0.0,5,4.22,High
V107,B21182,Dosa_Batter,4.512,24.6,0,backroom,27.1,67.1,-1.0,19.7,0.36,667.6,23.4,10,3.87,High
V108,B21183,Combo_Pack,4.465,27.2,0,counter,30.7,59.3,-1.0,26.4,0.93,836.9,20.8,5,4.55,High
V109,B21184,Idly_Batter,4.482,86.4,1,fridge,28.0,85.0,3.8,49.5,0.29,324.2,129.6,10,4.2,High
V110,B21185,Combo_Pack,4.418,65.5,0,backroom,30.9,66.1,-1.0,17.3,0.2,2026.3,0.0,2,4.5,High
V111,B21186,Idly_Batter,4.466,27.1,0,counter,29.3,76.2,-1.0,8.8,0.57,794.8,20.9,5,3.74,High
V112,B21187,Dosa_Batter,4.446,1.1,1,counter,33.0,79.5,4.1,0.4,0.44,4.6,214.9,2,4.5,Low
V113,B21188,Dosa_Batter,4.436,37.6,0,backroom,36.4,85.4,-1.0,26.7,0.82,1370.3,10.4,10,4.13,High
V114,B21189,Combo_Pack,4.478,57.5,1,counter,30.0,70.4,6.6,21.3,0.22,382.0,158.5,5,4.14,High
V115,B21190,Idly_Batter,4.417,40.4,0,counter,27.8,68.0,-1.0,19.2,0.44,1122.8,7.6,10,3.88,High
V116,B21191,Idly_Batter,4.464,37.7,0,counter,25.2,59.9,-1.0,28.9,0.42,952.9,10.3,1,4.08,High
V117,B21192,Dosa_Batter,4.477,25.4,1,backroom,29.0,71.0,3.6,15.6,0.48,92.2,190.6,5,4.45,Medium
V118,B21193,Dosa_Batter,4.47,13.6,0,counter,30.5,57.3,-1.0,4.9,0.8,414.1,34.4,10,4.04,High
V119,B21194,Dosa_Batter,4.433,90.5,0,counter,29.4,70.6,-1.0,5.2,0.85,2663.9,0.0,1,3.87,High
V120,B21195,Dosa_Batter,4.472,93.4,0,counter,32.8,88.0,-1.0,8.6,0.78,3063.0,0.0,10,4.35,High
V121,B21196,Combo_Pack,4.434,44.5,1,backroom,30.7,66.2,4.7,42.8,0.29,208.5,171.5,5,4.18,High
V122,B21197,Dosa_Batter,4.495,3.7,1,counter,34.7,66.1,5.5,2.9,0.3,20.3,212.3,1,4.54,Low
V123,B21198,Dosa_Batter,4.438,91.5,1,counter,29.1,83.8,4.2,19.5,0.32,384.3,124.5,10,4.98,High
V124,B21199,Combo_Pack,4.443,53.5,0,counter,32.0,69.6,-1.0,10.0,0.29,1712.7,0.0,5,4.58,High
V100,B21200,Combo_Pack,4.493,32.4,0,counter,33.9,81.8,-1.0,1.8,0.53,1100.6,15.6,10,4.24,High
V101,B21201,Combo_Pack,4.443,28.4,1,fridge,33.4,79.3,4.8,11.9,0.39,135.2,187.6,2,4.19,Medium
V102,B21202,Combo_Pack,4.47,35.1,1,backroom,33.2,71.2,2.0,34.2,0.23,72.0,180.9,2,3.53,Medium
V103,B21203,Dosa_Batter,4.45,60.1,1,counter,34.3,54.9,4.6,12.3,0.22,276.4,155.9,5,4.06,High
V104,B21204,Idly_Batter,4.424,94.9,1,counter,30.8,57.7,3.9,90.9,0.08,374.5,121.1,10,3.62,High
V105,B21205,Combo_Pack,4.433,76.7,1,fridge,30.8,77.3,4.5,45.6,0.39,348.9,139.3,1,3.72,High
V106,B21206,Combo_Pack,4.477,84.6,1,fridge,28.6,60.6,7.3,84.0,0.53,618.6,131.4,5,4.01,High
V107,B21207,Idly_Batter,4.414,58.1,0,backroom,30.4,58.3,-1.0,7.6,0.64,1766.8,0.0,5,4.47,High
V108,B21208,Idly_Batter,4.434,30.9,0,counter,35.5,73.8,-1.0,22.0,0.19,1097.2,17.1,2,4.92,High
V109,B21209,Dosa_Batter,4.472,32.8,0,backroom,31.5,73.7,-1.0,2.7,0.64,1033.1,15.2,10,4.11,High
V110,B21210,Idly_Batter,4.463,57.9,0,backroom,32.6,63.0,-1.0,26.3,0.59,1889.1,0.0,1,4.47,High
V111,B21211,Dosa_Batter,4.488,42.2,1,fridge,26.7,75.4,7.1,29.9,0.3,300.0,173.8,10,4.4,High
V112,B21212,Dosa_Batter,4.528,48.1,0,counter,28.8,54.2,-1.0,4.8,0.37,1382.3,0.0,2,3.8,High
V113,B21213,Dosa_Batter,4.497,18.5,0,backroom,29.5,52.4,-1.0,13.7,0.16,547.0,29.5,2,4.53,High
V114,B21214,Dosa_Batter,4.448,15.8,0,counter,32.5,71.4,-1.0,8.4,0.15,513.3,32.2,2,3.98,High
V115,B21215,Combo_Pack,4.403,91.9,0,counter,33.4,55.2,-1.0,9.2,0.27,3071.8,0.0,10,5.0,High
V116,B21216,Combo_Pack,4.488,41.1,1,counter,36.6,81.6,3.0,35.6,0.24,121.3,174.9,10,3.94,Medium
V117,B21217,Dosa_Batter,4.457,64.1,1,backroom,30.1,66.1,4.5,19.7,0.53,286.7,151.9,2,3.74,High
V118,B21218,Combo_Pack,4.515,47.1,0,counter,32.6,72.8,-1.0,34.5,0.21,1537.2,0.9,5,4.02,High
V119,B21219,Combo_Pack,4.413,88.6,1,backroom,30.8,58.3,5.0,52.2,0.39,441.5,127.4,1,5.0,High
V120,B21220,Idly_Batter,4.487,73.7,1,backroom,30.7,57.4,7.3,45.8,0.66,541.1,142.3,1,4.04,High
V121,B21221,Dosa_Batter,4.478,95.3,1,counter,34.9,79.9,7.7,1.9,0.76,738.6,120.7,1,4.77,High
V122,B21222,Idly_Batter,4.458,22.8,0,backroom,25.4,73.6,-1.0,19.4,0.63,579.9,25.2,10,3.46,High
V123,B21223,Combo_Pack,4.461,90.6,0,counter,31.5,88.2,-1.0,59.8,0.56,2852.0,0.0,2,3.54,High
V124,B21224,Dosa_Batter,4.417,7.5,0,backroom,31.7,68.1,-1.0,6.7,0.52,237.4,40.5,5,3.94,High
V100,B21225,Combo_Pack,4.429,3.0,1,fridge,30.7,81.9,5.6,1.3,0.21,17.1,213.0,1,4.06,Low
V101,B21226,Combo_Pack,4.461,29.1,0,backroom,28.5,80.8,-1.0,25.6,0.76,827.3,18.9,2,4.53,High
V102,B21227,Idly_Batter,4.419,57.5,1,counter,26.4,70.5,7.0,40.1,0.64,403.0,158.5,1,4.24,High
V103,B21228,Idly_Batter,4.447,87.3,1,fridge,31.8,59.7,5.8,81.2,0.77,503.8,128.7,5,3.89,High
V104,B21229,Idly_Batter,4.485,28.4,0,backroom,34.7,75.1,-1.0,6.9,0.31,983.6,19.6,10,4.65,High
V105,B21230,Idly_Batter,4.459,17.3,1,counter,29.6,51.6,4.7,13.6,0.71,81.9,198.7,1,4.16,Medium
V106,B21231,Combo_Pack,4.487,10.3,0,counter,33.4,62.6,-1.0,4.2,0.44,343.8,37.7,10,3.89,High
V107,B21232,Combo_Pack,4.458,9.6,1,backroom,25.0,89.8,2.0,4.5,0.61,19.1,206.4,5,4.15,Low
V108,B21233,Combo_Pack,4.508,27.2,0,counter,31.4,82.6,-1.0,22.6,0.45,854.6,20.8,10,4.46,High
V109,B21234,Combo_Pack,4.438,87.4,1,counter,29.6,80.5,4.8,62.0,0.39,415.9,128.6,10,4.15,High
V110,B21235,Idly_Batter,4.426,64.3,0,counter,28.1,85.4,-1.0,6.1,0.49,1809.8,0.0,10,3.56,High
V111,B21236,Idly_Batter,4.444,1.1,0,backroom,32.3,62.4,-1.0,1.0,0.67,37.1,46.9,10,4.06,Low
V112,B21237,Combo_Pack,4.454,27.7,0,backroom,34.3,63.8,-1.0,5.9,0.37,947.7,20.3,5,4.15,High
V113,B21238,Combo_Pack,4.48,84.2,1,counter,36.6,69.6,4.6,77.2,0.75,388.2,131.8,10,3.9,High
V114,B21239,Combo_Pack,4.471,60.8,1,counter,31.6,72.3,5.6,11.8,0.59,339.3,155.2,10,4.91,High
V115,B21240,Dosa_Batter,4.414,57.3,0,backroom,35.2,94.2,-1.0,52.5,0.7,2017.6,0.0,5,3.88,High
V116,B21241,Idly_Batter,4.486,29.0,0,counter,32.0,71.1,-1.0,18.3,0.19,927.0,19.0,5,4.14,High
V117,B21242,Dosa_Batter,4.532,77.5,1,fridge,29.1,43.4,6.4,48.0,0.37,492.9,138.5,5,4.43,High
V118,B21243,Dosa_Batter,4.467,9.3,1,fridge,24.9,67.0,5.6,9.0,0.29,51.9,206.7,5,4.45,Low
V119,B21244,Combo_Pack,4.52,74.6,1,fridge,32.6,63.3,6.3,72.6,0.49,467.4,141.4,1,3.46,High
V120,B21245,Dosa_Batter,4.468,53.0,0,counter,29.5,73.0,-1.0,49.4,0.67,1563.8,0.0,10,3.96,High
V121,B21246,Dosa_Batter,4.493,47.4,1,counter,32.1,65.8,5.0,32.2,0.34,236.7,168.6,2,4.22,High
V122,B21247,Idly_Batter,4.462,54.5,1,fridge,34.2,64.0,7.8,29.5,0.49,424.6,161.5,5,3.95,High
V123,B21248,Idly_Batter,4.513,19.9,0,counter,32.2,76.6,-1.0,1.5,0.8,641.6,28.1,2,3.43,High
V124,B21249,Idly_Batter,4.462,84.0,1,counter,31.2,70.5,3.8,34.8,0.34,323.0,132.0,5,3.77,High
V100,B21250,Idly_Batter,4.438,83.5,0,counter,31.5,61.0,-1.0,32.6,0.12,2628.2,0.0,5,4.16,High
V101,B21251,Combo_Pack,4.485,31.7,1,counter,28.3,84.3,7.2,2.8,0.28,230.0,184.3,1,4.38,High
V102,B21252,Idly_Batter,4.516,44.4,1,backroom,24.5,82.4,6.2,36.3,0.72,275.0,171.6,2,4.36,High
V103,B21253,Idly_Batter,4.502,4.2,1,backroom,31.9,71.7,5.0,2.3,0.56,21.2,211.8,5,4.63,Low
V104,B21254,Combo_Pack,4.471,46.4,1,backroom,31.4,71.4,4.4,36.9,0.32,203.3,169.6,2,4.02,High
V105,B21255,Combo_Pack,4.424,32.0,0,counter,35.7,65.6,-1.0,8.8,0.21,1143.1,16.0,5,4.7,High
V106,B21256,Dosa_Batter,4.428,62.1,0,counter,34.5,75.2,-1.0,25.0,0.69,2142.7,0.0,1,4.59,High
V107,B21257,Dosa_Batter,4.484,75.7,0,counter,32.9,80.8,-1.0,29.9,0.55,2493.2,0.0,10,3.54,High
V108,B21258,Combo_Pack,4.472,30.7,0,counter,29.0,74.0,-1.0,11.9,0.5,892.5,17.3,1,3.81,High
V109,B21259,Idly_Batter,4.483,92.5,1,fridge,26.3,49.7,6.9,9.3,0.57,639.7,123.5,1,4.35,High
V110,B21260,Dosa_Batter,4.456,69.5,1,fridge,32.0,79.2,7.2,28.3,0.41,503.3,146.5,5,3.56,High
V111,B21261,Combo_Pack,4.466,67.8,0,counter,29.6,80.2,-1.0,41.4,0.6,2005.0,0.0,10,4.84,High
V112,B21262,Dosa_Batter,4.445,26.1,0,backroom,30.1,56.1,-1.0,24.0,0.97,786.6,21.9,5,4.19,High
V113,B21263,Combo_Pack,4.493,94.4,0,counter,25.3,65.8,-1.0,26.6,0.61,2387.2,0.0,2,4.56,High
V114,B21264,Idly_Batter,4.471,30.2,1,fridge,27.3,74.3,6.3,20.8,0.9,191.4,185.8,2,4.09,High
V115,B21265,Idly_Batter,4.52,40.1,1,counter,32.1,75.7,5.6,3.4,0.52,225.5,175.9,2,4.68,High
V116,B21266,Idly_Batter,4.412,32.8,1,fridge,29.0,67.1,4.5,6.7,0.6,146.9,183.2,2,4.31,Medium
V117,B21267,Dosa_Batter,4.496,70.5,0,backroom,31.5,61.8,-1.0,33.4,0.31,2219.6,0.0,5,4.55,High
V118,B21268,Idly_Batter,4.528,64.0,1,counter,30.4,59.3,4.7,9.9,0.84,303.0,152.0,2,3.99,High
V119,B21269,Dosa_Batter,4.47,36.4,1,counter,32.5,56.4,5.1,20.5,0.37,186.7,179.6,1,3.76,High
V120,B21270,Combo_Pack,4.457,82.7,1,backroom,28.3,76.9,6.5,43.1,0.25,534.7,133.3,1,4.31,High
V121,B21271,Idly_Batter,4.505,27.6,1,counter,29.4,80.2,7.0,15.9,0.49,192.2,188.4,5,4.5,High
V122,B21272,Idly_Batter,4.441,46.5,1,counter,26.7,80.2,6.9,31.3,0.84,322.0,169.5,5,4.71,High
V123,B21273,Idly_Batter,4.454,5.8,1,fridge,28.0,82.5,5.3,2.2,0.7,30.6,210.2,2,5.0,Low
V124,B21274,Combo_Pack,4.503,65.5,1,backroom,31.8,47.9,4.4,17.6,0.55,290.3,150.5,1,5.0,High
V100,B21275,Combo_Pack,4.458,67.1,0,backroom,30.4,73.7,-1.0,40.1,0.05,2038.3,0.0,5,4.15,High
V101,B21276,Dosa_Batter,4.452,6.4,1,counter,28.8,95.0,4.4,1.6,0.78,28.2,209.6,10,3.9,Low
V102,B21277,Combo_Pack,4.408,25.7,1,backroom,30.6,60.3,5.7,16.6,0.38,146.8,190.3,1,4.58,High
V103,B21278,Idly_Batter,4.457,71.0,0,counter,33.4,67.5,-1.0,20.3,0.62,2374.1,0.0,5,4.38,High
V104,B21279,Dosa_Batter,4.488,39.4,0,backroom,32.6,71.3,-1.0,20.4,0.24,1283.4,8.6,10,3.65,High
V105,B21280,Dosa_Batter,4.475,11.0,1,fridge,26.4,65.4,7.3,10.9,0.28,80.4,205.0,1,4.27,Medium
V106,B21281,Idly_Batter,4.429,90.1,1,counter,29.0,72.8,5.9,2.9,0.65,533.2,125.9,5,4.35,High
V107,B21282,Dosa_Batter,4.447,62.0,0,backroom,31.3,66.3,-1.0,25.8,0.34,1940.2,0.0,5,4.42,High
V108,B21283,Dosa_Batter,4.456,63.9,0,backroom,32.4,69.2,-1.0,60.1,0.3,2069.3,0.0,2,4.18,High
V109,B21284,Dosa_Batter,4.427,48.6,1,fridge,34.4,61.7,2.5,3.6,0.67,121.6,167.4,10,4.12,Medium
V110,B21285,Combo_Pack,4.511,7.9,0,backroom,26.9,76.3,-1.0,4.3,0.23,212.0,40.1,2,4.93,High
V111,B21286,Combo_Pack,4.494,35.3,0,counter,36.1,68.8,-1.0,6.8,0.55,1274.1,12.7,1,3.77,High
V112,B21287,Dosa_Batter,4.476,68.8,0,backroom,36.9,52.2,-1.0,30.0,0.76,2536.3,0.0,10,3.23,High
V113,B21288,Dosa_Batter,4.485,21.3,0,counter,31.4,63.6,-1.0,18.6,0.24,667.9,26.7,10,5.0,High
V114,B21289,Combo_Pack,4.519,26.0,0,backroom,29.1,70.6,-1.0,24.9,0.11,758.1,22.0,5,4.62,High
V115,B21290,Dosa_Batter,4.46,12.4,1,fridge,33.8,70.5,7.8,9.2,0.49,96.4,203.6,1,4.93,Medium
V116,B21291,Idly_Batter,4.496,95.0,1,fridge,32.2,52.7,5.0,61.7,0.46,475.3,121.0,5,3.44,High
V117,B21292,Combo_Pack,4.423,78.3,1,counter,30.7,82.8,4.3,50.2,0.35,334.6,137.7,10,3.66,High
V118,B21293,Combo_Pack,4.475,55.1,1,fridge,31.7,70.7,3.8,17.2,0.49,211.4,160.9,10,4.68,High
V119,B21294,Combo_Pack,4.469,72.9,1,counter,29.0,69.7,5.0,33.0,0.32,367.9,143.1,1,4.16,High
V120,B21295,Idly_Batter,4.464,23.1,0,counter,30.6,60.2,-1.0,21.3,0.42,708.3,24.9,1,3.93,High
V121,B21296,Idly_Batter,4.454,46.3,1,fridge,32.1,74.4,7.3,43.1,0.62,337.6,169.7,10,4.2,High
V122,B21297,Dosa_Batter,4.44,51.0,0,backroom,30.1,77.5,-1.0,7.6,0.77,1535.8,0.0,10,3.41,High
V123,B21298,Idly_Batter,4.42,73.4,1,backroom,31.4,63.0,4.6,43.9,0.61,338.3,142.6,10,4.69,High
V124,B21299,Idly_Batter,4.489,86.3,0,backroom,34.4,67.3,-1.0,42.5,0.92,2966.2,0.0,5,4.48,High
V100,B21300,Dosa_Batter,4.493,63.5,1,fridge,29.0,74.1,4.5,56.5,0.56,286.4,152.5,5,4.19,High
V101,B21301,Dosa_Batter,4.404,17.1,1,backroom,25.0,66.8,4.7,10.4,0.43,80.3,198.9,1,4.44,Medium
V102,B21302,Dosa_Batter,4.455,85.3,1,backroom,31.5,68.9,5.7,0.4,0.32,483.2,130.7,5,3.59,High
V103,B21303,Combo_Pack,4.446,32.1,1,counter,28.7,59.5,4.1,10.0,0.26,132.3,183.9,2,4.75,Medium
V104,B21304,Dosa_Batter,4.438,59.0,0,backroom,31.4,42.1,-1.0,10.4,0.52,1851.4,0.0,5,3.93,High
V105,B21305,Combo_Pack,4.428,75.0,1,backroom,27.0,77.3,7.2,3.6,0.12,542.5,141.0,1,4.94,High
V106,B21306,Dosa_Batter,4.482,90.4,1,backroom,31.4,67.2,6.2,49.7,0.79,558.5,125.6,5,4.18,High
V107,B21307,Dosa_Batter,4.451,50.9,1,counter,31.0,75.1,5.0,13.7,0.05,256.7,165.1,1,4.45,High
V108,B21308,Dosa_Batter,4.424,43.1,0,counter,23.5,75.2,-1.0,30.8,0.63,1012.8,4.9,1,4.29,High
V109,B21309,Combo_Pack,4.43,94.6,1,backroom,29.4,69.0,4.7,60.6,0.45,444.8,121.4,10,4.47,High
V110,B21310,Dosa_Batter,4.487,94.9,1,fridge,31.3,73.7,7.4,24.8,0.66,704.6,121.1,2,3.84,High
V111,B21311,Dosa_Batter,4.443,80.9,0,counter,33.5,69.9,-1.0,57.4,0.81,2709.7,0.0,2,4.52,High
V112,B21312,Combo_Pack,4.405,18.5,0,counter,31.3,55.7,-1.0,13.3,0.28,580.0,29.5,2,3.85,High
V113,B21313,Idly_Batter,4.443,62.3,1,counter,29.3,60.1,5.0,59.7,0.2,311.6,153.7,10,4.29,High
V114,B21314,Dosa_Batter,4.443,31.9,1,counter,31.8,68.1,7.3,8.8,0.43,232.7,184.1,10,3.74,High
V115,B21315,Dosa_Batter,4.461,58.7,1,counter,32.3,66.6,7.3,29.5,0.59,426.6,157.3,1,4.36,High
V116,B21316,Combo_Pack,4.482,11.8,1,counter,30.4,71.0,4.9,8.2,0.62,58.1,204.2,5,4.37,Low
V117,B21317,Dosa_Batter,4.491,0.4,1,counter,34.4,51.6,2.1,0.3,0.56,0.8,215.6,10,4.56,Low
V118,B21318,Dosa_Batter,4.438,6.1,1,backroom,27.7,81.5,4.6,0.6,0.41,28.2,209.9,10,4.2,Low
V119,B21319,Dosa_Batter,4.479,58.4,1,backroom,33.4,63.3,4.4,22.0,0.57,254.9,157.6,5,4.2,High
V120,B21320,Combo_Pack,4.39,93.5,1,backroom,29.6,74.7,6.0,59.5,0.63,564.0,122.5,1,3.59,High
V121,B21321,Idly_Batter,4.461,63.8,1,counter,31.2,57.8,6.7,49.4,0.51,427.8,152.2,1,3.83,High
V122,B21322,Idly_Batter,4.501,44.7,1,fridge,28.7,60.7,3.4,12.7,0.47,151.9,171.3,5,4.91,High
V123,B21323,Idly_Batter,4.486,4.1,1,backroom,31.5,70.9,2.9,2.1,0.88,11.9,211.9,2,3.77,Low
V124,B21324,Dosa_Batter,4.436,89.6,1,counter,29.3,57.6,4.8,85.8,0.55,428.2,126.4,10,4.45,High
V100,B21325,Dosa_Batter,4.455,74.5,0,backroom,32.0,82.2,-1.0,12.8,0.82,2382.5,0.0,5,3.86,High
V101,B21326,Combo_Pack,4.459,31.0,1,backroom,33.1,68.9,7.3,7.1,0.63,225.0,185.0,1,3.86,High
V102,B21327,Idly_Batter,4.479,63.4,0,backroom,32.6,60.5,-1.0,32.5,0.35,2067.5,0.0,1,4.61,High
V103,B21328,Combo_Pack,4.436,36.5,1,counter,24.8,63.0,5.9,24.1,0.57,216.7,179.5,10,4.33,High
V104,B21329,Dosa_Batter,4.411,24.8,1,counter,33.1,61.8,4.5,19.2,0.65,111.7,191.2,2,3.97,Medium
V105,B21330,Idly_Batter,4.488,40.1,1,fridge,36.2,75.9,5.5,2.7,0.18,220.2,175.9,1,4.26,High
V106,B21331,Idly_Batter,4.442,23.6,1,backroom,30.2,50.4,7.4,10.1,0.29,176.0,192.4,1,4.01,High
V107,B21332,Idly_Batter,4.506,60.7,1,fridge,27.3,77.4,2.0,50.6,0.33,121.4,155.3,5,4.71,Medium
V108,B21333,Idly_Batter,4.467,47.8,1,counter,35.6,66.6,3.5,22.4,0.86,169.4,168.2,1,4.13,High
V109,B21334,Idly_Batter,4.472,71.6,0,counter,26.2,95.0,-1.0,33.1,0.5,1878.1,0.0,1,4.45,High
V110,B21335,Idly_Batter,4.475,57.7,0,counter,32.2,72.7,-1.0,11.2,0.87,1858.3,0.0,5,3.99,High
V111,B21336,Idly_Batter,4.368,27.9,0,backroom,32.5,64.9,-1.0,1.6,0.79,905.3,20.1,10,3.16,High
V112,B21337,Combo_Pack,4.468,38.0,1,counter,35.0,76.9,4.0,4.1,0.64,153.3,178.0,1,4.18,High
V113,B21338,Idly_Batter,4.456,91.7,0,backroom,33.7,92.3,-1.0,84.3,0.51,3096.3,0.0,5,4.97,High
V114,B21339,Idly_Batter,4.455,88.1,1,counter,32.0,63.9,5.6,15.4,0.03,497.1,127.9,5,3.91,High
V115,B21340,Combo_Pack,4.425,90.9,1,backroom,31.7,71.2,3.4,61.4,0.53,313.2,125.1,5,3.33,High
V116,B21341,Combo_Pack,4.517,90.1,1,counter,34.7,65.0,6.5,0.6,0.98,582.8,125.9,2,3.6,High
V117,B21342,Idly_Batter,4.476,94.7,1,backroom,30.1,76.4,6.4,92.1,0.57,605.8,121.3,5,5.0,High
V118,B21343,Dosa_Batter,4.444,91.7,1,fridge,32.1,72.1,7.3,18.8,0.87,665.3,124.3,1,4.27,High
V119,B21344,Idly_Batter,4.469,62.1,1,fridge,23.2,51.8,6.7,2.5,0.71,416.8,153.9,10,4.13,High
V120,B21345,Combo_Pack,4.471,28.9,0,backroom,32.2,58.5,-1.0,6.6,0.66,930.8,19.1,10,3.76,High
V121,B21346,Idly_Batter,4.431,12.5,0,backroom,36.2,69.7,-1.0,7.6,0.18,451.6,35.5,5,4.38,High
V122,B21347,Dosa_Batter,4.462,31.1,1,counter,36.8,67.2,3.2,19.9,0.98,98.6,184.9,2,3.95,Medium
V123,B21348,Idly_Batter,4.508,8.0,0,counter,29.5,64.8,-1.0,7.5,0.87,236.7,40.0,5,4.39,High
V124,B21349,Dosa_Batter,4.466,81.5,1,counter,30.9,63.2,4.1,62.9,0.49,335.8,134.5,10,4.81,High
V100,B21350,Combo_Pack,4.413,66.2,0,backroom,31.6,69.8,-1.0,18.0,0.38,2092.8,0.0,10,4.45,High
V101,B21351,Idly_Batter,4.448,21.9,1,counter,32.1,74.8,5.6,21.0,0.96,121.8,194.1,10,4.06,Medium
V102,B21352,Combo_Pack,4.451,34.1,1,backroom,25.7,72.1,3.2,20.4,0.53,109.6,181.9,2,4.06,Medium
V103,B21353,Combo_Pack,4.401,40.6,1,counter,30.4,69.9,5.4,6.8,0.39,218.0,175.4,2,4.04,High
V104,B21354,Dosa_Batter,4.505,80.5,0,counter,32.3,69.1,-1.0,3.3,0.48,2596.9,0.0,2,4.74,High
V105,B21355,Combo_Pack,4.422,29.7,0,backroom,33.8,74.2,-1.0,4.5,0.67,1004.8,18.3,5,4.39,High
V106,B21356,Idly_Batter,4.52,43.7,0,counter,34.7,67.3,-1.0,32.5,0.94,1517.2,4.3,5,4.58,High
V107,B21357,Combo_Pack,4.494,43.1,0,backroom,33.1,56.4,-1.0,13.7,0.81,1425.5,4.9,10,3.95,High
V108,B21358,Dosa_Batter,4.446,21.5,0,counter,30.7,68.8,-1.0,12.2,0.52,661.8,26.5,2,4.29,High
V109,B21359,Idly_Batter,4.458,82.0,1,counter,32.1,71.3,3.6,23.9,0.5,299.0,134.0,10,4.08,High
V110,B21360,Idly_Batter,4.452,62.5,1,backroom,29.9,71.4,5.6,26.9,0.59,347.2,153.5,2,4.22,High
V111,B21361,Idly_Batter,4.457,48.4,0,counter,32.8,73.0,-1.0,9.7,0.74,1589.2,0.0,1,4.02,High
V112,B21362,Idly_Batter,4.393,55.7,1,fridge,34.4,64.6,4.3,39.3,0.07,240.9,160.3,2,3.83,High
V113,B21363,Combo_Pack,4.509,19.5,1,fridge,27.3,89.2,4.8,16.0,0.47,93.4,196.5,10,4.4,Medium
V114,B21364,Idly_Batter,4.465,19.6,0,counter,25.6,68.4,-1.0,4.3,0.11,501.5,28.4,10,4.19,High
V115,B21365,Dosa_Batter,4.486,44.3,1,backroom,33.4,68.6,5.2,23.1,0.42,230.2,171.7,10,4.11,High
V116,B21366,Combo_Pack,4.441,90.4,1,backroom,31.0,57.8,5.6,43.7,0.12,503.6,125.6,10,4.2,High
V117,B21367,Dosa_Batter,4.453,54.0,0,backroom,26.1,79.5,-1.0,29.3,0.55,1413.2,0.0,10,5.0,High
V118,B21368,Dosa_Batter,4.431,61.1,0,backroom,35.9,72.4,-1.0,9.4,0.39,2193.6,0.0,2,4.02,High
V119,B21369,Idly_Batter,4.414,86.3,1,counter,31.9,65.0,2.0,2.1,0.66,172.7,129.7,2,4.13,High
V120,B21370,Dosa_Batter,4.453,77.3,1,fridge,32.4,95.0,6.7,63.3,0.56,514.0,138.7,2,4.46,High
V121,B21371,Combo_Pack,4.399,47.6,0,counter,28.9,80.4,-1.0,16.7,0.78,1374.8,0.4,2,4.2,High
V122,B21372,Idly_Batter,4.44,52.4,1,backroom,31.7,59.5,2.9,2.9,0.37,149.6,163.6,1,4.34,High
V123,B21373,Combo_Pack,4.463,53.1,1,backroom,29.8,89.0,4.4,0.8,0.65,234.4,162.9,10,3.84,High
V124,B21374,Combo_Pack,4.464,16.0,0,counter,31.6,69.7,-1.0,8.5,0.42,505.1,32.0,1,4.36,High
V100,B21375,Combo_Pack,4.443,29.9,1,fridge,29.0,54.9,2.7,2.6,0.65,79.3,186.1,1,3.95,Low
V101,B21376,Dosa_Batter,4.502,80.9,1,backroom,28.0,64.7,2.3,70.1,0.21,182.2,135.1,5,4.73,High
V102,B21377,Dosa_Batter,4.49,5.1,1,counter,24.7,76.8,5.6,1.4,0.74,28.4,210.9,1,4.12,Low
V103,B21378,Combo_Pack,4.45,45.4,1,fridge,34.2,73.8,5.4,43.0,0.75,247.1,170.6,5,3.68,High
V104,B21379,Idly_Batter,4.464,28.0,0,backroom,30.1,60.6,-1.0,7.5,0.29,841.6,20.0,1,4.22,High
V105,B21380,Dosa_Batter,4.441,37.8,0,counter,31.4,73.5,-1.0,32.7,0.56,1186.3,10.2,5,5.0,High
V106,B21381,Idly_Batter,4.469,18.8,1,fridge,34.2,78.8,4.9,18.4,0.38,92.3,197.2,2,4.58,Medium
V107,B21382,Idly_Batter,4.438,47.2,0,counter,31.4,71.6,-1.0,38.3,0.27,1482.2,0.8,1,4.38,High
V108,B21383,Idly_Batter,4.499,40.8,0,backroom,32.2,56.7,-1.0,10.2,0.82,1313.6,7.2,5,4.02,High
V109,B21384,Combo_Pack,4.441,53.4,1,backroom,37.1,61.0,5.4,3.3,0.42,287.2,162.6,10,4.03,High
V110,B21385,Idly_Batter,4.477,63.9,1,fridge,24.5,74.5,4.4,54.3,0.33,281.5,152.1,10,4.13,High
V111,B21386,Combo_Pack,4.469,72.3,0,backroom,33.9,75.7,-1.0,21.2,0.42,2451.0,0.0,5,4.2,High
V112,B21387,Combo_Pack,4.466,54.9,1,counter,28.1,82.5,5.5,21.7,0.63,299.6,161.1,5,3.87,High
V113,B21388,Idly_Batter,4.461,64.0,1,counter,30.5,79.6,3.3,17.2,0.79,208.5,152.0,10,3.72,High
V114,B21389,Combo_Pack,4.463,37.4,0,backroom,30.4,73.1,-1.0,28.3,0.31,1137.7,10.6,1,4.68,High
V115,B21390,Dosa_Batter,4.371,47.7,1,backroom,31.0,61.7,7.6,32.6,0.52,362.6,168.3,2,4.76,High
V116,B21391,Idly_Batter,4.458,71.2,1,fridge,32.5,65.9,8.2,41.0,0.54,586.6,144.8,1,4.48,High
V117,B21392,Combo_Pack,4.452,11.8,0,counter,34.5,84.5,-1.0,8.7,0.49,406.6,36.2,5,3.69,High
V118,B21393,Idly_Batter,4.462,23.5,0,backroom,26.7,77.0,-1.0,4.8,0.68,627.7,24.5,5,3.88,High
V119,B21394,Idly_Batter,4.502,78.8,1,fridge,27.3,67.3,5.2,62.5,0.41,412.2,137.2,10,4.57,High
V120,B21395,Dosa_Batter,4.493,11.9,0,backroom,29.3,76.5,-1.0,7.0,0.39,348.8,36.1,1,4.12,High
V121,B21396,Idly_Batter,4.44,75.6,1,fridge,26.4,55.1,5.1,44.7,0.7,387.7,140.4,5,3.78,High
V122,B21397,Idly_Batter,4.494,87.6,0,backroom,29.9,75.8,-1.0,48.2,0.67,2619.2,0.0,10,4.73,High
V123,B21398,Idly_Batter,4.511,22.6,1,fridge,31.3,78.5,5.3,1.3,0.53,120.4,193.4,10,4.22,Medium
V124,B21399,Dosa_Batter,4.448,92.7,0,counter,28.3,75.3,-1.0,90.3,0.35,2627.7,0.0,5,4.71,High
V100,B21400,Idly_Batter,4.494,59.7,1,counter,29.9,95.0,3.7,24.3,0.4,218.8,156.3,1,4.81,High
V101,B21401,Combo_Pack,4.506,51.5,1,backroom,33.4,81.0,5.2,4.6,0.65,266.9,164.5,10,3.5,High
V102,B21402,Combo_Pack,4.425,90.4,1,backroom,30.2,69.7,4.8,2.1,0.63,431.7,125.6,1,4.0,High
V103,B21403,Idly_Batter,4.437,49.3,0,backroom,34.3,66.3,-1.0,38.0,0.88,1693.5,0.0,1,4.46,High
V104,B21404,Dosa_Batter,4.497,68.6,1,counter,29.6,95.0,4.4,20.3,0.69,303.3,147.4,5,4.29,High
V105,B21405,Idly_Batter,4.452,4.8,1,counter,30.8,69.9,5.2,2.2,0.6,25.1,211.2,10,4.98,Low
V106,B21406,Idly_Batter,4.501,91.5,0,backroom,31.5,72.8,-1.0,24.4,0.58,2886.4,0.0,1,3.52,High
V107,B21407,Combo_Pack,4.453,83.8,1,counter,32.6,78.8,6.8,37.3,0.28,570.3,132.2,2,4.63,High
V108,B21408,Combo_Pack,4.452,92.7,1,counter,30.7,83.5,3.9,4.3,0.68,362.3,123.3,10,4.1,High
V109,B21409,Combo_Pack,4.521,95.6,1,fridge,30.0,41.7,4.9,79.7,0.32,465.2,120.4,10,3.98,High
V110,B21410,Combo_Pack,4.472,63.1,0,backroom,34.5,68.9,-1.0,53.6,0.53,2179.4,0.0,2,4.54,High
V111,B21411,Idly_Batter,4.435,11.4,0,backroom,34.9,74.3,-1.0,0.6,0.6,398.7,36.6,5,4.17,High
V112,B21412,Dosa_Batter,4.472,62.4,0,backroom,30.2,69.0,-1.0,61.6,0.15,1884.8,0.0,5,4.14,High
V113,B21413,Combo_Pack,4.478,82.6,1,counter,28.9,52.6,4.2,3.2,0.61,349.3,133.4,5,4.7,High
V114,B21414,Idly_Batter,4.397,89.4,1,backroom,29.7,68.3,4.2,36.2,0.74,372.5,126.6,2,4.82,High
V115,B21415,Idly_Batter,4.432,39.1,1,counter,29.1,75.1,6.2,16.5,0.11,243.4,176.9,10,4.81,High
V116,B21416,Dosa_Batter,4.489,78.5,1,counter,28.8,66.2,2.7,54.2,0.47,213.3,137.5,5,4.04,High
V117,B21417,Combo_Pack,4.403,7.6,0,counter,32.4,72.7,-1.0,6.5,0.64,245.8,40.4,1,4.45,High
V118,B21418,Idly_Batter,4.479,47.1,0,backroom,34.3,93.3,-1.0,41.7,0.47,1616.6,0.9,10,4.01,High
V119,B21419,Combo_Pack,4.452,40.4,0,counter,36.1,69.4,-1.0,12.7,0.74,1459.0,7.6,10,3.49,High
V120,B21420,Combo_Pack,4.446,77.1,0,backroom,31.0,60.4,-1.0,40.8,0.71,2387.6,0.0,1,4.23,High
V121,B21421,Dosa_Batter,4.45,66.1,1,fridge,32.2,80.0,4.7,21.7,0.56,309.9,149.9,2,5.0,High
V122,B21422,Idly_Batter,4.439,95.6,1,counter,27.7,65.9,4.2,35.5,0.48,399.9,120.4,5,4.89,High
V123,B21423,Dosa_Batter,4.482,81.1,0,backroom,31.1,77.2,-1.0,32.5,0.7,2524.6,0.0,5,3.46,High
V124,B21424,Combo_Pack,4.491,90.9,1,counter,25.8,60.4,2.0,37.4,0.22,185.9,125.1,10,3.96,High
V100,B21425,Idly_Batter,4.448,59.7,1,fridge,29.9,65.7,4.2,4.0,0.12,250.1,156.3,1,3.94,High
V101,B21426,Idly_Batter,4.483,2.9,1,counter,30.2,56.8,5.6,2.6,0.63,16.1,213.1,2,4.04,Low
V102,B21427,Idly_Batter,4.489,28.9,0,counter,34.4,73.6,-1.0,0.3,0.4,992.5,19.1,5,3.87,High
V103,B21428,Combo_Pack,4.43,25.8,0,counter,35.6,62.4,-1.0,21.1,0.95,917.9,22.2,10,4.09,High
V104,B21429,Dosa_Batter,4.456,87.5,1,backroom,33.1,82.3,6.0,65.8,0.31,528.1,128.5,1,3.83,High
V105,B21430,Dosa_Batter,4.472,44.0,1,counter,37.5,62.0,2.8,0.9,0.66,125.1,172.0,1,4.42,Medium
V106,B21431,Combo_Pack,4.455,63.0,0,counter,30.9,52.8,-1.0,49.6,0.57,1947.5,0.0,1,4.68,High
V107,B21432,Dosa_Batter,4.406,33.8,0,counter,35.3,76.5,-1.0,3.1,0.36,1194.1,14.2,10,4.31,High
V108,B21433,Combo_Pack,4.456,34.7,1,backroom,24.3,72.9,3.7,6.7,0.51,129.9,181.3,1,3.75,Medium
V109,B21434,Idly_Batter,4.446,31.6,0,backroom,33.2,81.7,-1.0,24.6,0.6,1049.7,16.4,5,4.59,High
V110,B21435,Combo_Pack,4.417,34.0,1,fridge,30.6,53.8,5.9,4.7,0.75,200.6,182.0,1,4.15,High
V111,B21436,Combo_Pack,4.448,88.3,1,backroom,28.7,70.7,5.2,65.4,0.75,460.1,127.7,10,3.97,High
V112,B21437,Combo_Pack,4.472,75.7,0,counter,31.8,78.8,-1.0,36.5,0.33,2404.6,0.0,2,3.49,High
V113,B21438,Idly_Batter,4.433,32.7,1,counter,25.7,59.4,6.2,5.4,0.44,201.3,183.3,5,4.68,High
V114,B21439,Combo_Pack,4.442,11.4,0,counter,29.2,59.4,-1.0,4.7,0.34,332.5,36.6,10,4.2,High
V115,B21440,Dosa_Batter,4.461,85.3,1,fridge,30.1,65.8,4.5,10.6,0.48,384.1,130.7,1,4.4,High
V116,B21441,Dosa_Batter,4.476,14.2,1,fridge,30.5,77.9,6.6,10.3,0.83,93.7,201.8,5,3.91,Medium
V117,B21442,Combo_Pack,4.477,9.5,1,fridge,34.0,52.5,4.7,3.1,0.13,44.3,206.5,5,3.43,Low
V118,B21443,Combo_Pack,4.418,71.1,0,counter,36.9,63.4,-1.0,59.7,0.62,2625.4,0.0,1,4.61,High
V119,B21444,Dosa_Batter,4.434,6.0,0,backroom,27.5,74.7,-1.0,4.6,0.24,165.8,42.0,1,3.96,High
V120,B21445,Idly_Batter,4.503,18.0,0,backroom,34.3,74.9,-1.0,9.6,0.66,618.0,30.0,1,4.25,High
V121,B21446,Combo_Pack,4.47,44.4,0,counter,30.0,80.0,-1.0,28.5,0.65,1333.1,3.6,2,4.1,High
V122,B21447,Idly_Batter,4.479,93.5,0,counter,30.4,83.4,-1.0,87.7,0.56,2842.2,0.0,2,4.58,High
V123,B21448,Idly_Batter,4.451,81.9,0,backroom,35.3,45.7,-1.0,80.2,0.76,2892.4,0.0,10,3.99,High
V124,B21449,Idly_Batter,4.45,86.6,0,backroom,30.5,69.1,-1.0,26.6,0.62,2642.3,0.0,1,3.82,High
V100,B21450,Combo_Pack,4.456,63.2,1,backroom,30.5,72.6,4.6,16.9,0.46,292.3,152.8,10,4.32,High
V101,B21451,Idly_Batter,4.481,46.0,0,counter,29.0,60.2,-1.0,10.2,0.74,1333.7,2.0,5,3.41,High
V102,B21452,Idly_Batter,4.46,7.9,1,counter,29.1,54.2,3.0,2.1,0.91,24.1,208.1,5,4.1,Low
V103,B21453,Combo_Pack,4.453,90.7,1,backroom,34.8,77.8,3.4,59.6,0.41,310.0,125.3,2,4.34,High
V104,B21454,Idly_Batter,4.487,49.3,0,backroom,26.9,73.7,-1.0,0.5,0.25,1327.9,0.0,2,3.93,High
V105,B21455,Combo_Pack,4.488,77.2,0,backroom,33.5,67.4,-1.0,29.0,0.41,2581.9,0.0,10,4.59,High
V106,B21456,Combo_Pack,4.49,86.2,1,fridge,30.4,66.1,5.7,48.6,0.92,492.0,129.8,5,4.76,High
V107,B21457,Idly_Batter,4.424,79.6,1,backroom,30.7,59.7,5.0,64.6,0.76,394.9,136.4,1,3.83,High
V108,B21458,Combo_Pack,4.448,50.9,0,counter,30.4,77.6,-1.0,43.3,0.55,1545.7,0.0,5,4.14,High
V109,B21459,Dosa_Batter,4.406,55.5,0,counter,30.1,56.3,-1.0,21.7,0.53,1669.6,0.0,2,4.15,High
V110,B21460,Dosa_Batter,4.399,20.7,1,fridge,25.5,66.1,2.8,0.7,0.4,57.0,195.3,2,4.22,Low
V111,B21461,Combo_Pack,4.43,69.4,0,counter,30.7,49.7,-1.0,49.4,0.45,2134.7,0.0,10,4.0,High
V112,B21462,Idly_Batter,4.492,56.7,1,backroom,32.2,67.0,5.4,43.8,0.46,304.8,159.3,5,3.97,High
V113,B21463,Dosa_Batter,4.426,36.3,0,counter,27.4,69.6,-1.0,2.2,0.51,995.4,11.7,10,4.36,High
V114,B21464,Dosa_Batter,4.411,91.7,0,counter,32.2,59.0,-1.0,76.4,0.5,2951.9,0.0,5,4.45,High
V115,B21465,Dosa_Batter,4.479,93.2,1,fridge,24.7,61.4,5.7,75.5,0.14,527.3,122.8,1,4.24,High
V116,B21466,Combo_Pack,4.415,7.8,1,counter,34.8,74.6,6.3,5.2,0.8,49.6,208.2,1,4.3,Low
V117,B21467,Combo_Pack,4.468,10.6,0,backroom,29.8,56.3,-1.0,9.2,0.33,316.3,37.4,1,4.13,High
V118,B21468,Idly_Batter,4.433,69.2,1,fridge,30.4,75.8,4.0,59.3,0.48,279.8,146.8,10,4.27,High
V119,B21469,Idly_Batter,4.462,89.7,1,counter,32.4,67.1,3.7,74.8,0.44,329.4,126.3,1,4.63,High
V120,B21470,Dosa_Batter,4.497,5.9,1,fridge,31.5,88.0,4.8,2.9,0.79,28.5,210.1,10,4.51,Low
V121,B21471,Idly_Batter,4.453,25.0,0,counter,33.2,95.0,-1.0,4.4,0.55,830.0,23.0,1,4.5,High
V122,B21472,Idly_Batter,4.476,30.6,0,backroom,29.6,70.0,-1.0,24.6,0.54,906.5,17.4,10,4.06,High
V123,B21473,Dosa_Batter,4.499,49.4,1,counter,27.0,66.9,2.3,8.1,0.54,115.4,166.6,1,4.25,Medium
V124,B21474,Combo_Pack,4.434,67.7,1,counter,33.7,54.9,3.1,44.2,0.41,210.8,148.3,2,5.0,High
V100,B21475,Dosa_Batter,4.481,92.1,0,backroom,25.5,74.1,-1.0,73.2,0.55,2345.1,0.0,10,4.11,High
V101,B21476,Dosa_Batter,4.431,32.4,1,counter,29.8,79.8,3.9,28.4,0.66,125.7,183.6,1,4.83,Medium
V102,B21477,Combo_Pack,4.466,91.6,1,backroom,30.8,71.7,6.5,24.6,0.36,591.1,124.4,5,4.17,High
V103,B21478,Dosa_Batter,4.484,67.3,0,backroom,28.1,68.6,-1.0,17.5,0.78,1887.5,0.0,2,4.43,High
V104,B21479,Combo_Pack,4.445,89.5,1,fridge,28.3,61.9,5.0,77.1,0.2,447.8,126.5,2,4.47,High
V105,B21480,Idly_Batter,4.47,56.1,1,counter,28.3,62.0,7.4,36.2,0.43,418.0,159.9,1,3.95,High
V106,B21481,Combo_Pack,4.47,31.1,0,backroom,30.5,78.8,-1.0,28.2,0.78,949.3,16.9,1,4.33,High
V107,B21482,Combo_Pack,4.414,10.2,0,counter,33.7,52.6,-1.0,8.8,0.46,343.1,37.8,5,3.38,High
V108,B21483,Combo_Pack,4.485,45.6,0,backroom,27.6,51.5,-1.0,2.9,0.55,1258.7,2.4,5,4.11,High
V109,B21484,Dosa_Batter,4.473,28.1,1,counter,34.3,66.0,5.4,4.1,0.74,152.2,187.9,5,4.1,High
V110,B21485,Idly_Batter,4.463,17.7,1,backroom,33.9,51.9,4.6,5.3,0.31,80.9,198.3,5,4.41,Medium
V111,B21486,Combo_Pack,4.483,48.6,0,counter,29.9,68.1,-1.0,28.8,0.55,1454.2,0.0,2,4.32,High
V112,B21487,Dosa_Batter,4.438,5.7,1,counter,36.4,48.6,4.2,5.2,0.53,23.9,210.3,10,4.31,Low
V113,B21488,Combo_Pack,4.475,90.9,1,backroom,25.9,76.5,8.0,10.1,0.91,731.3,125.1,10,4.58,High
V114,B21489,Dosa_Batter,4.478,2.0,0,backroom,29.3,65.1,-1.0,0.3,0.58,58.0,46.0,2,4.16,Medium
V115,B21490,Dosa_Batter,4.404,74.2,1,fridge,33.7,78.5,7.3,44.7,0.33,538.9,141.8,2,4.23,High
V116,B21491,Combo_Pack,4.501,6.5,0,counter,35.0,71.5,-1.0,0.5,0.79,226.6,41.5,10,4.04,High
V117,B21492,Dosa_Batter,4.462,84.1,1,fridge,28.0,72.4,4.1,53.0,0.56,344.0,131.9,10,3.54,High
V118,B21493,Combo_Pack,4.432,27.7,1,backroom,31.9,70.4,4.0,9.5,0.51,111.6,188.3,1,4.61,Medium
V119,B21494,Combo_Pack,4.484,7.5,0,backroom,28.9,86.1,-1.0,0.5,0.27,217.5,40.5,5,3.77,High
V120,B21495,Dosa_Batter,4.487,53.5,1,fridge,33.4,88.9,5.3,8.9,0.89,283.3,162.5,1,4.45,High
V121,B21496,Dosa_Batter,4.442,62.8,1,backroom,33.3,68.8,7.2,25.7,0.64,449.5,153.2,5,4.43,High
V122,B21497,Combo_Pack,4.437,16.4,0,counter,30.4,68.7,-1.0,13.0,0.85,500.3,31.6,2,4.12,High
V123,B21498,Dosa_Batter,4.504,37.9,1,backroom,29.9,61.9,5.6,1.1,0.72,211.3,178.1,1,4.67,High
V124,B21499,Dosa_Batter,4.409,0.8,1,counter,32.6,74.3,4.0,0.7,0.72,3.1,215.2,1,3.37,Low
V100,B21500,Idly_Batter,4.433,75.9,1,counter,32.2,49.5,4.8,40.1,0.41,361.7,140.1,5,4.17,High
V101,B21501,Idly_Batter,4.474,37.1,1,fridge,31.1,65.5,3.8,3.2,0.12,141.5,178.9,1,5.0,Medium
V102,B21502,Dosa_Batter,4.435,41.2,0,counter,29.7,75.8,-1.0,36.2,0.14,1224.5,6.8,2,4.5,High
V103,B21503,Combo_Pack,4.498,43.8,0,counter,30.1,68.0,-1.0,42.9,0.81,1315.9,4.2,1,4.12,High
V104,B21504,Dosa_Batter,4.436,22.5,1,counter,29.5,91.4,5.7,20.9,0.22,127.6,193.5,5,4.37,Medium
V105,B21505,Combo_Pack,4.446,73.3,0,backroom,34.0,82.4,-1.0,58.9,0.47,2493.1,0.0,1,4.03,High
V106,B21506,Idly_Batter,4.476,30.5,1,backroom,30.3,44.4,3.9,28.5,0.23,119.1,185.5,1,4.28,Medium
V107,B21507,Dosa_Batter,4.503,13.1,0,backroom,28.8,53.6,-1.0,5.0,0.52,378.7,34.9,5,3.92,High
V108,B21508,Idly_Batter,4.373,66.2,0,counter,26.5,55.9,-1.0,45.8,0.28,1756.0,0.0,10,4.74,High
V109,B21509,Dosa_Batter,4.46,81.3,0,backroom,23.8,84.5,-1.0,30.7,0.68,1936.6,0.0,2,4.08,High
V110,B21510,Combo_Pack,4.451,79.2,0,backroom,26.8,68.7,-1.0,51.6,0.49,2120.2,0.0,1,3.63,High
V111,B21511,Combo_Pack,4.431,33.3,1,counter,29.7,75.2,4.2,5.6,0.38,140.3,182.7,5,3.99,Medium
V112,B21512,Idly_Batter,4.488,52.7,0,backroom,27.5,58.2,-1.0,34.3,0.77,1447.9,0.0,10,4.04,High
V113,B21513,Combo_Pack,4.421,10.3,1,fridge,29.8,64.0,4.7,7.6,0.26,48.4,205.7,2,3.45,Low
V114,B21514,Idly_Batter,4.497,26.8,1,fridge,25.6,69.2,2.9,6.3,0.42,77.9,189.2,1,3.97,Medium
V115,B21515,Dosa_Batter,4.491,3.8,1,fridge,30.5,78.4,7.9,2.0,0.72,29.6,212.2,2,5.0,Low
V116,B21516,Dosa_Batter,4.406,65.5,1,fridge,27.7,65.7,6.6,28.4,0.25,429.1,150.5,10,4.05,High
V117,B21517,Idly_Batter,4.513,45.7,0,backroom,29.6,78.7,-1.0,10.6,0.49,1353.4,2.3,10,4.34,High
V118,B21518,Idly_Batter,4.458,76.0,1,backroom,24.3,89.8,4.8,37.3,0.59,363.6,140.0,2,3.93,High
V119,B21519,Dosa_Batter,4.463,42.2,0,counter,29.7,70.5,-1.0,23.1,0.93,1253.6,5.8,2,3.83,High
V120,B21520,Idly_Batter,4.485,82.6,1,backroom,31.8,65.9,7.3,25.2,0.27,604.7,133.4,2,3.91,High
V121,B21521,Dosa_Batter,4.43,47.9,0,counter,34.6,84.7,-1.0,2.3,0.85,1653.7,0.1,1,3.52,High
V122,B21522,Combo_Pack,4.501,20.4,0,backroom,29.1,65.0,-1.0,9.6,0.46,593.5,27.6,2,4.12,High
V123,B21523,Combo_Pack,4.488,65.4,0,counter,28.1,76.3,-1.0,62.6,0.44,1837.9,0.0,10,4.46,High
V124,B21524,Combo_Pack,4.453,58.3,1,counter,35.1,60.8,5.7,33.0,0.75,333.1,157.7,5,4.43,High
V100,B21525,Idly_Batter,4.49,75.6,0,backroom,28.4,72.3,-1.0,31.2,0.85,2148.7,0.0,2,4.13,High
V101,B21526,Combo_Pack,4.418,63.8,1,backroom,30.0,79.7,6.6,40.6,0.57,422.9,152.2,5,4.43,High
V102,B21527,Dosa_Batter,4.505,47.1,1,fridge,32.7,79.2,5.2,46.7,0.74,243.5,168.9,1,3.74,High
V103,B21528,Combo_Pack,4.428,16.3,0,counter,29.2,83.7,-1.0,13.1,0.39,474.7,31.7,2,4.0,High
V104,B21529,Idly_Batter,4.467,54.5,1,backroom,28.5,80.0,3.2,39.7,0.16,172.2,161.5,5,3.95,High
V105,B21530,Dosa_Batter,4.494,38.4,1,counter,35.0,60.3,2.0,19.7,0.26,76.7,177.6,1,4.11,Medium
V106,B21531,Combo_Pack,4.42,41.2,0,counter,32.1,66.4,-1.0,37.7,0.76,1324.5,6.8,1,4.05,High
V107,B21532,Dosa_Batter,4.463,63.4,1,backroom,34.8,72.0,5.9,44.5,0.42,377.3,152.6,1,3.87,High
V108,B21533,Dosa_Batter,4.518,6.3,1,counter,29.0,65.8,4.5,1.0,0.47,27.9,209.7,5,4.44,Low
V109,B21534,Idly_Batter,4.434,22.3,0,backroom,32.6,89.3,-1.0,20.1,0.34,726.6,25.7,1,4.16,High
V110,B21535,Dosa_Batter,4.483,34.5,1,fridge,27.0,70.4,6.9,16.0,0.87,238.8,181.5,2,4.43,High
V111,B21536,Idly_Batter,4.432,77.9,0,backroom,30.2,50.0,-1.0,26.2,0.53,2353.8,0.0,2,4.36,High
V112,B21537,Idly_Batter,4.413,19.4,0,backroom,34.3,55.6,-1.0,12.7,0.14,664.5,28.6,2,4.08,High
V113,B21538,Dosa_Batter,4.531,82.7,0,backroom,25.9,71.4,-1.0,22.7,0.37,2143.9,0.0,2,2.93,High
V114,B21539,Idly_Batter,4.488,81.6,1,backroom,31.6,65.5,8.0,30.7,0.95,653.1,134.4,10,4.23,High
V115,B21540,Dosa_Batter,4.466,45.6,0,backroom,30.3,61.6,-1.0,40.5,0.67,1381.4,2.4,2,4.94,High
V116,B21541,Idly_Batter,4.419,54.7,1,counter,30.4,71.9,7.1,2.1,0.44,387.1,161.3,5,3.68,High
V117,B21542,Dosa_Batter,4.475,31.9,1,backroom,30.1,66.7,4.3,10.6,0.46,136.3,184.1,2,4.02,Medium
V118,B21543,Combo_Pack,4.457,45.6,1,counter,31.6,76.7,6.0,37.5,0.53,271.9,170.4,2,4.35,High
V119,B21544,Combo_Pack,4.46,42.2,1,counter,28.2,79.0,7.5,19.3,0.42,317.4,173.8,1,5.0,High
V120,B21545,Combo_Pack,4.428,79.1,1,backroom,28.7,74.5,6.0,20.6,0.53,470.5,136.9,10,4.2,High
V121,B21546,Idly_Batter,4.44,43.3,1,backroom,30.6,72.6,5.7,41.8,0.62,244.9,172.7,10,4.62,High
V122,B21547,Combo_Pack,4.418,42.6,0,counter,34.3,86.4,-1.0,39.9,0.22,1460.4,5.4,1,3.74,High
V123,B21548,Dosa_Batter,4.497,62.5,0,counter,34.1,83.4,-1.0,17.2,0.4,2127.7,0.0,2,4.37,High
V124,B21549,Idly_Batter,4.439,1.1,1,counter,38.0,72.3,4.9,0.8,0.41,5.3,214.9,5,3.8,Low
V100,B21550,Idly_Batter,4.512,93.0,0,counter,29.1,59.9,-1.0,45.1,0.32,2706.1,0.0,2,3.31,High
V101,B21551,Dosa_Batter,4.497,93.7,1,fridge,30.0,87.5,6.1,13.3,0.15,574.0,122.3,2,3.94,High
V102,B21552,Dosa_Batter,4.524,40.5,0,backroom,30.7,61.0,-1.0,4.8,0.87,1242.9,7.5,10,4.92,High
V103,B21553,Idly_Batter,4.45,15.1,0,counter,31.4,64.2,-1.0,5.6,0.22,474.8,32.9,2,4.2,High
V104,B21554,Dosa_Batter,4.443,90.0,0,backroom,32.9,63.6,-1.0,52.3,0.67,2960.8,0.0,10,3.86,High
V105,B21555,Combo_Pack,4.471,35.1,0,backroom,26.8,83.7,-1.0,8.8,0.2,941.0,12.9,5,4.26,High
V106,B21556,Combo_Pack,4.45,69.1,1,backroom,31.9,67.2,5.3,40.7,0.25,363.1,146.9,2,4.23,High
V107,B21557,Dosa_Batter,4.466,91.8,1,counter,31.8,79.8,5.8,73.7,0.68,534.1,124.2,5,4.59,High
V108,B21558,Idly_Batter,4.485,88.8,0,backroom,35.0,86.5,-1.0,30.3,0.51,3108.8,0.0,5,4.98,High
V109,B21559,Dosa_Batter,4.496,8.8,0,counter,26.4,76.7,-1.0,3.9,0.45,232.4,39.2,5,4.59,High
V110,B21560,Dosa_Batter,4.453,69.6,0,backroom,29.7,72.4,-1.0,6.6,0.28,2066.5,0.0,2,3.79,High
V111,B21561,Dosa_Batter,4.497,25.5,0,backroom,34.9,69.3,-1.0,8.5,0.65,890.9,22.5,1,4.54,High
V112,B21562,Combo_Pack,4.478,5.7,0,counter,35.1,66.2,-1.0,2.4,0.59,201.4,42.3,1,3.88,High
V113,B21563,Idly_Batter,4.42,3.2,1,fridge,36.5,77.0,5.1,0.7,0.18,16.1,212.8,10,3.96,Low
V114,B21564,Idly_Batter,4.451,30.1,0,backroom,26.5,69.6,-1.0,27.8,0.51,799.0,17.9,10,4.49,High
V115,B21565,Dosa_Batter,4.459,1.3,0,backroom,35.5,79.4,-1.0,1.2,0.2,47.6,46.7,5,4.34,Medium
V116,B21566,Idly_Batter,4.434,3.1,0,backroom,31.2,74.7,-1.0,1.0,0.6,98.0,44.9,10,4.32,Medium
V117,B21567,Combo_Pack,4.477,3.3,1,backroom,26.7,73.3,6.1,0.9,0.32,19.7,212.7,5,4.7,Low
V118,B21568,Dosa_Batter,4.409,93.5,1,backroom,31.5,81.3,4.7,65.5,0.66,435.9,122.5,1,4.37,High
V119,B21569,Dosa_Batter,4.471,87.3,1,backroom,33.9,77.7,4.4,75.7,0.51,381.6,128.7,1,4.12,High
V120,B21570,Combo_Pack,4.446,61.9,0,counter,30.6,60.5,-1.0,31.5,0.45,1897.3,0.0,10,4.41,High
V121,B21571,Dosa_Batter,4.415,39.1,0,counter,34.5,75.3,-1.0,3.7,0.38,1352.4,8.9,10,4.22,High
V122,B21572,Idly_Batter,4.462,9.7,1,fridge,28.9,57.4,2.0,8.3,0.64,19.4,206.3,1,4.03,Low
V123,B21573,Dosa_Batter,4.494,56.3,0,counter,26.8,64.5,-1.0,35.4,0.84,1510.0,0.0,1,4.04,High
V124,B21574,Dosa_Batter,4.493,33.8,1,fridge,31.5,61.6,5.6,4.2,0.4,188.7,182.2,1,5.0,High
V100,B21575,Dosa_Batter,4.48,82.7,0,backroom,30.7,67.7,-1.0,58.3,0.35,2540.5,0.0,5,4.46,High
V101,B21576,Idly_Batter,4.408,31.1,1,fridge,30.6,49.7,8.1,19.2,0.8,252.7,184.9,2,3.76,High
V102,B21577,Idly_Batter,4.473,44.0,0,backroom,32.7,72.1,-1.0,5.6,0.61,1436.7,4.0,1,4.75,High
V103,B21578,Dosa_Batter,4.504,17.4,1,fridge,34.4,72.4,7.4,9.2,0.17,129.0,198.6,10,4.4,Medium
V104,B21579,Idly_Batter,4.5,11.0,0,counter,30.0,77.1,-1.0,9.1,0.23,330.0,37.0,5,4.65,High
V105,B21580,Idly_Batter,4.418,48.0,0,counter,28.0,90.4,-1.0,15.6,0.74,1340.5,0.0,5,4.08,High
V106,B21581,Combo_Pack,4.461,27.8,1,counter,28.6,82.4,4.5,19.7,0.34,126.2,188.2,10,3.67,Medium
V107,B21582,Dosa_Batter,4.43,77.6,1,counter,30.6,60.5,5.2,58.2,0.73,400.6,138.4,5,4.26,High
V108,B21583,Combo_Pack,4.462,58.5,0,counter,28.9,59.0,-1.0,9.5,0.78,1692.8,0.0,1,5.0,High
V109,B21584,Combo_Pack,4.46,10.5,0,backroom,26.0,79.6,-1.0,6.6,0.62,272.0,37.5,10,3.66,High
V110,B21585,Combo_Pack,4.431,16.6,1,counter,35.3,70.4,5.7,7.6,0.17,94.4,199.4,2,3.95,Medium
V111,B21586,Dosa_Batter,4.462,7.9,1,backroom,29.9,71.3,5.4,1.9,0.29,42.4,208.1,5,4.73,Low
V112,B21587,Combo_Pack,4.444,61.0,0,backroom,33.5,72.1,-1.0,28.1,0.74,2044.2,0.0,1,3.87,High
V113,B21588,Idly_Batter,4.45,53.1,1,fridge,35.3,50.9,4.5,31.4,0.98,236.5,162.9,5,3.92,High
V114,B21589,Idly_Batter,4.376,86.1,1,backroom,34.1,78.4,5.2,39.0,0.53,447.8,129.9,2,4.53,High
V115,B21590,Idly_Batter,4.461,15.2,0,backroom,29.1,67.5,-1.0,12.4,0.69,441.5,32.8,10,3.58,High
V116,B21591,Idly_Batter,4.41,25.8,1,counter,30.6,78.9,3.6,11.8,0.57,92.9,190.2,2,3.92,Medium
V117,B21592,Idly_Batter,4.422,41.6,1,fridge,30.4,84.4,4.9,1.4,0.87,203.2,174.4,1,3.39,High
V118,B21593,Combo_Pack,4.471,19.4,0,backroom,27.3,63.3,-1.0,3.2,0.17,528.2,28.6,10,4.19,High
V119,B21594,Idly_Batter,4.46,0.3,1,counter,35.5,78.7,4.8,0.3,0.57,1.7,215.7,5,3.94,Low
V120,B21595,Dosa_Batter,4.478,86.3,1,counter,31.8,49.7,8.3,26.5,0.53,712.4,129.7,2,4.13,High
V121,B21596,Idly_Batter,4.474,17.6,0,backroom,31.7,74.1,-1.0,16.4,0.35,559.6,30.4,2,4.95,High
V122,B21597,Combo_Pack,4.476,36.7,1,counter,26.7,55.5,3.7,25.7,0.59,134.5,179.3,5,4.22,Medium
V123,B21598,Combo_Pack,4.483,25.2,1,fridge,31.5,68.6,6.5,2.6,0.23,164.5,190.8,10,3.31,High
V124,B21599,Combo_Pack,4.468,10.1,1,counter,23.7,78.5,6.3,9.3,0.46,63.8,205.9,10,3.56,Medium
V100,B21600,Idly_Batter,4.412,86.5,1,fridge,32.7,56.4,5.7,26.1,0.88,490.2,129.5,2,3.73,High
V101,B21601,Combo_Pack,4.442,28.5,1,backroom,24.0,73.1,5.6,11.1,0.18,158.3,187.5,2,4.35,High
V102,B21602,Idly_Batter,4.486,56.9,1,backroom,30.8,67.5,5.2,46.3,0.08,297.2,159.1,1,3.73,High
V103,B21603,Combo_Pack,4.478,36.4,0,backroom,29.6,87.7,-1.0,13.9,0.59,1077.8,11.6,5,4.13,High
V104,B21604,Dosa_Batter,4.505,90.8,0,backroom,28.6,54.9,-1.0,2.1,0.31,2594.1,0.0,1,4.29,High
V105,B21605,Dosa_Batter,4.417,59.1,0,backroom,31.9,72.2,-1.0,32.9,0.78,1887.7,0.0,1,4.89,High
V106,B21606,Idly_Batter,4.413,57.0,1,fridge,29.7,60.6,4.7,45.7,0.15,270.4,159.0,10,3.68,High
V107,B21607,Idly_Batter,4.477,41.0,1,backroom,32.6,76.9,4.4,31.4,0.32,180.7,175.0,10,4.17,High
V108,B21608,Dosa_Batter,4.511,59.0,0,counter,31.5,67.3,-1.0,22.9,0.65,1854.6,0.0,1,4.09,High
V109,B21609,Combo_Pack,4.453,45.7,0,counter,32.8,71.2,-1.0,0.9,0.56,1498.8,2.3,10,3.74,High
V110,B21610,Dosa_Batter,4.41,68.9,1,counter,29.0,57.0,7.7,46.0,0.58,532.6,147.1,5,4.07,High
V111,B21611,Idly_Batter,4.423,46.1,0,counter,35.4,84.7,-1.0,25.7,0.77,1634.8,1.9,10,4.72,High
V112,B21612,Idly_Batter,4.532,39.5,0,backroom,36.5,70.1,-1.0,39.1,0.3,1442.1,8.5,10,4.17,High
V113,B21613,Dosa_Batter,4.429,8.3,0,backroom,36.2,86.1,-1.0,2.0,0.28,302.1,39.7,5,4.06,High
V114,B21614,Idly_Batter,4.462,54.1,1,backroom,30.6,78.9,3.5,31.6,0.47,190.3,161.9,2,4.53,High
V115,B21615,Idly_Batter,4.414,48.4,0,counter,30.7,73.0,-1.0,33.1,0.34,1483.5,0.0,5,4.08,High
V116,B21616,Dosa_Batter,4.503,17.7,1,counter,31.1,77.2,6.2,0.1,0.32,110.0,198.3,1,3.65,Medium
V117,B21617,Combo_Pack,4.505,49.8,1,fridge,30.1,85.3,2.3,14.2,0.86,115.7,166.2,2,4.33,Medium
V118,B21618,Dosa_Batter,4.45,78.9,1,counter,34.5,62.0,5.9,41.2,0.72,465.9,137.1,2,3.65,High
V119,B21619,Dosa_Batter,4.452,34.3,1,backroom,32.1,68.5,8.5,18.3,0.31,293.0,181.7,5,4.49,High
V120,B21620,Combo_Pack,4.446,84.3,1,backroom,30.8,51.6,5.4,37.3,0.49,454.2,131.7,2,4.76,High
V121,B21621,Idly_Batter,4.474,29.0,0,backroom,36.1,76.6,-1.0,7.9,0.26,1047.3,19.0,5,3.93,High
V122,B21622,Dosa_Batter,4.464,59.1,1,counter,34.1,66.8,6.4,47.3,0.5,376.1,156.9,2,4.05,High
V123,B21623,Idly_Batter,4.484,22.4,0,backroom,33.0,84.2,-1.0,0.6,0.02,737.4,25.6,5,4.36,High
V124,B21624,Idly_Batter,4.477,2.6,0,counter,29.6,87.4,-1.0,0.0,0.56,77.7,45.4,5,4.54,Medium
V100,B21625,Dosa_Batter,4.484,55.1,1,backroom,30.0,80.8,7.7,38.3,0.73,421.9,160.9,1,4.61,High
V101,B21626,Idly_Batter,4.468,75.5,1,counter,30.5,77.3,7.0,52.5,0.09,525.2,140.5,2,3.86,High
V102,B21627,Idly_Batter,4.388,85.2,1,fridge,25.0,81.1,3.7,67.6,0.34,313.3,130.8,5,3.8,High
V103,B21628,Idly_Batter,4.449,42.2,1,counter,28.6,85.5,5.0,35.6,0.66,209.9,173.8,2,3.92,High
V104,B21629,Combo_Pack,4.406,23.2,1,backroom,28.3,84.5,6.1,2.5,0.47,142.4,192.8,2,3.95,Medium
V105,B21630,Dosa_Batter,4.435,41.6,1,backroom,37.0,73.0,4.8,38.1,0.55,198.1,174.4,2,4.32,High
V106,B21631,Combo_Pack,4.471,40.0,1,backroom,26.7,81.0,2.5,32.7,0.35,99.5,176.0,5,4.25,Medium
V107,B21632,Dosa_Batter,4.462,21.5,1,counter,38.5,64.0,4.8,6.5,0.69,103.4,194.5,5,4.27,Medium
V108,B21633,Idly_Batter,4.455,46.7,0,counter,32.1,72.2,-1.0,24.3,0.29,1502.0,1.3,10,4.01,High
V109,B21634,Idly_Batter,4.419,43.7,0,backroom,32.0,59.6,-1.0,24.3,0.75,1396.1,4.3,5,3.55,High
V110,B21635,Idly_Batter,4.553,54.9,1,fridge,28.0,71.1,6.3,16.2,0.32,343.6,161.1,2,4.42,High
V111,B21636,Combo_Pack,4.46,62.6,0,backroom,34.0,56.8,-1.0,26.4,0.4,2132.4,0.0,1,4.54,High
V112,B21637,Combo_Pack,4.44,67.0,0,backroom,26.7,81.6,-1.0,12.3,0.93,1786.9,0.0,5,3.84,High
V113,B21638,Combo_Pack,4.526,36.9,1,backroom,35.0,83.7,5.7,23.5,0.69,208.6,179.1,10,4.07,High
V114,B21639,Idly_Batter,4.446,31.3,1,counter,35.5,77.9,6.7,6.7,0.15,208.3,184.7,5,4.12,High
V115,B21640,Dosa_Batter,4.399,34.2,1,counter,28.8,70.6,3.4,31.6,0.75,116.6,181.8,2,3.71,Medium
V116,B21641,Dosa_Batter,4.464,52.1,1,backroom,34.5,74.9,4.4,46.1,0.85,228.7,163.9,2,3.93,High
V117,B21642,Idly_Batter,4.439,33.2,1,counter,30.9,65.6,4.2,6.5,0.38,139.2,182.8,10,4.15,Medium
V118,B21643,Idly_Batter,4.405,50.9,0,backroom,30.2,84.8,-1.0,46.7,0.32,1536.0,0.0,2,4.05,High
V119,B21644,Idly_Batter,4.436,10.3,0,counter,26.1,64.7,-1.0,10.0,0.61,270.3,37.7,10,3.63,High
V120,B21645,Combo_Pack,4.528,22.2,1,backroom,33.6,73.4,5.1,18.8,0.32,113.4,193.8,2,4.07,Medium
V121,B21646,Combo_Pack,4.423,52.0,1,fridge,31.3,54.3,5.0,32.4,0.84,258.6,164.0,5,3.18,High
V122,B21647,Combo_Pack,4.45,37.6,1,fridge,30.7,48.7,5.7,21.8,0.32,213.7,178.4,2,4.59,High
V123,B21648,Idly_Batter,4.43,20.0,1,backroom,28.4,72.1,5.7,19.2,0.69,114.5,196.0,2,3.94,Medium
V124,B21649,Dosa_Batter,4.442,52.7,0,counter,29.2,87.8,-1.0,22.8,0.83,1540.3,0.0,5,4.19,High
V100,B21650,Combo_Pack,4.459,22.6,1,fridge,33.1,81.1,5.2,12.2,0.41,117.2,193.4,1,4.46,Medium
V101,B21651,Dosa_Batter,4.465,62.5,1,backroom,35.4,73.4,6.9,59.1,0.22,430.2,153.5,1,4.48,High
V102,B21652,Combo_Pack,4.512,79.1,0,backroom,28.7,90.5,-1.0,41.3,0.77,2271.6,0.0,2,3.74,High
V103,B21653,Dosa_Batter,4.429,26.4,0,backroom,30.5,61.7,-1.0,23.2,0.86,804.4,21.6,1,3.93,High
V104,B21654,Dosa_Batter,4.476,47.0,1,fridge,29.6,66.8,5.1,16.5,0.11,241.9,169.0,5,4.72,High
V105,B21655,Combo_Pack,4.414,61.1,0,backroom,32.9,87.9,-1.0,25.2,0.64,2010.8,0.0,10,3.83,High
V106,B21656,Idly_Batter,4.484,93.4,1,counter,31.5,88.7,6.5,41.8,0.25,607.3,122.6,2,4.96,High
V107,B21657,Idly_Batter,4.458,85.0,0,backroom,34.7,71.0,-1.0,15.4,0.73,2952.3,0.0,2,3.77,High
V108,B21658,Idly_Batter,4.462,39.9,0,backroom,37.7,82.0,-1.0,38.0,0.66,1501.9,8.1,1,4.16,High
V109,B21659,Dosa_Batter,4.381,55.4,1,fridge,29.2,58.5,2.9,41.4,0.2,162.0,160.6,2,4.02,High
V110,B21660,Combo_Pack,4.52,9.8,1,backroom,33.6,57.7,5.3,7.1,0.3,52.2,206.2,2,4.41,Low
V111,B21661,Idly_Batter,4.499,16.8,0,backroom,28.5,66.4,-1.0,13.6,0.7,477.8,31.2,10,3.7,High
V112,B21662,Combo_Pack,4.468,67.4,0,backroom,31.7,71.8,-1.0,21.4,0.88,2138.5,0.0,5,3.48,High
V113,B21663,Combo_Pack,4.429,53.3,0,backroom,34.6,68.6,-1.0,9.4,0.71,1843.2,0.0,5,5.0,High
V114,B21664,Dosa_Batter,4.496,74.3,0,counter,27.8,65.4,-1.0,38.6,0.4,2064.4,0.0,2,4.32,High
V115,B21665,Idly_Batter,4.443,85.9,1,counter,28.9,88.9,5.6,71.0,0.73,477.5,130.1,5,4.68,High
V116,B21666,Combo_Pack,4.484,48.8,0,backroom,27.4,87.2,-1.0,31.5,0.55,1337.9,0.0,10,4.22,High
V117,B21667,Combo_Pack,4.489,33.9,1,fridge,33.5,75.8,5.6,29.7,0.97,189.1,182.1,5,5.0,High
V118,B21668,Dosa_Batter,4.45,63.6,1,fridge,27.5,64.1,5.9,22.0,0.43,372.5,152.4,1,4.49,High
V119,B21669,Idly_Batter,4.465,83.6,1,backroom,31.3,77.6,4.3,51.2,0.7,357.7,132.4,1,3.58,High
V120,B21670,Idly_Batter,4.434,5.0,1,backroom,31.9,72.7,6.8,3.8,0.15,34.0,211.0,1,4.31,Low
V121,B21671,Dosa_Batter,4.432,17.1,0,backroom,30.6,61.7,-1.0,16.3,0.22,524.9,30.9,5,4.46,High
V122,B21672,Combo_Pack,4.491,18.4,1,fridge,31.5,72.2,5.5,5.4,0.04,100.9,197.6,1,4.98,Medium
V123,B21673,Combo_Pack,4.457,29.2,0,counter,33.8,47.0,-1.0,14.6,0.57,989.7,18.8,1,4.64,High
V124,B21674,Dosa_Batter,4.431,80.3,0,counter,29.5,58.8,-1.0,31.5,0.78,2369.7,0.0,1,4.02,High
V100,B21675,Dosa_Batter,4.44,90.7,1,fridge,33.5,61.9,5.1,38.4,0.87,463.5,125.3,1,4.32,High
V101,B21676,Combo_Pack,4.499,2.6,1,counter,32.4,70.8,5.9,1.1,0.4,15.2,213.4,5,3.89,Low
V102,B21677,Dosa_Batter,4.488,72.4,1,counter,39.2,84.2,4.0,6.6,0.35,286.6,143.6,2,4.33,High
V103,B21678,Dosa_Batter,4.44,44.9,1,counter,32.7,66.4,7.5,16.1,0.19,337.9,171.1,5,3.73,High
V104,B21679,Idly_Batter,4.458,84.5,1,backroom,24.9,65.4,5.7,50.0,0.61,479.4,131.5,5,3.56,High
V105,B21680,Combo_Pack,4.477,57.1,1,backroom,27.8,75.4,5.0,53.9,0.57,287.2,158.9,1,3.97,High
V106,B21681,Combo_Pack,4.474,2.9,0,counter,28.5,80.0,-1.0,0.3,0.22,82.4,45.1,1,4.37,Medium
V107,B21682,Dosa_Batter,4.467,41.5,0,backroom,38.8,57.9,-1.0,8.9,0.34,1608.8,6.5,2,4.19,High
V108,B21683,Dosa_Batter,4.471,5.0,1,fridge,33.3,68.5,3.7,4.8,0.2,18.2,211.0,2,4.31,Low
V109,B21684,Combo_Pack,4.462,18.2,0,backroom,30.4,72.7,-1.0,13.1,0.24,555.0,29.8,1,3.77,High
V110,B21685,Idly_Batter,4.485,39.2,0,counter,27.1,66.1,-1.0,23.1,0.27,1063.0,8.8,1,3.98,High
V111,B21686,Dosa_Batter,4.416,70.5,1,backroom,27.9,65.1,4.9,30.1,0.6,347.8,145.5,1,4.49,High
V112,B21687,Dosa_Batter,4.456,27.1,1,backroom,32.7,58.9,6.5,17.4,0.7,177.2,188.9,2,3.76,High
V113,B21688,Dosa_Batter,4.457,27.6,0,counter,31.4,63.9,-1.0,22.1,0.71,867.4,20.4,10,5.0,High
V114,B21689,Idly_Batter,4.459,22.5,0,counter,29.0,71.2,-1.0,20.0,0.61,655.0,25.5,5,4.09,High
V115,B21690,Combo_Pack,4.405,92.3,1,counter,30.2,68.8,3.9,66.3,0.28,356.8,123.7,1,3.98,High
V116,B21691,Combo_Pack,4.492,88.7,1,backroom,31.4,69.7,2.8,9.2,0.54,246.4,127.3,10,4.17,High
V117,B21692,Idly_Batter,4.424,52.6,0,counter,34.7,79.1,-1.0,44.4,0.34,1825.2,0.0,2,3.48,High
V118,B21693,Combo_Pack,4.482,5.7,0,counter,28.5,61.3,-1.0,2.6,0.85,162.5,42.3,5,4.41,High
V119,B21694,Combo_Pack,4.441,79.5,0,counter,28.5,60.3,-1.0,18.0,0.52,2265.5,0.0,1,3.59,High
V120,B21695,Dosa_Batter,4.427,55.4,1,fridge,34.8,66.5,7.0,15.9,0.47,386.0,160.6,10,4.14,High
V121,B21696,Combo_Pack,4.479,27.4,0,backroom,28.8,66.0,-1.0,26.0,0.78,788.8,20.6,10,3.46,High
V122,B21697,Idly_Batter,4.462,48.3,1,counter,29.7,49.3,6.4,9.2,0.86,311.2,167.7,10,4.58,High
V123,B21698,Combo_Pack,4.453,70.4,1,fridge,24.9,65.1,6.5,7.1,0.4,456.1,145.6,2,4.29,High
V124,B21699,Combo_Pack,4.46,83.6,0,counter,32.2,95.0,-1.0,7.3,0.42,2691.2,0.0,5,4.09,High
V100,B21700,Combo_Pack,4.532,2.2,1,counter,26.4,78.9,2.3,0.4,0.69,5.1,213.8,1,4.84,Low
V101,B21701,Combo_Pack,4.477,54.0,1,counter,27.6,68.5,5.0,49.1,0.87,267.3,162.0,10,4.26,High
V102,B21702,Dosa_Batter,4.436,57.1,0,counter,30.6,76.6,-1.0,15.0,0.49,1748.6,0.0,5,4.23,High
V103,B21703,Idly_Batter,4.463,56.2,0,counter,32.2,66.0,-1.0,41.3,0.68,1812.1,0.0,5,4.19,High
V104,B21704,Combo_Pack,4.436,73.0,0,counter,27.3,64.5,-1.0,3.5,0.38,1989.5,0.0,2,4.51,High
V105,B21705,Combo_Pack,4.52,40.0,1,counter,28.1,82.6,4.6,17.3,0.35,183.1,176.0,2,4.2,High
V106,B21706,Combo_Pack,4.486,69.0,1,fridge,32.1,68.7,6.7,23.2,0.58,460.1,147.0,5,4.72,High
V107,B21707,Combo_Pack,4.417,36.4,0,counter,27.2,78.9,-1.0,16.2,0.7,988.9,11.6,5,3.65,High
V108,B21708,Dosa_Batter,4.445,92.4,0,counter,33.0,63.2,-1.0,1.9,0.89,3052.0,0.0,5,3.99,High
V109,B21709,Dosa_Batter,4.46,80.7,1,backroom,29.0,60.9,3.9,71.3,0.54,318.8,135.3,10,3.39,High
V110,B21710,Idly_Batter,4.448,77.9,1,counter,28.8,61.8,5.5,1.4,0.4,428.1,138.1,10,4.9,High
V111,B21711,Combo_Pack,4.466,85.4,1,fridge,40.0,61.0,7.0,35.5,0.42,598.0,130.6,2,4.39,High
V112,B21712,Dosa_Batter,4.449,79.2,1,counter,31.0,79.8,7.9,51.1,0.86,625.5,136.8,5,5.0,High
V113,B21713,Combo_Pack,4.437,95.2,1,counter,35.6,68.2,5.5,36.3,0.24,525.9,120.8,5,4.45,High
V114,B21714,Idly_Batter,4.468,55.6,0,counter,32.9,76.5,-1.0,32.2,0.31,1831.2,0.0,10,4.07,High
V115,B21715,Idly_Batter,4.457,5.3,0,backroom,29.6,62.1,-1.0,3.0,0.44,158.3,42.7,2,4.43,High
V116,B21716,Dosa_Batter,4.397,20.5,1,backroom,24.4,91.8,6.3,5.0,0.16,129.3,195.5,2,4.26,Medium
V117,B21717,Dosa_Batter,4.494,57.7,1,fridge,31.1,76.6,6.9,9.6,0.47,398.2,158.3,2,4.61,High
V118,B21718,Dosa_Batter,4.488,24.1,1,counter,36.4,68.2,6.4,1.6,0.45,155.3,191.9,5,4.27,High
V119,B21719,Dosa_Batter,4.481,22.2,1,backroom,31.6,78.3,4.5,21.9,0.52,100.2,193.8,5,4.08,Medium
V120,B21720,Idly_Batter,4.494,45.2,0,backroom,34.7,74.8,-1.0,14.6,0.39,1568.4,2.8,10,3.83,High
V121,B21721,Dosa_Batter,4.491,68.5,0,counter,27.1,57.3,-1.0,41.9,0.5,1853.6,0.0,1,3.88,High
V122,B21722,Combo_Pack,4.479,78.7,1,counter,30.8,63.2,3.6,71.6,0.89,280.5,137.3,5,4.08,High
V123,B21723,Idly_Batter,4.469,22.1,0,counter,31.9,74.2,-1.0,17.0,0.33,706.7,25.9,1,4.14,High
V124,B21724,Dosa_Batter,4.471,70.5,0,backroom,29.3,72.4,-1.0,37.3,0.54,2063.2,0.0,1,4.12,High
V100,B21725,Combo_Pack,4.458,59.6,0,counter,27.0,51.7,-1.0,16.2,0.58,1608.8,0.0,5,4.15,High
V101,B21726,Idly_Batter,4.456,43.4,1,backroom,26.9,59.1,4.8,21.8,0.22,206.5,172.6,5,3.86,High
V102,B21727,Combo_Pack,4.499,21.1,1,backroom,29.4,85.6,5.6,17.5,0.54,117.2,194.9,2,3.8,Medium
V103,B21728,Combo_Pack,4.424,17.4,1,fridge,32.1,74.3,3.4,2.0,0.4,59.7,198.6,5,4.21,Low
V104,B21729,Dosa_Batter,4.46,75.3,0,backroom,25.5,76.5,-1.0,22.2,0.78,1920.1,0.0,1,3.96,High
V105,B21730,Dosa_Batter,4.5,64.8,0,backroom,28.2,83.7,-1.0,18.9,0.6,1829.7,0.0,1,5.0,High
V106,B21731,Idly_Batter,4.465,44.3,1,fridge,31.9,67.3,8.3,4.2,0.25,369.3,171.7,2,4.36,High
V107,B21732,Idly_Batter,4.475,96.0,1,fridge,34.3,66.6,5.6,92.3,0.91,541.0,120.0,2,4.3,High
V108,B21733,Idly_Batter,4.504,20.2,0,backroom,29.4,60.7,-1.0,3.7,0.81,594.4,27.8,10,4.52,High
V109,B21734,Idly_Batter,4.502,3.8,1,counter,31.9,66.0,4.7,0.8,0.64,18.0,212.2,10,5.0,Low
V110,B21735,Combo_Pack,4.516,78.9,1,backroom,28.6,65.8,8.1,73.7,0.34,635.6,137.1,1,4.3,High
V111,B21736,Combo_Pack,4.42,44.6,0,backroom,33.1,75.8,-1.0,29.1,0.47,1473.5,3.4,1,4.45,High
V112,B21737,Combo_Pack,4.463,72.2,1,fridge,32.6,49.6,3.3,19.1,0.54,236.1,143.8,1,3.52,High
V113,B21738,Idly_Batter,4.444,5.0,1,fridge,35.3,67.1,3.6,4.7,0.74,18.0,211.0,1,3.83,Low
V114,B21739,Combo_Pack,4.476,38.3,1,counter,29.7,86.4,4.3,23.2,0.24,164.5,177.7,1,3.9,High
V115,B21740,Dosa_Batter,4.44,22.0,0,counter,36.0,63.2,-1.0,3.9,0.29,793.6,26.0,2,4.46,High
V116,B21741,Dosa_Batter,4.47,43.9,0,backroom,27.2,65.5,-1.0,21.8,0.11,1196.1,4.1,2,4.26,High
V117,B21742,Idly_Batter,4.489,48.6,0,counter,32.1,72.5,-1.0,37.2,0.76,1562.4,0.0,2,4.45,High
V118,B21743,Combo_Pack,4.403,33.0,0,backroom,27.7,66.9,-1.0,18.3,0.78,915.2,15.0,10,4.13,High
V119,B21744,Idly_Batter,4.482,14.0,0,backroom,31.7,82.5,-1.0,2.9,0.36,442.7,34.0,10,3.62,High
V120,B21745,Dosa_Batter,4.435,9.5,0,counter,23.8,72.1,-1.0,3.3,0.83,225.2,38.5,2,4.27,High
V121,B21746,Combo_Pack,4.395,90.4,1,backroom,30.0,55.7,3.8,26.1,0.44,347.3,125.6,10,3.94,High
V122,B21747,Combo_Pack,4.445,6.5,0,counter,32.7,58.9,-1.0,0.6,0.69,212.1,41.5,5,4.07,High
V123,B21748,Dosa_Batter,4.519,52.6,0,backroom,28.0,74.4,-1.0,52.3,0.61,1473.7,0.0,1,3.92,High
V124,B21749,Combo_Pack,4.468,23.0,0,backroom,26.3,68.2,-1.0,0.9,0.69,604.2,25.0,5,3.75,High
V100,B21750,Combo_Pack,4.404,50.9,0,backroom,30.0,72.5,-1.0,41.5,0.37,1525.5,0.0,2,4.38,High
V101,B21751,Combo_Pack,4.442,34.1,1,fridge,34.1,67.0,4.8,4.1,0.46,164.6,181.9,2,4.04,High
V102,B21752,Combo_Pack,4.457,51.3,0,counter,36.0,53.8,-1.0,10.4,0.33,1849.2,0.0,5,4.22,High
V103,B21753,Idly_Batter,4.469,33.6,0,counter,31.5,80.2,-1.0,18.1,0.29,1060.1,14.4,1,3.74,High
V104,B21754,Combo_Pack,4.46,86.6,1,backroom,30.5,59.3,3.7,43.0,0.42,317.0,129.4,10,4.12,High
V105,B21755,Combo_Pack,4.465,13.0,1,counter,29.2,76.3,6.0,12.3,0.18,78.4,203.0,1,4.36,Medium
V106,B21756,Combo_Pack,4.421,20.2,0,counter,30.3,73.0,-1.0,9.6,0.7,611.9,27.8,2,3.98,High
V107,B21757,Combo_Pack,4.455,55.0,0,counter,37.3,71.4,-1.0,10.7,0.71,2049.9,0.0,5,3.99,High
V108,B21758,Idly_Batter,4.455,83.1,1,counter,34.4,81.7,5.8,3.1,0.71,483.5,132.9,10,3.94,High
V109,B21759,Idly_Batter,4.452,46.3,1,counter,30.2,67.3,6.5,12.2,0.39,299.2,169.7,5,3.55,High
V110,B21760,Idly_Batter,4.491,84.8,1,backroom,32.0,95.0,6.8,61.1,0.39,574.7,131.2,1,3.93,High
V111,B21761,Dosa_Batter,4.478,7.7,0,backroom,32.7,75.7,-1.0,6.6,0.53,253.2,40.3,10,4.28,High
V112,B21762,Dosa_Batter,4.437,78.5,0,backroom,29.1,70.6,-1.0,11.4,0.7,2284.0,0.0,10,3.73,High
V113,B21763,Combo_Pack,4.498,71.3,0,backroom,29.6,62.1,-1.0,3.8,0.83,2113.6,0.0,1,4.3,High
V114,B21764,Combo_Pack,4.422,23.5,0,backroom,30.1,54.2,-1.0,2.6,0.64,705.5,24.5,1,3.88,High
V115,B21765,Idly_Batter,4.463,28.5,0,counter,35.2,70.0,-1.0,12.1,0.4,1004.5,19.5,10,3.81,High
V116,B21766,Idly_Batter,4.451,72.3,0,backroom,30.6,77.2,-1.0,62.9,0.86,2209.3,0.0,2,4.02,High
V117,B21767,Idly_Batter,4.457,43.5,1,backroom,32.3,51.9,3.6,36.2,0.71,157.9,172.5,2,4.91,High
V118,B21768,Dosa_Batter,4.422,27.5,0,backroom,34.3,78.0,-1.0,11.3,0.58,944.0,20.5,10,4.42,High
V119,B21769,Dosa_Batter,4.489,23.2,1,backroom,27.4,79.2,7.6,15.6,0.41,176.6,192.8,2,3.66,High
V120,B21770,Dosa_Batter,4.399,86.5,1,counter,30.9,88.8,6.9,15.0,0.43,595.5,129.5,5,4.51,High
V121,B21771,Combo_Pack,4.465,53.4,0,backroom,32.1,77.0,-1.0,25.2,0.67,1713.5,0.0,10,3.95,High
V122,B21772,Idly_Batter,4.457,39.0,1,backroom,28.5,56.0,3.8,29.9,0.26,147.6,177.0,2,4.32,Medium
V123,B21773,Dosa_Batter,4.44,82.1,0,counter,34.1,57.5,-1.0,69.9,0.58,2802.2,0.0,1,4.19,High
V124,B21774,Dosa_Batter,4.465,5.1,1,fridge,35.0,65.8,3.9,4.5,0.85,19.9,210.9,1,4.95,Low
V100,B21775,Combo_Pack,4.5,88.2,0,backroom,36.8,68.1,-1.0,66.0,0.65,3243.3,0.0,1,3.44,High
V101,B21776,Dosa_Batter,4.487,53.8,1,fridge,28.3,46.0,6.7,2.2,0.61,358.8,162.2,5,3.94,High
V102,B21777,Combo_Pack,4.466,58.2,0,backroom,29.8,66.3,-1.0,33.1,0.76,1735.4,0.0,5,4.63,High
V103,B21778,Dosa_Batter,4.456,8.1,0,backroom,27.8,74.9,-1.0,2.6,0.85,223.6,39.9,2,4.42,High
V104,B21779,Dosa_Batter,4.394,51.9,1,counter,30.9,60.9,7.3,41.5,0.28,377.5,164.1,2,4.79,High
V105,B21780,Dosa_Batter,4.529,21.1,0,backroom,33.1,69.7,-1.0,7.3,0.17,697.5,26.9,1,4.32,High
V106,B21781,Idly_Batter,4.447,30.8,0,backroom,29.2,65.2,-1.0,18.5,0.54,898.1,17.2,5,3.73,High
V107,B21782,Combo_Pack,4.52,35.6,0,backroom,30.3,62.2,-1.0,10.9,0.24,1079.1,12.4,5,4.52,High
V108,B21783,Combo_Pack,4.447,56.3,0,backroom,26.9,68.0,-1.0,39.7,0.07,1512.3,0.0,1,3.98,High
V109,B21784,Dosa_Batter,4.506,17.2,0,backroom,27.2,79.0,-1.0,13.3,0.41,469.3,30.8,2,4.57,High
V110,B21785,Idly_Batter,4.48,82.6,1,fridge,30.9,60.7,4.2,17.4,0.35,344.6,133.4,2,4.24,High
V111,B21786,Dosa_Batter,4.494,0.1,0,backroom,32.8,61.7,-1.0,0.0,0.47,2.7,47.9,2,4.25,Low
V112,B21787,Dosa_Batter,4.474,60.1,1,counter,30.0,87.3,9.5,15.2,0.67,571.2,155.9,2,4.22,High
V113,B21788,Idly_Batter,4.474,85.7,1,counter,31.4,87.2,4.8,83.8,0.28,409.4,130.3,1,4.44,High
V114,B21789,Dosa_Batter,4.47,17.4,1,counter,32.3,60.4,3.6,4.6,0.68,62.6,198.6,1,5.0,Low
V115,B21790,Dosa_Batter,4.475,55.0,0,counter,31.9,79.7,-1.0,0.5,0.3,1754.5,0.0,2,4.32,High
V116,B21791,Combo_Pack,4.457,47.7,1,fridge,28.3,61.1,7.0,35.1,0.31,332.5,168.3,5,4.51,High
V117,B21792,Combo_Pack,4.433,76.6,1,fridge,26.3,59.3,3.3,34.1,0.27,252.9,139.4,2,4.53,High
V118,B21793,Dosa_Batter,4.398,14.2,1,counter,31.4,66.9,6.8,8.1,0.51,96.1,201.8,2,3.4,Medium
V119,B21794,Idly_Batter,4.452,95.5,1,counter,30.3,77.8,4.9,77.5,0.21,469.2,120.5,2,4.57,High
V120,B21795,Dosa_Batter,4.383,69.1,1,fridge,33.4,78.2,6.5,46.7,0.37,450.3,146.9,2,4.0,High
V121,B21796,Idly_Batter,4.483,64.9,0,backroom,26.3,70.2,-1.0,49.8,0.51,1708.0,0.0,1,3.99,High
V122,B21797,Idly_Batter,4.434,74.0,1,counter,35.4,60.3,2.6,45.2,0.6,190.7,142.0,5,4.2,High
V123,B21798,Combo_Pack,4.46,50.3,1,counter,28.3,61.6,5.4,18.4,0.29,271.4,165.7,5,4.11,High
V124,B21799,Combo_Pack,4.461,72.9,0,counter,24.0,66.8,-1.0,20.1,0.94,1749.2,0.0,1,3.93,High
V100,B21800,Combo_Pack,4.466,32.8,0,counter,26.7,83.2,-1.0,22.4,0.67,877.1,15.2,5,3.21,High
V101,B21801,Combo_Pack,4.415,42.7,1,backroom,34.3,55.9,4.4,20.0,0.04,188.2,173.3,10,4.54,High
V102,B21802,Dosa_Batter,4.472,6.4,0,counter,28.2,84.9,-1.0,1.3,0.83,180.2,41.6,1,4.56,High
V103,B21803,Combo_Pack,4.419,94.1,1,counter,33.5,74.4,5.0,24.0,0.47,468.5,121.9,10,3.94,High
V104,B21804,Idly_Batter,4.425,5.0,0,backroom,34.5,63.2,-1.0,0.7,0.16,171.0,43.0,2,4.32,High
V105,B21805,Combo_Pack,4.518,33.4,0,backroom,30.1,65.7,-1.0,15.8,0.62,1005.7,14.6,1,3.5,High
V106,B21806,Idly_Batter,4.372,32.6,1,counter,34.3,70.9,3.1,12.1,0.45,101.9,183.4,1,3.88,Medium
V107,B21807,Dosa_Batter,4.423,29.9,0,backroom,32.6,80.6,-1.0,25.0,0.33,972.8,18.1,2,4.39,High
V108,B21808,Combo_Pack,4.423,73.5,1,fridge,32.7,87.5,7.8,4.2,0.53,569.6,142.5,10,3.63,High
V109,B21809,Dosa_Batter,4.403,50.4,0,backroom,29.8,56.7,-1.0,6.6,0.57,1499.1,0.0,2,4.03,High
V110,B21810,Dosa_Batter,4.472,89.2,0,counter,29.0,55.1,-1.0,45.6,0.19,2584.4,0.0,1,4.49,High
V111,B21811,Dosa_Batter,4.492,90.3,1,backroom,29.6,70.9,5.1,71.8,0.65,463.5,125.7,10,5.0,High
V112,B21812,Dosa_Batter,4.408,75.7,0,counter,28.3,63.7,-1.0,41.1,0.43,2144.5,0.0,2,4.35,High
V113,B21813,Combo_Pack,4.518,13.6,1,counter,29.5,60.1,3.3,9.5,0.19,45.0,202.4,10,4.32,Low
V114,B21814,Dosa_Batter,4.442,73.7,0,counter,32.6,55.6,-1.0,70.9,0.41,2403.4,0.0,2,4.18,High
V115,B21815,Idly_Batter,4.462,17.3,1,fridge,35.0,52.0,2.8,16.9,0.68,49.1,198.7,1,4.05,Low
V116,B21816,Idly_Batter,4.485,19.6,0,counter,33.6,45.9,-1.0,16.1,0.4,657.4,28.4,2,4.35,High
V117,B21817,Idly_Batter,4.405,37.3,1,backroom,30.0,77.4,4.5,25.4,0.4,165.9,178.7,5,3.95,High
V118,B21818,Combo_Pack,4.459,15.2,1,backroom,32.8,50.8,6.2,6.7,0.68,93.5,200.8,1,4.53,Medium
V119,B21819,Combo_Pack,4.534,44.9,1,fridge,28.8,63.5,5.6,34.3,0.83,250.3,171.1,1,3.9,High
V120,B21820,Combo_Pack,4.44,7.1,1,fridge,29.8,58.0,4.2,3.3,0.6,29.7,208.9,2,4.85,Low
V121,B21821,Idly_Batter,4.453,67.2,0,counter,29.3,42.7,-1.0,13.4,0.63,1970.7,0.0,10,4.5,High
V122,B21822,Combo_Pack,4.45,89.7,1,fridge,34.7,75.9,5.6,46.6,0.55,501.1,126.3,10,4.04,High
V123,B21823,Dosa_Batter,4.442,17.3,1,fridge,30.1,77.3,5.6,2.4,0.6,96.6,198.7,1,4.77,Medium
V124,B21824,Dosa_Batter,4.476,8.2,1,backroom,26.7,49.8,5.4,2.3,0.7,44.4,207.8,1,5.0,Low
V100,B21825,Idly_Batter,4.484,41.3,1,backroom,27.8,53.5,4.9,21.7,0.34,203.2,174.7,10,4.42,High
V101,B21826,Combo_Pack,4.447,36.2,0,counter,33.1,71.4,-1.0,30.6,0.55,1198.2,11.8,10,3.64,High
V102,B21827,Dosa_Batter,4.425,51.7,1,counter,36.4,76.9,5.0,26.3,0.38,258.8,164.3,5,4.45,High
V103,B21828,Idly_Batter,4.44,17.1,1,fridge,36.5,63.4,4.9,1.8,0.84,83.7,198.9,2,4.74,Medium
V104,B21829,Dosa_Batter,4.444,41.6,1,counter,29.3,81.1,4.4,9.1,0.56,182.3,174.4,2,4.02,High
V105,B21830,Dosa_Batter,4.476,77.6,1,counter,30.7,75.8,5.3,17.8,0.73,412.6,138.4,5,4.38,High
V106,B21831,Idly_Batter,4.523,67.1,0,counter,23.9,70.7,-1.0,12.8,0.81,1605.0,0.0,5,4.19,High
V107,B21832,Dosa_Batter,4.465,55.5,0,backroom,28.3,71.2,-1.0,10.2,0.47,1571.6,0.0,1,4.35,High
V108,B21833,Combo_Pack,4.425,86.2,0,backroom,27.9,62.7,-1.0,51.7,0.56,2408.0,0.0,10,4.5,High
V109,B21834,Idly_Batter,4.43,88.8,1,fridge,38.5,69.0,2.0,51.3,0.86,177.6,127.2,10,3.96,High
V110,B21835,Idly_Batter,4.429,20.7,1,backroom,33.9,83.0,5.3,14.9,0.55,109.2,195.3,10,3.94,Medium
V111,B21836,Dosa_Batter,4.454,3.4,0,backroom,29.0,75.0,-1.0,0.8,0.3,99.1,44.6,2,4.24,Medium
V112,B21837,Dosa_Batter,4.477,84.4,1,backroom,34.0,83.3,2.5,54.0,0.72,211.9,131.6,10,3.93,High
V113,B21838,Dosa_Batter,4.46,71.7,0,backroom,30.2,79.6,-1.0,67.4,0.7,2165.9,0.0,1,4.32,High
V114,B21839,Dosa_Batter,4.415,64.6,1,counter,29.5,79.5,5.5,18.4,0.16,354.3,151.4,2,3.81,High
V115,B21840,Combo_Pack,4.42,81.2,0,backroom,31.8,73.1,-1.0,73.1,0.63,2583.3,0.0,2,4.18,High
V116,B21841,Combo_Pack,4.461,80.8,1,fridge,29.7,57.8,5.6,41.0,0.08,451.5,135.2,5,3.77,High
V117,B21842,Combo_Pack,4.437,71.8,1,backroom,31.7,80.7,5.9,2.5,0.28,423.7,144.2,1,4.11,High
V118,B21843,Combo_Pack,4.479,10.6,0,backroom,30.7,76.2,-1.0,6.3,0.15,323.8,37.4,2,4.0,High
V119,B21844,Idly_Batter,4.437,40.1,1,backroom,29.8,77.0,4.7,24.9,0.8,187.0,175.9,10,3.96,High
V120,B21845,Dosa_Batter,4.453,11.3,0,counter,30.5,79.6,-1.0,10.7,0.91,343.8,36.7,10,4.41,High
V121,B21846,Dosa_Batter,4.424,9.3,0,backroom,26.7,69.8,-1.0,5.0,0.17,249.7,38.7,1,4.37,High
V122,B21847,Dosa_Batter,4.484,50.2,0,counter,29.9,75.1,-1.0,45.4,0.58,1503.3,0.0,2,4.84,High
V123,B21848,Idly_Batter,4.521,61.0,1,fridge,36.2,72.3,6.5,42.6,0.13,397.0,155.0,2,4.41,High
V124,B21849,Idly_Batter,4.453,9.4,1,counter,25.7,77.8,6.8,4.5,0.66,64.1,206.6,2,3.89,Low
V100,B21850,Combo_Pack,4.476,74.3,1,fridge,25.7,64.9,5.7,34.0,0.49,426.9,141.7,5,4.8,High
V101,B21851,Combo_Pack,4.472,70.6,1,counter,31.8,92.7,5.0,27.7,0.19,356.8,145.4,1,4.67,High
V102,B21852,Combo_Pack,4.423,10.5,1,fridge,33.2,66.9,4.1,1.3,0.16,43.1,205.5,1,3.76,Low
V103,B21853,Dosa_Batter,4.5,25.7,0,backroom,31.0,81.9,-1.0,15.5,0.74,796.8,22.3,1,4.99,High
V104,B21854,Dosa_Batter,4.468,35.4,1,backroom,29.1,66.4,5.2,31.9,0.51,183.2,180.6,5,4.7,High
V105,B21855,Idly_Batter,4.378,7.6,0,backroom,30.0,55.5,-1.0,6.3,0.42,229.2,40.4,1,5.0,High
V106,B21856,Dosa_Batter,4.475,58.2,1,counter,32.0,83.3,5.1,54.9,0.26,298.6,157.8,1,4.27,High
V107,B21857,Combo_Pack,4.421,68.6,1,backroom,27.6,77.9,5.4,12.4,0.3,368.2,147.4,5,4.71,High
V108,B21858,Combo_Pack,4.486,90.6,1,counter,27.5,70.7,4.3,80.9,0.28,393.3,125.4,2,3.87,High
V109,B21859,Idly_Batter,4.494,2.4,1,fridge,24.2,56.3,4.5,2.3,0.2,11.1,213.6,10,4.3,Low
V110,B21860,Idly_Batter,4.466,17.7,0,backroom,31.2,61.6,-1.0,6.0,0.5,552.2,30.3,1,4.09,High
V111,B21861,Idly_Batter,4.478,50.3,1,fridge,33.8,61.5,3.0,20.1,0.63,152.7,165.7,1,4.45,High
V112,B21862,Idly_Batter,4.5,22.6,1,counter,30.2,59.9,4.6,13.6,0.87,104.1,193.4,1,3.64,Medium
V113,B21863,Dosa_Batter,4.428,21.7,1,fridge,27.2,73.9,4.2,20.5,0.46,91.7,194.3,2,4.4,Medium
V114,B21864,Idly_Batter,4.41,53.1,0,counter,32.1,80.3,-1.0,1.2,0.71,1702.4,0.0,10,4.92,High
V115,B21865,Idly_Batter,4.514,90.5,1,counter,33.1,59.1,4.3,42.8,0.54,388.2,125.5,5,4.69,High
V116,B21866,Combo_Pack,4.54,50.3,1,backroom,29.3,48.8,6.5,16.1,0.12,329.3,165.7,2,4.03,High
V117,B21867,Idly_Batter,4.408,90.6,1,backroom,29.6,69.5,4.6,30.9,0.84,420.4,125.4,2,4.55,High
V118,B21868,Idly_Batter,4.479,91.8,1,fridge,31.1,75.5,3.2,14.8,0.09,289.6,124.2,1,4.19,High
V119,B21869,Combo_Pack,4.491,47.0,1,fridge,33.1,62.4,5.5,32.8,0.86,256.4,169.0,5,3.81,High
V120,B21870,Dosa_Batter,4.449,39.0,1,counter,27.6,57.2,2.8,25.0,0.77,110.1,177.0,1,4.33,Medium
V121,B21871,Idly_Batter,4.394,47.3,0,backroom,33.2,58.2,-1.0,6.0,0.53,1569.9,0.7,10,4.76,High
V122,B21872,Combo_Pack,4.492,46.2,0,backroom,27.8,88.1,-1.0,6.2,0.46,1283.8,1.8,1,4.4,High
V123,B21873,Combo_Pack,4.419,27.4,0,backroom,32.1,70.8,-1.0,26.1,0.37,879.1,20.6,5,4.04,High
V124,B21874,Dosa_Batter,4.399,38.5,0,counter,29.8,72.2,-1.0,27.9,0.58,1147.6,9.5,2,3.98,High
V100,B21875,Combo_Pack,4.506,24.3,0,counter,29.0,75.3,-1.0,21.3,0.33,706.3,23.7,10,4.07,High
V101,B21876,Idly_Batter,4.456,89.8,1,fridge,35.2,57.1,3.4,65.3,0.11,303.0,126.2,10,4.15,High
V102,B21877,Dosa_Batter,4.478,36.4,0,counter,31.0,61.3,-1.0,34.5,0.15,1126.4,11.6,10,4.05,High
V103,B21878,Dosa_Batter,4.422,76.9,1,counter,30.4,77.1,6.1,0.3,0.41,469.1,139.1,5,3.87,High
V104,B21879,Combo_Pack,4.471,5.9,1,fridge,27.3,72.0,5.5,3.7,0.59,32.5,210.1,10,4.28,Low
V105,B21880,Combo_Pack,4.464,56.7,1,counter,31.8,90.6,3.7,48.9,0.52,209.5,159.3,1,4.02,High
V106,B21881,Combo_Pack,4.479,50.0,1,fridge,30.1,52.1,6.2,29.7,0.25,309.6,166.0,2,3.94,High
V107,B21882,Combo_Pack,4.431,52.4,0,counter,28.0,69.1,-1.0,46.3,0.42,1468.8,0.0,10,4.77,High
V108,B21883,Combo_Pack,4.423,38.8,1,fridge,33.1,56.2,6.0,17.6,0.63,233.4,177.2,10,4.07,High
V109,B21884,Combo_Pack,4.479,15.1,1,fridge,29.0,49.6,3.9,10.6,0.56,58.4,200.9,5,4.15,Low
V110,B21885,Dosa_Batter,4.442,91.0,0,counter,38.1,78.1,-1.0,1.1,0.79,3467.3,0.0,5,4.47,High
V111,B21886,Idly_Batter,4.447,51.9,0,counter,28.8,66.6,-1.0,41.0,0.51,1493.8,0.0,2,4.41,High
V112,B21887,Dosa_Batter,4.466,11.0,0,counter,29.9,69.5,-1.0,9.2,0.89,328.8,37.0,2,4.32,High
V113,B21888,Dosa_Batter,4.488,78.2,1,counter,31.9,71.8,5.2,72.4,0.64,407.9,137.8,2,3.9,High
V114,B21889,Combo_Pack,4.451,70.1,1,fridge,29.1,88.3,7.4,52.8,0.52,517.4,145.9,10,3.52,High
V115,B21890,Idly_Batter,4.494,57.1,0,counter,30.5,79.0,-1.0,32.8,0.65,1739.6,0.0,5,4.16,High
V116,B21891,Dosa_Batter,4.506,32.9,1,backroom,32.1,58.6,4.3,32.7,0.19,140.4,183.1,2,3.59,High
V117,B21892,Idly_Batter,4.492,79.9,1,counter,33.8,74.5,3.4,18.0,0.48,268.6,136.1,10,3.96,High
V118,B21893,Idly_Batter,4.446,40.0,1,fridge,25.8,81.6,5.9,4.0,0.6,236.3,176.0,5,4.67,High
V119,B21894,Idly_Batter,4.439,20.1,0,counter,32.4,52.6,-1.0,1.0,0.49,651.1,27.9,1,4.13,High
V120,B21895,Idly_Batter,4.46,88.3,0,backroom,32.2,79.0,-1.0,16.3,0.51,2842.1,0.0,5,3.77,High
V121,B21896,Dosa_Batter,4.426,38.1,1,fridge,29.9,61.5,5.3,34.5,0.3,200.3,177.9,5,4.06,High
V122,B21897,Dosa_Batter,4.447,47.2,1,fridge,28.6,88.1,6.8,17.6,0.39,321.9,168.8,5,4.69,High
V123,B21898,Dosa_Batter,4.514,61.7,1,fridge,38.2,66.7,2.9,32.6,0.26,176.3,154.3,10,4.46,High
V124,B21899,Idly_Batter,4.545,62.7,1,fridge,33.7,65.8,7.5,37.0,0.65,468.6,153.3,5,4.49,High
V100,B21900,Dosa_Batter,4.45,12.0,1,fridge,34.3,63.3,5.0,4.3,0.67,59.4,204.0,1,4.61,Low
V101,B21901,Idly_Batter,4.435,12.6,0,backroom,28.9,61.5,-1.0,7.9,0.11,363.4,35.4,5,4.44,High
V102,B21902,Dosa_Batter,4.478,72.1,1,counter,27.7,65.4,7.0,8.1,0.27,506.4,143.9,2,4.53,High
V103,B21903,Dosa_Batter,4.461,26.4,1,backroom,33.2,82.5,5.2,22.1,0.7,137.9,189.6,2,3.98,Medium
V104,B21904,Dosa_Batter,4.461,62.3,1,backroom,33.3,81.6,7.9,57.2,0.64,495.2,153.7,10,4.55,High
V105,B21905,Idly_Batter,4.439,78.0,1,counter,35.8,50.0,4.7,33.9,0.23,363.2,138.0,5,5.0,High
V106,B21906,Idly_Batter,4.448,95.0,0,counter,34.5,71.9,-1.0,75.5,0.66,3275.1,0.0,1,4.34,High
V107,B21907,Idly_Batter,4.47,48.7,1,backroom,30.3,71.0,7.3,36.2,0.55,355.9,167.3,5,4.74,High
V108,B21908,Combo_Pack,4.45,75.2,0,counter,29.2,50.4,-1.0,39.5,0.17,2197.1,0.0,5,4.15,High
V109,B21909,Idly_Batter,4.467,10.5,1,fridge,22.5,74.4,6.3,5.7,0.54,66.3,205.5,10,4.41,Low
V110,B21910,Dosa_Batter,4.456,32.0,1,fridge,33.4,70.4,4.8,16.5,0.85,155.0,184.0,2,4.26,Medium
V111,B21911,Combo_Pack,4.424,24.9,1,counter,32.7,71.1,5.9,16.9,0.67,147.5,191.1,1,4.19,Medium
V112,B21912,Combo_Pack,4.476,5.7,0,counter,30.4,62.3,-1.0,0.7,0.3,171.5,42.3,2,3.94,High
V113,B21913,Dosa_Batter,4.493,69.0,1,counter,29.6,70.3,4.0,10.8,0.26,273.0,147.0,2,3.44,High
V114,B21914,Idly_Batter,4.516,62.7,0,backroom,30.5,45.5,-1.0,24.7,0.4,1913.4,0.0,2,3.7,High
V115,B21915,Dosa_Batter,4.447,24.0,0,counter,28.0,70.4,-1.0,9.3,0.82,672.5,24.0,2,4.81,High
V116,B21916,Idly_Batter,4.521,69.5,0,counter,30.1,68.6,-1.0,42.5,0.43,2087.8,0.0,5,4.28,High
V117,B21917,Combo_Pack,4.413,74.3,1,backroom,31.4,61.3,6.8,13.9,0.52,502.1,141.7,10,3.73,High
V118,B21918,Combo_Pack,4.397,80.4,1,fridge,31.0,73.0,3.9,11.2,0.7,317.4,135.6,5,4.18,High
V119,B21919,Idly_Batter,4.482,51.4,0,counter,32.5,72.5,-1.0,22.5,0.41,1670.2,0.0,10,3.46,High
V120,B21920,Dosa_Batter,4.469,18.7,1,counter,34.9,58.7,4.4,4.6,0.67,82.1,197.3,10,3.93,Medium
V121,B21921,Dosa_Batter,4.477,65.2,0,counter,32.0,77.0,-1.0,20.7,0.24,2091.0,0.0,1,4.14,High
V122,B21922,Dosa_Batter,4.458,43.6,0,counter,29.3,77.4,-1.0,29.7,0.26,1279.5,4.4,10,4.31,High
V123,B21923,Idly_Batter,4.469,63.1,1,counter,35.5,67.1,6.5,52.3,0.68,408.8,152.9,1,4.22,High
V124,B21924,Idly_Batter,4.447,79.4,0,counter,31.5,56.8,-1.0,0.3,0.28,2496.2,0.0,2,5.0,High
V100,B21925,Dosa_Batter,4.457,81.4,1,backroom,27.5,50.2,4.6,65.3,0.32,375.6,134.6,5,3.91,High
V101,B21926,Dosa_Batter,4.435,13.5,0,backroom,32.0,72.4,-1.0,2.0,0.18,430.4,34.5,2,4.34,High
V102,B21927,Combo_Pack,4.446,20.7,0,backroom,30.0,66.7,-1.0,1.8,0.84,621.9,27.3,5,3.86,High
V103,B21928,Idly_Batter,4.445,39.3,0,backroom,28.3,67.8,-1.0,7.1,0.41,1113.9,8.7,10,4.13,High
V104,B21929,Dosa_Batter,4.4,52.9,0,backroom,27.8,67.1,-1.0,35.5,0.27,1468.0,0.0,10,4.45,High
V105,B21930,Idly_Batter,4.496,64.6,1,counter,28.8,75.5,3.5,40.8,0.6,227.3,151.4,1,3.93,High
V106,B21931,Combo_Pack,4.513,82.6,0,counter,32.1,67.0,-1.0,38.0,0.62,2651.3,0.0,2,4.34,High
V107,B21932,Dosa_Batter,4.457,70.4,0,backroom,27.8,74.3,-1.0,8.7,0.34,1955.5,0.0,10,4.86,High
V108,B21933,Dosa_Batter,4.477,9.8,1,counter,33.8,67.7,6.2,6.8,0.8,60.7,206.2,10,4.45,Low
V109,B21934,Dosa_Batter,4.449,35.6,1,counter,40.0,81.1,3.9,1.3,0.62,139.1,180.4,10,4.75,Medium
V110,B21935,Dosa_Batter,4.435,14.5,1,counter,27.9,62.6,4.8,12.9,0.5,69.6,201.5,1,3.43,Medium
V111,B21936,Combo_Pack,4.451,47.4,0,backroom,35.6,52.7,-1.0,1.8,0.93,1687.8,0.6,10,4.52,High
V112,B21937,Idly_Batter,4.465,69.2,1,fridge,29.5,53.7,4.5,54.3,0.6,314.7,146.8,5,4.19,High
V113,B21938,Idly_Batter,4.464,88.1,1,counter,32.0,72.7,8.9,73.6,0.45,781.8,127.9,1,4.72,High
V114,B21939,Combo_Pack,4.462,60.7,0,counter,33.9,78.7,-1.0,48.5,0.71,2055.8,0.0,10,4.4,High
V115,B21940,Idly_Batter,4.428,90.4,0,backroom,30.2,77.1,-1.0,2.6,0.12,2727.3,0.0,2,4.23,High
V116,B21941,Combo_Pack,4.485,35.9,1,fridge,31.3,78.4,4.6,33.3,0.48,164.0,180.1,1,3.96,High
V117,B21942,Dosa_Batter,4.441,42.0,0,backroom,34.7,66.4,-1.0,27.6,0.47,1455.3,6.0,1,3.99,High
V118,B21943,Combo_Pack,4.458,29.9,0,counter,29.2,61.1,-1.0,16.3,0.33,874.0,18.1,2,4.54,High
V119,B21944,Idly_Batter,4.419,13.6,1,counter,34.4,59.4,5.2,4.9,0.17,71.2,202.4,5,3.53,Medium
V120,B21945,Combo_Pack,4.482,70.9,1,backroom,31.3,68.4,5.2,59.9,0.78,367.5,145.1,2,3.81,High
V121,B21946,Combo_Pack,4.467,8.1,1,backroom,34.1,62.0,5.6,4.4,0.76,45.5,207.9,10,4.03,Low
V122,B21947,Idly_Batter,4.508,44.9,1,counter,33.1,55.3,5.7,38.4,0.83,256.9,171.1,5,4.06,High
V123,B21948,Idly_Batter,4.413,65.5,0,counter,31.5,58.1,-1.0,19.7,0.66,2064.2,0.0,5,4.61,High
V124,B21949,Idly_Batter,4.424,13.6,1,fridge,33.2,63.8,5.4,7.4,0.55,73.4,202.4,5,4.43,Medium
V100,B21950,Combo_Pack,4.503,59.6,0,backroom,27.7,67.1,-1.0,43.3,0.89,1651.3,0.0,5,4.69,High
V101,B21951,Combo_Pack,4.443,76.0,0,counter,30.6,77.6,-1.0,57.0,0.6,2326.2,0.0,2,3.97,High
V102,B21952,Combo_Pack,4.408,61.1,1,fridge,33.9,64.9,4.9,58.3,0.52,296.7,154.9,2,3.89,High
V103,B21953,Dosa_Batter,4.414,62.4,0,backroom,36.5,73.1,-1.0,49.5,0.78,2280.9,0.0,5,3.96,High
V104,B21954,Combo_Pack,4.442,42.9,1,fridge,29.4,57.3,3.8,2.1,0.58,165.0,173.1,2,4.27,High
V105,B21955,Dosa_Batter,4.47,62.4,1,fridge,27.3,67.7,5.2,47.5,0.75,326.3,153.6,2,4.51,High
V106,B21956,Idly_Batter,4.436,30.1,0,backroom,29.9,76.3,-1.0,7.8,0.56,901.8,17.9,5,3.84,High
V107,B21957,Combo_Pack,4.386,9.6,1,fridge,28.3,72.6,2.0,2.6,0.17,19.3,206.4,10,3.6,Low
V108,B21958,Combo_Pack,4.463,40.0,0,counter,25.5,75.7,-1.0,4.9,0.31,1020.9,8.0,5,3.79,High
V109,B21959,Dosa_Batter,4.472,34.8,1,fridge,28.8,70.8,5.4,5.3,0.67,188.5,181.2,10,4.44,High
V110,B21960,Idly_Batter,4.44,77.7,0,backroom,32.4,64.7,-1.0,59.6,0.56,2518.3,0.0,5,4.32,High
V111,B21961,Combo_Pack,4.472,23.1,1,fridge,28.4,67.4,4.8,13.2,0.5,112.2,192.9,2,3.7,Medium
V112,B21962,Combo_Pack,4.396,13.3,0,backroom,26.1,61.3,-1.0,6.5,0.8,347.2,34.7,2,5.0,High
V113,B21963,Dosa_Batter,4.488,87.8,0,backroom,28.1,58.2,-1.0,63.0,0.38,2470.8,0.0,1,3.97,High
V114,B21964,Idly_Batter,4.493,89.8,0,backroom,27.8,60.2,-1.0,46.1,0.21,2493.1,0.0,10,4.09,High
V115,B21965,Combo_Pack,4.478,28.4,1,counter,29.8,68.1,6.0,21.0,0.52,170.0,187.6,1,3.76,High
V116,B21966,Dosa_Batter,4.43,63.1,1,counter,30.6,82.2,7.1,55.5,0.17,448.1,152.9,5,4.16,High
V117,B21967,Dosa_Batter,4.371,18.8,1,fridge,32.4,59.2,5.0,12.7,0.52,93.8,197.2,1,4.86,Medium
V118,B21968,Combo_Pack,4.468,46.3,1,counter,35.8,73.9,5.6,17.4,0.43,258.1,169.7,10,4.45,High
V119,B21969,Combo_Pack,4.468,14.4,1,counter,28.6,67.4,6.2,10.4,0.5,88.7,201.6,5,4.41,Medium
V120,B21970,Combo_Pack,4.386,35.9,1,backroom,32.0,60.2,4.3,19.0,0.75,155.9,180.1,1,4.67,High
V121,B21971,Idly_Batter,4.471,44.5,0,counter,32.6,86.4,-1.0,6.1,0.44,1451.5,3.5,2,3.8,High
V122,B21972,Combo_Pack,4.469,67.0,0,counter,33.5,76.3,-1.0,17.7,0.5,2244.0,0.0,10,5.0,High
V123,B21973,Idly_Batter,4.469,76.8,0,backroom,29.5,69.4,-1.0,33.5,0.31,2263.9,0.0,2,4.24,High
V124,B21974,Idly_Batter,4.454,66.6,0,counter,33.6,85.6,-1.0,19.6,0.53,2235.5,0.0,2,3.91,High
V100,B21975,Dosa_Batter,4.449,4.8,1,fridge,34.3,46.3,6.1,1.8,0.9,29.8,211.2,5,4.18,Low
V101,B21976,Dosa_Batter,4.421,66.4,0,backroom,29.9,70.5,-1.0,24.4,0.38,1988.0,0.0,2,4.18,High
V102,B21977,Combo_Pack,4.548,4.1,1,counter,22.0,68.3,6.4,1.2,0.79,26.2,211.9,10,3.61,Low
V103,B21978,Idly_Batter,4.45,60.2,0,counter,30.8,63.2,-1.0,27.7,0.34,1855.9,0.0,1,4.43,High
V104,B21979,Combo_Pack,4.475,17.5,1,backroom,28.5,77.3,2.9,10.8,0.68,50.9,198.5,1,3.77,Low
V105,B21980,Dosa_Batter,4.453,9.9,0,counter,31.9,67.3,-1.0,5.2,0.33,316.8,38.1,10,4.48,High
V106,B21981,Idly_Batter,4.44,77.5,1,fridge,31.8,69.9,4.1,64.3,0.28,319.9,138.5,5,3.66,High
V107,B21982,Idly_Batter,4.443,15.9,0,backroom,29.6,48.1,-1.0,0.7,0.65,470.0,32.1,1,3.97,High
V108,B21983,Idly_Batter,4.393,39.1,0,counter,32.4,65.0,-1.0,12.9,0.29,1266.7,8.9,1,4.48,High
V109,B21984,Combo_Pack,4.548,40.1,1,fridge,27.0,72.9,5.4,32.3,0.72,217.9,175.9,10,3.54,High
V110,B21985,Idly_Batter,4.466,61.6,1,counter,35.9,53.9,6.7,29.9,0.82,409.8,154.4,5,3.91,High
V111,B21986,Dosa_Batter,4.451,47.4,1,backroom,30.2,54.1,5.2,43.2,0.48,245.9,168.6,2,4.6,High
V112,B21987,Dosa_Batter,4.485,85.5,1,counter,28.6,74.7,5.4,37.4,0.51,460.4,130.5,1,4.59,High
V113,B21988,Combo_Pack,4.485,17.7,1,counter,28.8,64.2,4.7,13.0,0.58,84.0,198.3,5,4.2,Medium
V114,B21989,Dosa_Batter,4.516,42.3,1,backroom,32.0,59.3,5.7,23.7,0.4,243.0,173.7,10,4.4,High
V115,B21990,Idly_Batter,4.461,88.6,0,counter,33.6,80.7,-1.0,14.2,0.37,2975.4,0.0,2,4.16,High
V116,B21991,Dosa_Batter,4.418,32.1,1,backroom,33.3,70.1,5.4,31.2,0.33,173.1,183.9,1,4.24,High
V117,B21992,Idly_Batter,4.416,96.0,0,backroom,31.4,67.5,-1.0,35.3,0.67,3014.2,0.0,2,4.12,High
V118,B21993,Combo_Pack,4.456,77.5,0,backroom,29.7,69.4,-1.0,33.5,0.88,2299.9,0.0,1,3.62,High
V119,B21994,Combo_Pack,4.435,18.9,0,counter,30.3,88.0,-1.0,18.5,0.51,571.6,29.1,10,3.23,High
V120,B21995,Combo_Pack,4.517,80.0,0,backroom,34.2,50.9,-1.0,1.0,0.57,2735.4,0.0,1,3.61,High
V121,B21996,Dosa_Batter,4.49,95.1,1,fridge,27.5,68.7,3.9,23.7,0.22,373.1,120.9,1,3.85,High
V122,B21997,Idly_Batter,4.449,7.4,1,backroom,32.3,63.4,5.9,3.2,0.51,43.3,208.6,2,3.62,Low
V123,B21998,Dosa_Batter,4.425,62.9,0,counter,28.0,78.5,-1.0,27.1,0.46,1760.9,0.0,2,3.99,High
V124,B21999,Dosa_Batter,4.396,61.6,1,fridge,33.5,62.1,5.7,43.9,0.7,350.1,154.4,2,4.22,High
V100,B22000,Combo_Pack,4.464,71.8,0,backroom,33.1,77.6,-1.0,33.9,0.26,2379.4,0.0,2,3.95,High
V101,B22001,Idly_Batter,4.429,29.2,0,counter,32.1,88.7,-1.0,18.1,0.2,938.5,18.8,1,4.23,High
V102,B22002,Combo_Pack,4.503,80.4,0,counter,27.7,82.9,-1.0,77.1,0.71,2230.9,0.0,10,4.5,High
V103,B22003,Dosa_Batter,4.456,83.7,1,fridge,25.9,74.5,2.0,18.9,0.53,167.5,132.3,1,4.08,High
V104,B22004,Combo_Pack,4.502,53.6,0,counter,30.5,63.8,-1.0,47.9,0.38,1636.9,0.0,5,4.39,High
V105,B22005,Dosa_Batter,4.446,49.0,0,counter,38.5,85.4,-1.0,43.9,0.63,1890.1,0.0,1,4.03,High
V106,B22006,Combo_Pack,4.421,6.6,0,counter,31.3,73.0,-1.0,3.6,0.71,207.5,41.4,10,4.13,High
V107,B22007,Idly_Batter,4.445,69.6,0,backroom,28.2,50.7,-1.0,11.6,0.09,1963.6,0.0,2,4.01,High
V108,B22008,Idly_Batter,4.511,95.1,0,counter,33.2,68.6,-1.0,24.8,0.56,3161.5,0.0,10,4.13,High
V109,B22009,Idly_Batter,4.475,62.8,1,fridge,28.5,70.1,2.7,11.1,0.53,169.1,153.2,2,4.17,High
V110,B22010,Idly_Batter,4.437,75.6,1,fridge,32.8,64.7,5.0,10.0,0.39,376.9,140.4,5,4.08,High
V111,B22011,Combo_Pack,4.426,9.0,1,counter,28.6,72.9,4.0,3.0,0.62,35.5,207.0,1,4.0,Low
V112,B22012,Idly_Batter,4.489,50.8,1,backroom,29.4,72.7,4.2,31.9,0.48,211.6,165.2,5,4.41,High
V113,B22013,Dosa_Batter,4.494,0.0,1,counter,24.0,43.0,5.1,0.0,0.17,0.1,216.0,1,4.84,Low
V114,B22014,Dosa_Batter,4.502,65.1,0,backroom,27.0,72.1,-1.0,10.8,0.88,1760.5,0.0,5,4.54,High
V115,B22015,Dosa_Batter,4.425,70.9,1,counter,31.3,81.1,3.3,45.0,0.36,237.3,145.1,2,4.67,High
V116,B22016,Dosa_Batter,4.456,35.2,1,backroom,36.6,60.2,5.6,33.1,0.5,196.8,180.8,10,4.31,High
V117,B22017,Combo_Pack,4.402,90.1,1,backroom,34.4,71.0,5.2,16.4,0.19,472.1,125.9,2,4.27,High
V118,B22018,Idly_Batter,4.524,56.6,0,counter,29.5,62.3,-1.0,34.3,0.84,1666.2,0.0,10,3.6,High
V119,B22019,Combo_Pack,4.395,47.1,1,backroom,27.9,65.7,5.6,32.1,0.53,265.1,168.9,2,4.41,High
V120,B22020,Dosa_Batter,4.429,47.4,1,counter,27.9,80.7,5.3,3.7,0.87,249.5,168.6,5,3.75,High
V121,B22021,Combo_Pack,4.445,74.1,0,counter,32.6,81.1,-1.0,3.9,0.39,2417.7,0.0,10,4.07,High
V122,B22022,Dosa_Batter,4.496,36.8,0,backroom,28.7,62.0,-1.0,4.9,0.76,1055.7,11.2,2,4.83,High
V123,B22023,Combo_Pack,4.383,83.3,1,backroom,26.2,57.6,5.1,82.3,0.24,428.0,132.7,5,4.54,High
V124,B22024,Combo_Pack,4.503,55.0,0,counter,27.3,71.7,-1.0,43.8,0.42,1502.2,0.0,10,4.08,High
V100,B22025,Idly_Batter,4.393,0.2,1,counter,33.6,75.1,2.8,0.1,0.56,0.4,215.8,5,4.3,Low
V101,B22026,Combo_Pack,4.458,20.0,1,backroom,29.7,75.0,3.7,15.0,0.64,74.2,196.0,10,4.41,Medium
V102,B22027,Idly_Batter,4.453,19.5,1,fridge,29.9,87.6,4.6,2.0,0.45,90.0,196.5,10,4.08,Medium
V103,B22028,Idly_Batter,4.435,72.8,1,fridge,31.6,76.9,9.6,53.5,0.66,701.2,143.2,1,3.72,High
V104,B22029,Idly_Batter,4.46,13.5,1,fridge,32.5,71.5,3.8,1.6,0.57,51.1,202.5,2,4.03,Low
V105,B22030,Combo_Pack,4.449,81.2,0,counter,32.1,64.1,-1.0,35.5,0.78,2604.2,0.0,10,4.32,High
V106,B22031,Dosa_Batter,4.447,2.2,0,backroom,27.8,79.6,-1.0,0.1,0.28,60.6,45.8,5,4.46,Medium
V107,B22032,Combo_Pack,4.463,90.9,1,counter,31.8,57.6,3.4,44.9,0.64,309.2,125.1,2,4.24,High
V108,B22033,Dosa_Batter,4.52,7.4,1,backroom,33.1,75.0,5.9,6.0,0.61,43.5,208.6,2,4.17,Low
V109,B22034,Combo_Pack,4.496,4.4,0,backroom,29.4,65.5,-1.0,1.6,0.68,128.2,43.6,1,3.67,High
V110,B22035,Dosa_Batter,4.464,82.6,1,fridge,36.8,58.5,5.4,79.2,0.61,445.1,133.4,2,3.98,High
V111,B22036,Dosa_Batter,4.448,2.2,0,counter,31.6,75.0,-1.0,1.9,0.36,70.3,45.8,10,4.73,Medium
V112,B22037,Idly_Batter,4.417,63.8,1,backroom,24.5,54.4,4.7,22.1,0.94,301.3,152.2,2,3.22,High
V113,B22038,Idly_Batter,4.509,15.6,0,counter,29.7,76.6,-1.0,10.9,0.64,463.8,32.4,2,4.32,High
V114,B22039,Dosa_Batter,4.436,23.8,1,fridge,31.2,67.2,5.2,11.4,0.4,123.7,192.2,1,4.83,Medium
V115,B22040,Idly_Batter,4.448,38.5,1,counter,30.8,64.2,4.8,34.2,0.54,184.6,177.5,10,4.85,High
V116,B22041,Idly_Batter,4.457,75.2,1,fridge,33.6,75.9,5.6,48.5,0.55,424.6,140.8,2,4.06,High
V117,B22042,Dosa_Batter,4.443,32.4,1,backroom,29.6,71.9,6.2,15.5,0.57,200.0,183.6,10,4.09,High
V118,B22043,Idly_Batter,4.453,35.5,1,backroom,33.4,94.9,5.2,3.5,0.87,186.6,180.5,5,3.78,High
V119,B22044,Idly_Batter,4.51,62.8,0,counter,24.1,82.7,-1.0,18.0,0.54,1512.7,0.0,2,4.46,High
V120,B22045,Idly_Batter,4.428,67.3,0,backroom,30.8,52.8,-1.0,64.5,0.03,2074.4,0.0,2,4.65,High
V121,B22046,Dosa_Batter,4.453,32.7,0,backroom,33.8,81.4,-1.0,15.9,0.66,1105.3,15.3,1,4.28,High
V122,B22047,Idly_Batter,4.465,66.2,0,counter,31.6,67.1,-1.0,62.7,0.34,2093.7,0.0,1,4.22,High
V123,B22048,Combo_Pack,4.476,64.2,1,counter,27.9,61.4,2.8,15.2,0.45,181.5,151.8,5,4.57,High
V124,B22049,Dosa_Batter,4.455,90.8,1,counter,30.7,77.3,3.2,31.1,0.57,292.3,125.2,1,4.73,High
V100,B22050,Combo_Pack,4.478,75.7,0,counter,31.6,59.6,-1.0,62.6,0.65,2391.2,0.0,2,3.92,High
V101,B22051,Combo_Pack,4.485,11.9,0,backroom,26.5,68.1,-1.0,7.9,0.73,314.3,36.1,10,4.95,High
V102,B22052,Combo_Pack,4.491,13.0,0,backroom,30.7,85.7,-1.0,2.6,0.78,399.7,35.0,10,4.4,High
V103,B22053,Combo_Pack,4.489,20.3,0,counter,29.0,72.6,-1.0,18.1,0.45,588.8,27.7,5,4.21,High
V104,B22054,Idly_Batter,4.442,30.0,0,counter,35.0,65.9,-1.0,3.3,0.12,1051.3,18.0,1,4.14,High
V105,B22055,Dosa_Batter,4.477,26.6,0,counter,35.5,78.4,-1.0,16.3,0.31,944.0,21.4,5,4.0,High
V106,B22056,Combo_Pack,4.47,86.6,1,counter,31.3,77.0,4.0,64.8,0.63,348.2,129.4,5,4.34,High
V107,B22057,Dosa_Batter,4.477,2.8,0,backroom,36.2,70.3,-1.0,1.8,0.1,102.5,45.2,10,3.92,Medium
V108,B22058,Combo_Pack,4.468,39.1,1,backroom,28.1,78.0,5.4,25.4,0.45,211.3,176.9,10,4.5,High
V109,B22059,Dosa_Batter,4.421,16.2,1,backroom,26.6,62.8,3.3,0.3,0.76,53.2,199.8,2,4.19,Low
V110,B22060,Idly_Batter,4.513,2.0,0,counter,33.5,53.6,-1.0,1.2,0.47,66.5,46.0,5,4.15,Medium
V111,B22061,Dosa_Batter,4.418,40.5,0,counter,26.7,59.8,-1.0,39.8,0.33,1083.5,7.5,10,4.02,High
V112,B22062,Combo_Pack,4.498,7.0,0,backroom,32.4,75.9,-1.0,3.2,0.48,227.5,41.0,10,4.43,High
V113,B22063,Idly_Batter,4.439,49.5,0,backroom,31.7,81.3,-1.0,49.3,0.6,1572.2,0.0,2,4.66,High
V114,B22064,Idly_Batter,4.46,95.9,1,fridge,32.7,81.1,3.3,64.4,0.41,314.0,120.1,2,4.03,High
V115,B22065,Idly_Batter,4.46,19.5,0,counter,35.4,57.1,-1.0,1.2,0.84,691.3,28.5,10,4.0,High
V116,B22066,Combo_Pack,4.471,87.4,0,counter,32.4,74.3,-1.0,3.3,0.8,2827.5,0.0,2,4.2,High
V117,B22067,Combo_Pack,4.422,21.1,0,counter,34.5,76.9,-1.0,10.2,0.28,728.0,26.9,2,4.04,High
V118,B22068,Idly_Batter,4.45,47.0,1,counter,32.4,59.4,4.7,7.0,0.29,222.5,169.0,10,4.55,High
V119,B22069,Dosa_Batter,4.404,69.8,1,counter,32.7,82.2,5.2,52.2,0.5,365.4,146.2,2,5.0,High
V120,B22070,Dosa_Batter,4.485,94.5,1,counter,27.2,63.5,4.8,18.1,0.67,453.1,121.5,5,4.57,High
V121,B22071,Combo_Pack,4.499,67.7,1,backroom,32.6,63.1,5.4,31.5,0.22,364.3,148.3,2,4.17,High
V122,B22072,Idly_Batter,4.456,6.5,0,counter,37.3,78.0,-1.0,0.3,0.71,240.4,41.5,5,3.82,High
V123,B22073,Combo_Pack,4.469,48.9,1,counter,31.4,73.8,3.8,16.1,0.45,186.5,167.1,2,4.04,High
V124,B22074,Idly_Batter,4.452,7.5,1,counter,31.0,79.3,7.0,1.6,0.79,52.5,208.5,5,3.62,Low
V100,B22075,Dosa_Batter,4.445,43.2,1,backroom,29.8,66.1,4.1,4.3,0.45,177.9,172.8,1,4.3,High
V101,B22076,Dosa_Batter,4.439,57.0,1,backroom,29.7,55.8,3.6,52.9,0.11,202.7,159.0,2,4.13,High
V102,B22077,Idly_Batter,4.47,71.4,0,counter,34.0,66.0,-1.0,37.8,0.44,2426.0,0.0,5,4.18,High
V103,B22078,Combo_Pack,4.487,57.6,1,counter,28.4,72.6,3.7,49.5,0.43,215.0,158.4,5,3.77,High
V104,B22079,Dosa_Batter,4.456,74.7,1,fridge,33.1,82.9,4.9,20.8,0.68,364.7,141.3,10,3.78,High
V105,B22080,Combo_Pack,4.509,53.8,0,backroom,27.8,69.7,-1.0,45.0,0.37,1497.1,0.0,1,4.21,High
V106,B22081,Combo_Pack,4.472,30.6,0,counter,32.6,75.3,-1.0,3.8,0.53,998.7,17.4,1,4.77,High
V107,B22082,Combo_Pack,4.424,37.5,1,backroom,38.4,79.5,4.1,31.4,0.48,152.7,178.5,5,4.53,High
V108,B22083,Dosa_Batter,4.432,63.3,1,counter,31.4,63.6,3.5,40.9,0.14,220.5,152.7,5,4.58,High
V109,B22084,Dosa_Batter,4.479,51.2,0,backroom,31.6,92.5,-1.0,34.6,0.39,1619.1,0.0,10,4.42,High
V110,B22085,Combo_Pack,4.528,62.8,1,fridge,32.0,75.9,6.0,51.0,0.36,377.2,153.2,5,3.47,High
V111,B22086,Combo_Pack,4.486,78.0,1,counter,26.8,56.5,5.3,23.8,0.58,415.4,138.0,10,4.56,High
V112,B22087,Combo_Pack,4.452,42.3,1,counter,34.0,56.7,6.5,13.6,0.29,274.2,173.7,2,4.02,High
V113,B22088,Idly_Batter,4.457,13.9,0,backroom,32.1,60.5,-1.0,7.8,0.23,445.7,34.1,2,3.89,High
V114,B22089,Dosa_Batter,4.4,14.5,0,counter,35.1,70.4,-1.0,0.8,0.45,509.1,33.5,10,4.01,High
V115,B22090,Idly_Batter,4.439,9.0,0,backroom,30.3,57.8,-1.0,0.8,0.73,271.5,39.0,1,4.34,High
V116,B22091,Combo_Pack,4.452,51.7,0,backroom,29.7,79.8,-1.0,4.4,0.69,1534.9,0.0,2,4.32,High
V117,B22092,Dosa_Batter,4.437,51.3,0,counter,28.9,67.5,-1.0,51.0,0.47,1483.5,0.0,5,4.36,High
V118,B22093,Dosa_Batter,4.489,5.3,0,backroom,33.7,66.6,-1.0,2.6,0.55,177.5,42.7,5,4.46,High
V119,B22094,Idly_Batter,4.43,86.1,1,fridge,27.2,52.4,2.8,44.6,0.36,245.4,129.9,5,4.0,High
V120,B22095,Combo_Pack,4.497,90.5,1,fridge,32.2,63.4,5.8,20.5,0.6,522.9,125.5,2,4.39,High
V121,B22096,Combo_Pack,4.446,60.9,0,backroom,28.6,73.0,-1.0,12.7,0.1,1741.8,0.0,10,4.59,High
V122,B22097,Dosa_Batter,4.443,16.4,1,fridge,27.0,55.9,6.1,15.2,0.32,100.2,199.6,10,3.74,Medium
V123,B22098,Combo_Pack,4.429,17.4,0,backroom,36.3,73.2,-1.0,11.3,0.51,631.5,30.6,1,3.9,High
V124,B22099,Idly_Batter,4.481,45.1,1,backroom,36.1,73.3,5.9,26.5,0.45,264.7,170.9,2,4.25,High
V100,B22100,Combo_Pack,4.475,78.3,0,counter,29.5,87.5,-1.0,23.0,0.73,2308.9,0.0,10,4.44,High
V101,B22101,Dosa_Batter,4.48,62.8,1,counter,30.5,76.0,4.8,27.5,0.44,302.1,153.2,5,3.79,High
V102,B22102,Idly_Batter,4.444,84.2,1,fridge,36.2,65.1,2.0,44.0,0.72,168.9,131.8,2,4.12,High
V103,B22103,Idly_Batter,4.42,26.2,0,counter,27.4,81.4,-1.0,24.0,0.52,717.6,21.8,2,4.46,High
V104,B22104,Combo_Pack,4.482,46.8,0,backroom,28.1,68.6,-1.0,6.3,0.34,1314.3,1.2,2,4.04,High
V105,B22105,Combo_Pack,4.515,34.1,1,fridge,30.6,73.6,7.7,33.9,0.58,261.0,181.9,10,3.47,High
V106,B22106,Dosa_Batter,4.469,64.6,1,fridge,34.7,79.0,3.9,37.7,0.56,249.7,151.4,2,4.02,High
V107,B22107,Idly_Batter,4.443,46.8,1,counter,29.1,76.7,4.5,3.7,0.38,209.8,169.2,1,4.66,High
V108,B22108,Idly_Batter,4.443,73.0,0,backroom,31.6,56.5,-1.0,20.5,0.54,2306.4,0.0,5,4.25,High
V109,B22109,Combo_Pack,4.517,88.9,0,counter,28.2,69.4,-1.0,53.7,0.59,2510.4,0.0,2,5.0,High
V110,B22110,Dosa_Batter,4.418,68.2,1,backroom,31.7,77.3,2.0,66.8,0.32,136.4,147.8,1,4.31,Medium
V111,B22111,Idly_Batter,4.431,25.7,1,fridge,33.4,53.9,4.8,6.5,0.15,124.2,190.3,1,4.57,Medium
V112,B22112,Idly_Batter,4.441,19.9,1,counter,32.0,62.7,5.7,3.8,0.41,113.1,196.1,2,4.65,Medium
V113,B22113,Dosa_Batter,4.475,67.6,1,fridge,31.3,69.2,4.0,35.2,0.21,269.4,148.4,5,4.11,High
V114,B22114,Dosa_Batter,4.483,79.9,1,fridge,27.3,77.7,8.4,71.1,0.93,667.0,136.1,10,4.03,High
V115,B22115,Idly_Batter,4.438,43.5,1,counter,36.6,68.5,6.6,11.4,0.36,288.6,172.5,1,3.75,High
V116,B22116,Idly_Batter,4.445,7.2,1,counter,31.5,75.5,2.6,3.5,0.88,19.0,208.8,10,3.71,Low
V117,B22117,Idly_Batter,4.404,11.9,1,fridge,29.5,61.8,3.2,5.5,0.48,38.4,204.1,5,4.81,Low
V118,B22118,Combo_Pack,4.47,59.8,0,backroom,30.5,74.7,-1.0,20.8,0.22,1824.7,0.0,10,4.17,High
V119,B22119,Dosa_Batter,4.437,79.3,1,backroom,29.8,71.3,3.6,62.6,0.57,283.0,136.7,2,4.11,High
V120,B22120,Dosa_Batter,4.523,86.7,0,backroom,29.9,57.5,-1.0,18.7,0.63,2590.3,0.0,10,4.46,High
V121,B22121,Idly_Batter,4.439,82.9,0,backroom,33.8,78.7,-1.0,34.3,0.37,2803.6,0.0,2,4.52,High
V122,B22122,Combo_Pack,4.422,49.4,0,counter,28.5,72.5,-1.0,41.8,0.14,1409.4,0.0,2,4.06,High
V123,B22123,Dosa_Batter,4.456,91.3,1,fridge,32.2,75.1,5.2,80.2,0.45,476.3,124.7,2,3.96,High
V124,B22124,Idly_Batter,4.475,13.4,1,fridge,28.5,61.1,6.9,11.9,0.4,92.7,202.6,1,4.65,Medium
V100,B22125,Idly_Batter,4.457,24.5,0,counter,31.8,64.1,-1.0,11.2,0.52,777.6,23.5,5,4.65,High
V101,B22126,Dosa_Batter,4.437,74.7,0,backroom,32.5,60.4,-1.0,22.3,0.6,2423.8,0.0,10,4.26,High
V102,B22127,Combo_Pack,4.404,73.8,1,fridge,33.3,78.3,3.3,57.8,0.54,241.4,142.2,10,4.65,High
V103,B22128,Combo_Pack,4.424,72.2,1,backroom,31.6,77.5,4.6,21.1,0.79,334.2,143.8,2,3.44,High
V104,B22129,Dosa_Batter,4.433,46.0,0,counter,29.0,59.8,-1.0,23.9,0.66,1334.1,2.0,2,4.64,High
V105,B22130,Combo_Pack,4.506,94.5,1,fridge,29.8,78.1,6.3,53.6,0.72,593.9,121.5,1,3.68,High
V106,B22131,Dosa_Batter,4.413,91.5,1,counter,26.7,61.9,4.7,47.9,0.39,425.6,124.5,10,4.64,High
V107,B22132,Idly_Batter,4.455,84.8,0,counter,32.5,64.5,-1.0,75.0,0.68,2755.8,0.0,2,4.36,High
V108,B22133,Idly_Batter,4.5,20.1,0,backroom,31.6,72.1,-1.0,0.5,0.56,635.5,27.9,5,4.71,High
V109,B22134,Idly_Batter,4.441,37.7,0,backroom,29.3,84.9,-1.0,33.6,0.25,1101.8,10.3,5,4.91,High
V110,B22135,Idly_Batter,4.489,5.2,1,backroom,30.3,87.0,4.6,1.5,0.15,23.8,210.8,5,3.56,Low
V111,B22136,Idly_Batter,4.453,15.4,0,counter,29.6,69.6,-1.0,5.8,0.34,455.5,32.6,5,4.25,High
V112,B22137,Idly_Batter,4.462,6.2,1,backroom,35.0,77.9,5.9,0.8,0.56,36.5,209.8,5,4.61,Low
V113,B22138,Dosa_Batter,4.447,77.2,1,backroom,30.8,80.7,4.5,12.4,0.61,347.6,138.8,5,4.63,High
V114,B22139,Dosa_Batter,4.469,32.8,1,fridge,30.3,57.3,3.1,8.8,0.22,102.5,183.2,1,4.69,Medium
V115,B22140,Dosa_Batter,4.394,10.9,0,counter,38.9,61.6,-1.0,6.4,0.26,423.0,37.1,10,4.56,High
V116,B22141,Dosa_Batter,4.448,46.8,0,backroom,27.4,62.5,-1.0,12.5,0.32,1283.8,1.2,10,4.3,High
V117,B22142,Dosa_Batter,4.455,47.2,0,counter,33.7,68.9,-1.0,9.0,0.65,1590.8,0.8,10,3.6,High
V118,B22143,Dosa_Batter,4.447,57.2,0,backroom,35.5,73.0,-1.0,0.9,0.38,2027.9,0.0,10,4.5,High
V119,B22144,Combo_Pack,4.476,40.5,0,counter,29.4,74.7,-1.0,35.3,0.8,1188.3,7.5,5,4.47,High
V120,B22145,Idly_Batter,4.473,12.9,1,fridge,27.5,63.7,7.2,3.8,0.32,93.5,203.1,5,4.34,Medium
V121,B22146,Dosa_Batter,4.462,75.9,1,fridge,30.8,69.9,2.4,70.7,0.45,181.0,140.1,5,4.18,High
V122,B22147,Dosa_Batter,4.433,51.6,1,backroom,25.5,70.0,6.3,48.0,0.11,326.0,164.4,1,4.09,High
V123,B22148,Combo_Pack,4.391,7.6,1,counter,29.9,67.0,3.1,3.4,0.12,23.1,208.4,5,4.02,Low
V124,B22149,Dosa_Batter,4.488,19.7,0,counter,30.4,66.0,-1.0,15.4,0.58,600.3,28.3,1,4.6,High
V100,B22150,Idly_Batter,4.495,54.9,1,fridge,32.2,78.3,3.4,45.0,0.45,186.5,161.1,2,3.75,High
V101,B22151,Idly_Batter,4.457,30.1,0,backroom,34.3,62.7,-1.0,21.6,0.41,1029.8,17.9,10,4.15,High
V102,B22152,Idly_Batter,4.481,85.9,1,backroom,34.0,75.7,3.9,60.1,0.71,337.6,130.1,10,4.05,High
V103,B22153,Dosa_Batter,4.512,3.6,0,counter,33.0,60.7,-1.0,2.9,0.75,118.9,44.4,2,3.79,Medium
V104,B22154,Combo_Pack,4.439,50.3,0,counter,26.1,74.4,-1.0,14.2,0.33,1311.9,0.0,2,4.27,High
V105,B22155,Combo_Pack,4.501,2.8,1,fridge,32.0,56.8,4.9,2.2,0.88,14.0,213.2,10,4.03,Low
V106,B22156,Idly_Batter,4.428,79.9,1,counter,25.9,56.8,4.2,23.3,0.16,336.9,136.1,10,4.22,High
V107,B22157,Dosa_Batter,4.442,92.9,0,counter,29.0,74.2,-1.0,51.3,0.09,2693.9,0.0,10,3.04,High
V108,B22158,Combo_Pack,4.449,27.8,0,counter,36.2,67.4,-1.0,25.2,0.5,1007.4,20.2,10,4.29,High
V109,B22159,Combo_Pack,4.45,73.6,0,counter,34.4,52.0,-1.0,15.4,0.27,2532.9,0.0,5,4.37,High
V110,B22160,Combo_Pack,4.469,12.8,0,backroom,29.3,62.1,-1.0,4.8,0.49,374.0,35.2,10,4.61,High
V111,B22161,Dosa_Batter,4.456,5.4,1,fridge,27.1,64.2,6.0,1.7,0.03,32.3,210.6,2,4.08,Low
V112,B22162,Idly_Batter,4.42,29.4,1,fridge,30.9,58.0,5.4,20.2,0.46,160.2,186.6,1,4.64,High
V113,B22163,Idly_Batter,4.501,61.3,1,backroom,32.5,80.3,5.3,23.8,0.69,322.8,154.7,2,3.72,High
V114,B22164,Idly_Batter,4.471,38.2,1,counter,27.6,68.7,6.0,16.4,0.1,228.3,177.8,5,4.69,High
V115,B22165,Combo_Pack,4.479,57.6,1,counter,30.4,75.7,5.9,51.0,0.45,340.7,158.4,1,4.68,High
V116,B22166,Idly_Batter,4.502,47.7,0,counter,33.5,52.7,-1.0,47.1,0.3,1599.2,0.3,2,4.37,High
V117,B22167,Combo_Pack,4.485,13.6,0,counter,26.0,68.2,-1.0,2.9,0.17,352.2,34.4,2,4.73,High
V118,B22168,Dosa_Batter,4.428,83.3,1,counter,30.8,58.5,5.7,56.7,0.79,477.6,132.7,5,3.6,High
V119,B22169,Idly_Batter,4.45,60.7,1,backroom,31.3,49.9,5.7,14.2,0.14,344.9,155.3,1,4.17,High
V120,B22170,Dosa_Batter,4.421,54.6,1,counter,31.1,56.2,4.6,42.6,0.68,251.3,161.4,1,4.53,High
V121,B22171,Combo_Pack,4.441,14.7,1,counter,26.9,63.8,4.5,4.1,0.4,65.6,201.3,10,4.2,Low
V122,B22172,Combo_Pack,4.469,10.5,1,fridge,28.4,86.2,6.9,7.2,0.62,72.1,205.5,2,4.71,Medium
V123,B22173,Dosa_Batter,4.453,42.4,1,counter,28.5,85.6,6.9,25.2,0.44,293.6,173.6,2,4.52,High
V124,B22174,Dosa_Batter,4.456,15.7,1,fridge,30.5,53.4,3.7,9.2,0.82,57.5,200.3,2,4.6,Low
V100,B22175,Idly_Batter,4.45,21.8,0,backroom,28.8,91.7,-1.0,1.2,0.66,626.9,26.2,1,4.66,High
V101,B22176,Dosa_Batter,4.461,14.3,1,counter,31.2,72.2,5.7,11.8,0.62,81.6,201.7,1,4.46,Medium
V102,B22177,Dosa_Batter,4.493,71.9,0,backroom,33.1,50.1,-1.0,67.5,0.7,2379.7,0.0,10,4.05,High
V103,B22178,Idly_Batter,4.422,51.3,1,backroom,32.7,47.5,4.8,36.6,0.36,248.4,164.7,10,3.88,High
V104,B22179,Combo_Pack,4.472,62.0,0,counter,24.4,62.5,-1.0,54.7,0.33,1510.2,0.0,5,3.93,High
V105,B22180,Idly_Batter,4.443,67.0,0,backroom,29.7,79.7,-1.0,43.3,0.33,1989.7,0.0,1,4.34,High
V106,B22181,Combo_Pack,4.458,20.4,1,fridge,30.1,68.0,5.4,19.1,0.51,109.6,195.6,5,3.92,Medium
V107,B22182,Dosa_Batter,4.42,8.3,0,backroom,32.6,52.1,-1.0,3.4,0.63,270.8,39.7,1,3.71,High
V108,B22183,Combo_Pack,4.472,71.5,0,backroom,29.4,69.2,-1.0,70.9,0.25,2100.6,0.0,1,3.87,High
V109,B22184,Dosa_Batter,4.468,66.1,1,fridge,35.1,77.1,5.7,14.6,0.37,376.5,149.9,1,4.15,High
V110,B22185,Idly_Batter,4.461,30.7,1,fridge,29.6,69.1,6.6,26.2,0.38,202.1,185.3,5,5.0,High
V111,B22186,Combo_Pack,4.537,71.0,0,counter,29.1,67.6,-1.0,21.2,0.33,2069.6,0.0,2,4.49,High
V112,B22187,Combo_Pack,4.442,50.8,1,counter,28.5,56.2,6.4,1.4,0.59,324.7,165.2,10,4.1,High
V113,B22188,Combo_Pack,4.465,16.3,0,backroom,28.6,87.8,-1.0,10.7,0.67,465.3,31.7,10,4.1,High
V114,B22189,Idly_Batter,4.51,31.8,1,counter,35.3,83.8,3.6,13.3,0.11,113.9,184.2,2,5.0,Medium
V115,B22190,Idly_Batter,4.484,88.3,1,counter,29.9,71.3,4.1,1.5,0.37,358.5,127.7,2,4.71,High
V116,B22191,Idly_Batter,4.463,51.3,0,backroom,34.2,75.3,-1.0,32.9,0.22,1754.3,0.0,2,3.53,High
V117,B22192,Combo_Pack,4.461,55.6,1,fridge,32.3,67.8,5.6,35.9,0.34,312.2,160.4,2,4.94,High
V118,B22193,Combo_Pack,4.451,47.5,1,fridge,26.7,72.2,4.3,31.4,0.75,204.5,168.5,5,3.84,High
V119,B22194,Dosa_Batter,4.472,53.0,1,fridge,35.3,59.9,2.0,0.8,0.39,105.9,163.0,2,4.1,Medium
V120,B22195,Combo_Pack,4.462,91.8,1,counter,30.7,50.7,3.8,73.0,0.5,350.2,124.2,2,4.1,High
V121,B22196,Idly_Batter,4.474,22.7,0,backroom,28.3,74.2,-1.0,15.5,0.16,641.1,25.3,2,4.21,High
V122,B22197,Idly_Batter,4.463,52.2,0,counter,30.4,72.0,-1.0,5.6,0.77,1586.8,0.0,1,4.13,High
V123,B22198,Combo_Pack,4.414,69.3,0,counter,26.6,66.8,-1.0,17.5,0.57,1843.5,0.0,1,3.89,High
V124,B22199,Idly_Batter,4.471,8.4,1,counter,27.1,59.1,4.3,4.2,0.74,36.7,207.6,1,3.66,Low
V100,B22200,Combo_Pack,4.519,2.2,1,backroom,28.5,66.6,7.0,1.2,0.96,15.6,213.8,2,4.3,Low
V101,B22201,Combo_Pack,4.427,26.0,0,counter,36.6,89.3,-1.0,16.1,0.25,954.1,22.0,1,4.17,High
V102,B22202,Dosa_Batter,4.49,65.7,0,counter,29.7,83.5,-1.0,3.9,0.97,1949.7,0.0,2,5.0,High
V103,B22203,Dosa_Batter,4.5,20.1,0,counter,31.0,78.2,-1.0,13.8,0.37,623.9,27.9,1,4.09,High
V104,B22204,Combo_Pack,4.475,89.1,0,backroom,29.5,53.7,-1.0,15.2,0.7,2630.2,0.0,2,4.17,High
V105,B22205,Combo_Pack,4.494,69.3,0,backroom,32.4,83.2,-1.0,64.2,0.24,2244.8,0.0,10,4.22,High
V106,B22206,Dosa_Batter,4.431,95.7,1,backroom,28.8,75.9,2.0,56.8,0.33,191.4,120.3,1,3.83,High
V107,B22207,Dosa_Batter,4.457,67.9,0,counter,29.9,62.0,-1.0,47.2,0.1,2027.2,0.0,2,4.06,High
V108,B22208,Combo_Pack,4.449,2.4,0,backroom,28.1,77.7,-1.0,1.0,0.26,68.9,45.6,5,4.06,Medium
V109,B22209,Dosa_Batter,4.499,79.0,1,fridge,23.9,72.6,4.4,76.9,0.89,344.0,137.0,5,4.61,High
V110,B22210,Combo_Pack,4.479,74.7,1,fridge,27.7,73.3,3.8,11.2,0.61,281.8,141.3,5,3.43,High
V111,B22211,Dosa_Batter,4.427,63.8,0,counter,33.7,57.2,-1.0,19.7,0.49,2149.1,0.0,5,4.49,High
V112,B22212,Dosa_Batter,4.436,92.4,1,counter,30.3,47.6,2.5,65.5,0.72,227.6,123.6,10,4.52,High
V113,B22213,Dosa_Batter,4.447,79.9,0,counter,36.1,81.7,-1.0,33.0,0.72,2886.9,0.0,1,4.12,High
V114,B22214,Idly_Batter,4.464,22.6,0,backroom,27.1,51.8,-1.0,2.5,0.75,613.3,25.4,10,4.36,High
V115,B22215,Combo_Pack,4.452,79.3,1,fridge,33.5,70.1,7.7,55.3,0.38,609.0,136.7,1,4.11,High
V116,B22216,Idly_Batter,4.443,79.5,0,backroom,29.4,68.7,-1.0,33.8,0.64,2337.6,0.0,10,3.61,High
V117,B22217,Combo_Pack,4.492,69.1,1,fridge,26.7,66.7,3.4,1.4,0.44,233.3,146.9,2,4.09,High
V118,B22218,Idly_Batter,4.439,28.3,0,backroom,32.7,79.8,-1.0,7.1,0.74,927.8,19.7,5,4.23,High
V119,B22219,Idly_Batter,4.448,27.8,0,counter,31.4,69.0,-1.0,13.2,0.75,870.8,20.2,5,3.24,High
V120,B22220,Combo_Pack,4.442,88.3,0,counter,25.7,71.0,-1.0,56.8,0.42,2266.6,0.0,1,4.38,High
V121,B22221,Combo_Pack,4.445,54.7,1,counter,39.0,55.4,5.5,41.0,0.2,299.7,161.3,1,4.32,High
V122,B22222,Idly_Batter,4.425,69.8,0,backroom,29.7,58.5,-1.0,14.3,0.21,2073.2,0.0,1,4.88,High
V123,B22223,Combo_Pack,4.387,89.6,0,backroom,31.5,81.0,-1.0,57.7,0.46,2821.0,0.0,2,3.63,High
V124,B22224,Dosa_Batter,4.43,13.4,1,counter,33.4,68.4,2.0,11.0,0.19,26.9,202.6,5,4.28,Low
V100,B22225,Dosa_Batter,4.47,67.3,1,counter,35.2,74.2,5.8,38.1,0.2,390.6,148.7,2,4.47,High
V101,B22226,Combo_Pack,4.464,67.4,1,backroom,31.7,62.5,5.2,38.9,0.31,348.7,148.6,10,4.17,High
V102,B22227,Combo_Pack,4.431,30.2,0,counter,32.1,79.5,-1.0,26.9,0.85,967.1,17.8,2,4.38,High
V103,B22228,Combo_Pack,4.436,86.5,1,counter,28.6,68.8,5.2,22.3,0.68,450.3,129.5,5,4.29,High
V104,B22229,Combo_Pack,4.459,15.2,0,backroom,34.3,74.1,-1.0,13.9,0.67,520.5,32.8,2,4.15,High
V105,B22230,Idly_Batter,4.476,89.2,1,fridge,34.9,78.4,6.3,76.7,0.21,563.4,126.8,5,4.26,High
V106,B22231,Dosa_Batter,4.436,66.5,1,counter,27.0,59.6,4.7,33.9,0.21,311.3,149.5,5,5.0,High
V107,B22232,Dosa_Batter,4.394,68.6,1,counter,33.2,78.6,4.3,67.4,0.29,295.7,147.4,1,3.92,High
V108,B22233,Dosa_Batter,4.43,61.1,1,backroom,33.7,63.4,4.2,3.9,0.45,258.6,154.9,2,4.13,High
V109,B22234,Idly_Batter,4.411,89.6,1,counter,30.4,78.7,5.4,85.1,0.51,481.3,126.4,2,4.57,High
V110,B22235,Dosa_Batter,4.451,65.3,0,counter,30.1,55.5,-1.0,56.7,0.19,1968.4,0.0,1,4.15,High
V111,B22236,Combo_Pack,4.442,3.7,1,counter,29.9,74.5,4.3,3.3,0.67,15.9,212.3,10,4.18,Low
V112,B22237,Dosa_Batter,4.52,7.4,1,counter,29.5,78.4,4.2,6.1,0.71,31.0,208.6,2,4.2,Low
V113,B22238,Dosa_Batter,4.425,74.3,0,backroom,26.0,57.1,-1.0,68.6,0.17,1935.3,0.0,2,3.65,High
V114,B22239,Combo_Pack,4.504,68.7,1,fridge,32.5,63.4,6.0,47.3,0.54,409.7,147.3,1,4.3,High
V115,B22240,Dosa_Batter,4.447,36.2,0,backroom,29.7,46.3,-1.0,29.2,0.26,1072.3,11.8,1,4.71,High
V116,B22241,Dosa_Batter,4.465,23.3,1,backroom,36.7,56.7,6.2,5.5,0.9,144.4,192.7,5,3.66,Medium
V117,B22242,Combo_Pack,4.408,77.9,0,backroom,28.8,60.4,-1.0,15.6,0.42,2245.6,0.0,1,3.86,High
V118,B22243,Dosa_Batter,4.467,36.9,1,counter,31.4,84.1,5.3,1.1,0.5,194.6,179.1,1,4.07,High
V119,B22244,Combo_Pack,4.437,28.8,1,backroom,30.9,72.9,4.9,7.1,0.48,140.3,187.2,5,4.83,Medium
V120,B22245,Combo_Pack,4.45,23.9,0,backroom,29.1,66.9,-1.0,10.4,0.03,696.9,24.1,10,3.58,High
V121,B22246,Dosa_Batter,4.491,1.2,1,fridge,33.1,60.9,3.7,0.7,0.17,4.5,214.8,10,4.08,Low
V122,B22247,Combo_Pack,4.468,69.2,0,counter,29.5,77.7,-1.0,45.3,0.51,2044.5,0.0,10,4.34,High
V123,B22248,Combo_Pack,4.464,17.8,1,counter,28.8,61.1,6.4,13.7,0.88,113.6,198.2,5,4.21,Medium
V124,B22249,Combo_Pack,4.47,3.5,1,backroom,28.7,58.2,4.9,1.3,0.59,17.2,212.5,1,4.24,Low
V100,B22250,Dosa_Batter,4.486,74.0,0,counter,28.6,62.3,-1.0,31.7,0.27,2113.3,0.0,5,3.24,High
V101,B22251,Combo_Pack,4.46,30.7,1,counter,27.8,56.6,4.2,16.2,0.62,127.5,185.3,1,4.63,Medium
V102,B22252,Idly_Batter,4.466,34.2,0,counter,29.2,67.0,-1.0,6.8,0.72,996.7,13.8,1,4.7,High
V103,B22253,Combo_Pack,4.467,75.8,1,counter,27.0,60.7,3.5,71.7,0.91,268.1,140.2,5,4.38,High
V104,B22254,Idly_Batter,4.471,66.5,1,counter,28.0,82.4,5.1,56.9,0.54,337.6,149.5,1,3.87,High
V105,B22255,Dosa_Batter,4.455,17.4,0,backroom,31.6,62.7,-1.0,7.8,0.86,551.6,30.6,5,5.0,High
V106,B22256,Combo_Pack,4.44,79.4,1,backroom,29.8,70.6,4.1,14.7,0.61,325.9,136.6,5,4.65,High
V107,B22257,Combo_Pack,4.465,19.3,1,counter,33.5,66.4,5.4,0.8,0.4,103.9,196.7,10,3.99,Medium
V108,B22258,Combo_Pack,4.463,17.5,1,counter,32.1,85.4,6.3,15.8,0.29,110.0,198.5,1,3.96,Medium
V109,B22259,Idly_Batter,4.427,44.2,0,backroom,31.2,76.1,-1.0,17.5,0.69,1379.0,3.8,10,3.83,High
V110,B22260,Combo_Pack,4.468,29.2,1,fridge,31.2,61.3,3.8,13.4,0.32,109.6,186.8,2,4.43,Medium
V111,B22261,Combo_Pack,4.458,44.5,0,counter,29.9,49.7,-1.0,25.7,0.68,1330.2,3.5,5,4.05,High
V112,B22262,Idly_Batter,4.481,28.4,0,backroom,35.1,69.4,-1.0,20.4,0.61,997.8,19.6,2,4.29,High
V113,B22263,Idly_Batter,4.453,6.8,0,counter,33.2,65.5,-1.0,5.5,0.66,227.2,41.2,1,3.98,High
V114,B22264,Idly_Batter,4.449,95.0,1,fridge,24.3,81.3,2.0,57.1,0.3,190.0,121.0,10,3.72,High
V115,B22265,Dosa_Batter,4.483,37.2,0,backroom,27.4,83.0,-1.0,13.0,0.37,1019.6,10.8,2,4.54,High
V116,B22266,Dosa_Batter,4.448,57.4,0,counter,25.3,70.4,-1.0,40.7,0.42,1451.9,0.0,10,3.71,High
V117,B22267,Dosa_Batter,4.47,95.8,1,backroom,33.9,73.6,6.5,37.6,0.61,620.6,120.2,10,4.4,High
V118,B22268,Idly_Batter,4.473,35.6,0,counter,29.3,71.1,-1.0,0.1,0.46,1043.5,12.4,10,4.04,High
V119,B22269,Idly_Batter,4.46,79.1,0,counter,36.9,84.8,-1.0,7.7,0.78,2918.1,0.0,1,4.26,High
V120,B22270,Dosa_Batter,4.447,15.4,0,backroom,28.7,78.0,-1.0,2.3,0.79,441.7,32.6,2,4.08,High
V121,B22271,Idly_Batter,4.473,29.6,1,backroom,29.7,62.2,6.8,3.8,0.88,202.0,186.4,2,4.53,High
V122,B22272,Idly_Batter,4.466,47.7,0,counter,26.9,84.0,-1.0,6.9,0.71,1285.6,0.3,2,3.77,High
V123,B22273,Combo_Pack,4.426,47.4,1,fridge,32.7,70.6,6.3,8.8,0.47,300.1,168.6,10,4.24,High
V124,B22274,Idly_Batter,4.451,49.0,0,counter,28.0,66.8,-1.0,27.3,0.71,1372.2,0.0,10,4.44,High
V100,B22275,Dosa_Batter,4.5,89.0,1,backroom,36.7,47.4,4.8,30.4,0.12,427.8,127.0,2,4.22,High
V101,B22276,Dosa_Batter,4.466,92.6,1,fridge,26.5,58.4,4.8,8.1,0.18,446.7,123.4,2,3.75,High
V102,B22277,Combo_Pack,4.449,91.3,0,backroom,29.9,58.2,-1.0,53.1,0.19,2726.9,0.0,5,3.45,High
V103,B22278,Idly_Batter,4.45,68.8,1,fridge,33.1,68.1,4.1,8.1,0.66,285.2,147.2,2,3.55,High
V104,B22279,Combo_Pack,4.436,73.6,0,counter,35.7,82.4,-1.0,34.7,0.25,2625.4,0.0,2,4.43,High
V105,B22280,Combo_Pack,4.394,44.3,1,fridge,37.0,62.5,2.0,18.5,0.66,88.5,171.7,10,3.8,Medium
V106,B22281,Idly_Batter,4.457,18.1,1,fridge,33.2,68.0,5.5,5.1,0.51,100.3,197.9,1,4.98,Medium
V107,B22282,Idly_Batter,4.438,85.8,1,fridge,33.2,69.6,4.4,19.1,0.59,380.5,130.2,1,4.33,High
V108,B22283,Idly_Batter,4.492,30.9,1,fridge,26.8,55.0,4.5,29.3,0.6,139.5,185.1,1,4.38,Medium
V109,B22284,Idly_Batter,4.445,89.2,0,counter,32.6,76.2,-1.0,54.0,0.62,2906.5,0.0,1,4.58,High
V110,B22285,Dosa_Batter,4.498,55.0,0,counter,34.4,72.9,-1.0,20.0,0.82,1891.7,0.0,5,4.04,High
V111,B22286,Idly_Batter,4.465,17.3,0,counter,31.5,64.5,-1.0,13.5,0.46,543.9,30.7,2,4.03,High
V112,B22287,Idly_Batter,4.441,57.9,0,counter,31.0,62.9,-1.0,27.3,0.42,1796.6,0.0,10,3.88,High
V113,B22288,Idly_Batter,4.463,46.2,0,backroom,27.4,62.2,-1.0,23.4,0.69,1266.7,1.8,5,3.78,High
V114,B22289,Idly_Batter,4.523,4.7,1,fridge,30.0,70.5,4.6,3.4,0.32,21.9,211.3,2,4.02,Low
V115,B22290,Idly_Batter,4.433,79.2,0,backroom,30.8,61.1,-1.0,68.8,0.28,2437.6,0.0,5,3.99,High
V116,B22291,Idly_Batter,4.429,30.8,1,backroom,33.3,74.2,4.6,17.6,0.54,140.3,185.2,10,3.92,Medium
V117,B22292,Dosa_Batter,4.439,68.8,1,backroom,29.2,69.0,4.8,55.7,0.37,331.1,147.2,2,4.13,High
V118,B22293,Combo_Pack,4.474,49.1,1,backroom,34.6,72.8,7.4,28.1,0.11,361.5,166.9,2,4.02,High
V119,B22294,Idly_Batter,4.504,19.7,0,counter,30.2,81.1,-1.0,5.6,0.44,594.6,28.3,2,4.1,High
V120,B22295,Idly_Batter,4.534,87.3,1,backroom,30.1,76.0,4.1,68.2,0.75,354.1,128.7,2,4.1,High
V121,B22296,Dosa_Batter,4.443,43.4,1,fridge,26.6,83.2,3.3,26.5,0.23,142.2,172.6,2,4.01,Medium
V122,B22297,Idly_Batter,4.5,37.5,1,backroom,30.5,95.0,3.7,18.2,0.68,140.5,178.5,5,3.88,Medium
V123,B22298,Idly_Batter,4.493,49.7,1,backroom,30.8,74.6,4.6,11.3,0.61,228.0,166.3,1,4.37,High
V124,B22299,Idly_Batter,4.435,65.0,0,backroom,30.6,60.0,-1.0,27.7,0.5,1987.5,0.0,1,4.05,High
V100,B22300,Dosa_Batter,4.413,6.8,1,counter,34.0,78.2,4.0,6.0,0.51,27.1,209.2,5,4.03,Low
V101,B22301,Combo_Pack,4.441,19.4,1,counter,29.9,83.0,6.1,10.2,0.91,118.1,196.6,1,4.48,Medium
V102,B22302,Idly_Batter,4.4,40.9,1,backroom,29.0,68.9,5.6,38.0,0.62,228.4,175.1,1,4.6,High
V103,B22303,Idly_Batter,4.45,58.7,0,counter,35.4,94.8,-1.0,34.2,0.4,2075.2,0.0,2,4.36,High
V104,B22304,Combo_Pack,4.459,15.9,0,counter,31.0,53.8,-1.0,6.7,0.67,493.7,32.1,2,4.15,High
V105,B22305,Idly_Batter,4.483,94.3,1,backroom,26.5,71.8,5.8,43.2,0.56,551.6,121.7,5,4.51,High
V106,B22306,Dosa_Batter,4.442,29.3,0,counter,34.0,77.4,-1.0,7.4,0.38,997.9,18.7,1,4.42,High
V107,B22307,Combo_Pack,4.446,47.6,0,counter,27.5,65.9,-1.0,35.3,0.8,1307.1,0.4,10,4.55,High
V108,B22308,Dosa_Batter,4.485,57.1,0,backroom,35.6,61.3,-1.0,22.4,0.76,2031.4,0.0,2,4.62,High
V109,B22309,Combo_Pack,4.528,15.8,0,counter,30.6,76.4,-1.0,10.8,0.31,483.5,32.2,10,4.79,High
V110,B22310,Dosa_Batter,4.476,56.1,1,backroom,32.8,80.5,4.3,31.6,0.52,239.9,159.9,10,4.56,High
V111,B22311,Dosa_Batter,4.463,39.3,1,backroom,29.2,88.1,6.2,29.8,0.62,244.3,176.7,10,3.64,High
V112,B22312,Idly_Batter,4.419,31.7,1,fridge,34.5,67.5,6.8,19.9,0.46,214.8,184.3,10,3.69,High
V113,B22313,Dosa_Batter,4.458,80.7,0,counter,34.7,77.6,-1.0,56.0,0.7,2804.9,0.0,1,4.11,High
V114,B22314,Idly_Batter,4.424,61.6,1,fridge,32.4,81.0,4.0,54.0,0.46,249.4,154.4,10,4.15,High
V115,B22315,Dosa_Batter,4.449,68.6,0,backroom,33.2,72.3,-1.0,2.5,0.51,2274.7,0.0,5,3.81,High
V116,B22316,Dosa_Batter,4.412,81.8,0,counter,33.2,63.3,-1.0,50.7,0.75,2715.7,0.0,10,3.73,High
V117,B22317,Dosa_Batter,4.449,55.9,0,backroom,33.3,80.2,-1.0,15.4,0.29,1859.7,0.0,10,4.36,High
V118,B22318,Idly_Batter,4.481,0.7,1,backroom,29.3,78.0,5.7,0.4,0.46,4.2,215.3,2,4.42,Low
V119,B22319,Idly_Batter,4.514,59.8,1,backroom,38.6,59.9,2.8,36.7,0.84,166.9,156.2,10,3.78,High
V120,B22320,Idly_Batter,4.494,91.8,0,counter,31.2,76.8,-1.0,65.3,0.65,2860.8,0.0,1,4.26,High
V121,B22321,Idly_Batter,4.434,17.4,0,backroom,29.4,62.5,-1.0,0.9,0.47,512.6,30.6,2,3.8,High
V122,B22322,Idly_Batter,4.458,47.4,0,backroom,29.7,75.9,-1.0,38.8,0.61,1405.2,0.6,10,3.7,High
V123,B22323,Dosa_Batter,4.461,71.5,1,counter,33.9,61.2,5.0,38.1,0.79,359.4,144.5,2,3.54,High
V124,B22324,Dosa_Batter,4.446,27.0,0,backroom,30.4,69.1,-1.0,13.4,0.12,820.0,21.0,2,3.81,High
V100,B22325,Combo_Pack,4.445,42.5,1,fridge,27.2,78.2,5.0,8.3,0.62,210.5,173.5,1,4.17,High
V101,B22326,Idly_Batter,4.476,31.3,1,backroom,30.4,68.6,6.5,1.2,0.92,202.9,184.7,10,3.91,High
V102,B22327,Combo_Pack,4.446,37.2,1,fridge,28.6,69.4,5.9,34.2,0.61,218.3,178.8,1,3.77,High
V103,B22328,Dosa_Batter,4.474,51.0,0,counter,31.6,65.4,-1.0,21.1,0.67,1608.9,0.0,5,4.1,High
V104,B22329,Idly_Batter,4.486,20.7,0,counter,32.7,68.8,-1.0,17.4,0.52,678.0,27.3,2,4.78,High
V105,B22330,Dosa_Batter,4.484,59.5,1,backroom,27.7,56.2,5.6,43.3,0.85,331.6,156.5,2,4.47,High
V106,B22331,Combo_Pack,4.431,75.4,0,counter,29.8,50.5,-1.0,60.9,0.45,2248.7,0.0,5,4.42,High
V107,B22332,Combo_Pack,4.476,44.0,0,counter,32.7,78.6,-1.0,24.7,0.23,1441.0,4.0,5,3.68,High
V108,B22333,Idly_Batter,4.446,26.2,1,fridge,34.7,58.2,6.9,17.5,0.8,180.4,189.8,2,3.8,High
V109,B22334,Combo_Pack,4.475,95.8,1,fridge,26.1,77.7,5.1,75.0,0.53,489.7,120.2,5,3.22,High
V110,B22335,Combo_Pack,4.477,43.2,0,counter,34.3,81.6,-1.0,16.4,0.43,1480.9,4.8,5,4.53,High
V111,B22336,Dosa_Batter,4.451,4.2,1,counter,27.4,66.3,6.6,3.0,0.59,27.5,211.8,10,3.97,Low
V112,B22337,Idly_Batter,4.483,18.3,0,counter,28.4,66.7,-1.0,0.4,0.36,521.3,29.7,5,4.59,High
V113,B22338,Dosa_Batter,4.432,79.4,1,fridge,27.4,72.8,4.6,33.4,0.24,364.6,136.6,5,4.0,High
V114,B22339,Combo_Pack,4.432,40.5,0,counter,26.4,70.3,-1.0,35.8,0.15,1068.5,7.5,2,3.79,High
V115,B22340,Idly_Batter,4.469,82.7,1,fridge,32.3,64.4,5.4,13.3,0.14,450.9,133.3,1,3.85,High
V116,B22341,Dosa_Batter,4.406,52.9,0,counter,30.9,59.0,-1.0,32.0,0.38,1633.0,0.0,10,4.33,High
V117,B22342,Combo_Pack,4.453,89.8,1,counter,23.8,51.5,2.5,70.4,0.49,227.9,126.2,5,5.0,High
V118,B22343,Idly_Batter,4.46,56.6,1,fridge,33.7,83.4,6.9,1.5,0.22,390.7,159.4,2,3.64,High
V119,B22344,Combo_Pack,4.465,72.5,1,fridge,30.7,84.4,5.4,6.2,0.76,390.3,143.5,1,3.7,High
V120,B22345,Combo_Pack,4.502,69.6,1,backroom,34.4,81.4,4.8,5.5,0.42,336.0,146.4,5,4.2,High
V121,B22346,Combo_Pack,4.423,82.8,1,counter,32.0,77.0,3.1,64.5,0.21,258.4,133.2,5,4.22,High
V122,B22347,Dosa_Batter,4.443,18.0,0,backroom,30.5,80.9,-1.0,14.6,0.64,551.1,30.0,1,4.97,High
V123,B22348,Dosa_Batter,4.403,42.7,1,fridge,26.6,62.5,6.0,21.2,0.27,256.2,173.3,1,3.72,High
V124,B22349,Idly_Batter,4.477,29.2,0,backroom,28.9,68.5,-1.0,2.4,0.36,844.7,18.8,5,4.13,High
V100,B22350,Dosa_Batter,4.472,80.2,1,counter,27.7,82.3,2.0,3.5,0.06,160.3,135.8,2,3.9,High
V101,B22351,Idly_Batter,4.479,94.8,0,backroom,30.0,60.7,-1.0,64.6,0.33,2847.7,0.0,10,4.37,High
V102,B22352,Combo_Pack,4.456,34.3,1,fridge,34.7,64.3,3.2,17.8,0.55,109.9,181.7,1,4.02,Medium
V103,B22353,Idly_Batter,4.453,80.0,1,fridge,32.3,59.4,4.9,77.3,0.54,391.7,136.0,1,4.05,High
V104,B22354,Dosa_Batter,4.477,70.7,1,counter,28.0,72.5,4.1,21.4,0.81,291.9,145.3,1,4.05,High
V105,B22355,Combo_Pack,4.465,66.5,0,backroom,26.9,57.2,-1.0,41.4,0.48,1787.4,0.0,10,3.96,High
V106,B22356,Idly_Batter,4.451,22.9,1,counter,26.6,75.7,5.8,10.9,0.84,133.0,193.1,5,3.66,Medium
V107,B22357,Combo_Pack,4.455,66.4,1,backroom,34.3,79.2,5.3,21.6,0.45,349.3,149.6,2,3.73,High
V108,B22358,Dosa_Batter,4.457,11.7,0,backroom,33.6,79.9,-1.0,1.8,0.46,392.6,36.3,2,4.24,High
V109,B22359,Dosa_Batter,4.431,76.3,1,fridge,28.1,57.4,6.2,30.0,0.6,474.1,139.7,10,4.02,High
V110,B22360,Idly_Batter,4.457,86.8,1,fridge,31.3,52.3,5.2,55.7,0.67,450.7,129.2,2,3.47,High
V111,B22361,Dosa_Batter,4.418,45.1,0,counter,36.0,63.4,-1.0,31.2,0.74,1624.1,2.9,1,4.62,High
V112,B22362,Dosa_Batter,4.445,43.2,0,backroom,36.8,69.8,-1.0,0.3,0.25,1588.2,4.8,1,3.58,High
V113,B22363,Combo_Pack,4.468,44.5,1,counter,35.7,55.0,3.4,3.7,0.49,149.8,171.5,5,4.18,High
V114,B22364,Combo_Pack,4.534,64.0,0,counter,28.6,58.2,-1.0,4.9,0.68,1832.5,0.0,2,3.41,High
V115,B22365,Dosa_Batter,4.377,58.2,0,backroom,34.4,61.7,-1.0,25.5,0.43,2000.2,0.0,1,3.94,High
V116,B22366,Dosa_Batter,4.439,88.6,1,fridge,35.2,60.6,4.9,87.7,0.4,435.3,127.4,10,4.18,High
V117,B22367,Dosa_Batter,4.514,20.7,1,backroom,28.6,91.8,5.1,18.4,0.74,106.4,195.3,10,4.11,Medium
V118,B22368,Idly_Batter,4.486,92.8,0,counter,33.8,89.8,-1.0,73.1,0.58,3134.4,0.0,1,3.97,High
V119,B22369,Dosa_Batter,4.44,15.8,1,backroom,34.2,71.6,2.0,11.4,0.13,31.5,200.2,1,3.73,Low
V120,B22370,Idly_Batter,4.465,34.0,0,backroom,35.4,70.1,-1.0,8.7,0.35,1205.1,14.0,1,4.35,High
V121,B22371,Dosa_Batter,4.472,22.8,1,fridge,31.4,48.5,7.4,11.5,0.54,168.9,193.2,1,4.52,High
V122,B22372,Dosa_Batter,4.469,95.9,1,backroom,35.3,80.2,2.0,76.9,0.86,191.8,120.1,5,4.19,High
V123,B22373,Dosa_Batter,4.465,33.9,1,counter,26.8,69.7,6.4,12.8,0.78,217.9,182.1,10,4.27,High
V124,B22374,Combo_Pack,4.471,77.7,0,counter,26.3,68.8,-1.0,62.5,0.41,2045.4,0.0,2,3.97,High
V100,B22375,Idly_Batter,4.462,73.2,1,fridge,32.1,80.8,2.8,13.6,0.52,202.4,142.8,1,4.46,High
V101,B22376,Combo_Pack,4.415,52.1,0,counter,33.8,62.2,-1.0,37.5,0.35,1763.3,0.0,5,4.44,High
V102,B22377,Dosa_Batter,4.466,72.5,1,counter,37.3,56.9,6.0,24.6,0.48,437.4,143.5,5,4.57,High
V103,B22378,Dosa_Batter,4.42,42.2,1,fridge,28.7,66.0,3.6,28.2,0.27,151.4,173.8,10,4.5,High
V104,B22379,Combo_Pack,4.414,77.0,1,counter,32.7,87.2,5.5,15.7,0.16,421.9,139.0,1,3.91,High
V105,B22380,Dosa_Batter,4.433,51.5,1,backroom,30.2,61.6,2.0,29.2,0.68,103.1,164.5,1,3.74,Medium
V106,B22381,Dosa_Batter,4.439,35.8,1,counter,31.3,79.9,5.4,2.8,0.49,194.9,180.2,10,4.11,High
V107,B22382,Combo_Pack,4.484,85.3,0,counter,34.8,68.0,-1.0,51.3,0.47,2969.2,0.0,5,4.59,High
V108,B22383,Combo_Pack,4.482,2.5,1,counter,32.1,81.5,5.3,0.6,0.51,13.2,213.5,10,4.16,Low
V109,B22384,Combo_Pack,4.469,91.7,0,backroom,28.2,75.8,-1.0,70.3,0.27,2589.2,0.0,5,4.63,High
V110,B22385,Idly_Batter,4.462,40.0,1,fridge,32.9,95.0,4.5,39.6,0.27,180.3,176.0,5,3.47,High
V111,B22386,Dosa_Batter,4.492,53.7,1,fridge,29.5,66.2,4.6,18.2,0.53,248.6,162.3,2,4.39,High
V112,B22387,Combo_Pack,4.402,9.2,1,backroom,28.7,52.0,5.4,3.8,0.53,50.1,206.8,2,4.98,Low
V113,B22388,Dosa_Batter,4.442,31.9,1,counter,29.8,68.6,3.7,30.5,0.79,117.2,184.1,1,4.14,Medium
V114,B22389,Combo_Pack,4.451,78.3,1,fridge,29.7,80.2,2.0,2.0,0.39,156.6,137.7,1,3.92,High
V115,B22390,Dosa_Batter,4.449,6.7,1,backroom,35.8,72.9,7.1,4.0,0.71,47.6,209.3,1,4.36,Low
V116,B22391,Dosa_Batter,4.541,18.3,0,backroom,33.2,54.9,-1.0,10.7,0.43,607.7,29.7,2,4.14,High
V117,B22392,Combo_Pack,4.451,62.6,0,counter,32.6,78.7,-1.0,33.6,0.31,2039.6,0.0,5,3.81,High
V118,B22393,Dosa_Batter,4.461,71.0,0,counter,31.6,77.1,-1.0,7.3,0.5,2242.0,0.0,5,4.13,High
V119,B22394,Dosa_Batter,4.466,89.2,1,counter,35.9,59.8,4.0,53.2,0.37,357.5,126.8,5,4.86,High
V120,B22395,Dosa_Batter,4.47,11.1,1,backroom,35.1,70.0,6.2,8.2,0.43,68.7,204.9,1,4.51,Low
V121,B22396,Idly_Batter,4.447,51.1,1,backroom,36.1,74.8,5.5,18.4,0.29,278.9,164.9,10,4.65,High
V122,B22397,Dosa_Batter,4.472,66.4,1,counter,27.0,55.3,6.1,16.4,0.3,406.8,149.6,2,4.04,High
V123,B22398,Idly_Batter,4.519,81.7,1,fridge,30.5,71.1,3.4,81.4,0.47,281.5,134.3,2,4.4,High
V124,B22399,Idly_Batter,4.454,43.8,0,backroom,33.0,54.1,-1.0,14.5,0.74,1445.1,4.2,10,5.0,High
V100,B22400,Combo_Pack,4.439,93.3,1,backroom,35.0,75.7,6.3,59.9,0.56,589.4,122.7,2,4.06,High
V101,B22401,Combo_Pack,4.49,45.9,1,counter,29.7,55.3,6.2,40.7,0.56,284.6,170.1,2,3.83,High
V102,B22402,Combo_Pack,4.471,50.2,1,counter,28.8,82.2,5.9,49.8,0.36,295.2,165.8,10,4.15,High
V103,B22403,Dosa_Batter,4.518,94.2,0,counter,32.5,69.5,-1.0,69.0,0.82,3062.1,0.0,2,3.96,High
V104,B22404,Idly_Batter,4.436,90.1,0,counter,30.7,80.5,-1.0,67.5,0.42,2764.1,0.0,1,3.8,High
V105,B22405,Dosa_Batter,4.412,57.9,1,fridge,28.1,91.6,4.6,44.5,0.68,268.9,158.1,1,4.07,High
V106,B22406,Combo_Pack,4.462,92.1,1,counter,34.7,68.6,5.9,51.2,0.22,544.8,123.9,1,4.26,High
V107,B22407,Combo_Pack,4.482,75.2,1,counter,34.2,70.0,4.7,68.1,0.72,355.5,140.8,5,4.16,High
V108,B22408,Combo_Pack,4.436,19.0,1,fridge,29.2,58.7,5.0,8.5,0.28,95.7,197.0,5,4.59,Medium
V109,B22409,Combo_Pack,4.436,94.6,1,fridge,34.3,55.0,7.0,88.2,0.86,666.7,121.4,2,4.21,High
V110,B22410,Idly_Batter,4.508,24.4,0,counter,31.2,77.3,-1.0,16.0,0.3,759.8,23.6,10,3.71,High
V111,B22411,Combo_Pack,4.483,70.9,1,counter,29.7,62.3,6.5,50.0,0.75,464.2,145.1,1,4.33,High
V112,B22412,Combo_Pack,4.445,78.7,1,counter,31.5,67.0,5.5,57.4,0.91,434.9,137.3,2,3.94,High
V113,B22413,Idly_Batter,4.51,31.0,0,backroom,34.9,70.6,-1.0,25.5,0.06,1082.6,17.0,5,3.73,High
V114,B22414,Dosa_Batter,4.435,44.6,0,backroom,30.6,63.4,-1.0,43.4,0.11,1364.3,3.4,2,3.62,High
V115,B22415,Idly_Batter,4.445,45.2,1,backroom,30.1,76.1,6.4,14.2,0.46,290.4,170.8,10,4.26,High
V116,B22416,Idly_Batter,4.521,15.3,0,counter,32.7,84.9,-1.0,11.5,0.49,501.0,32.7,2,4.56,High
V117,B22417,Dosa_Batter,4.415,56.7,1,counter,31.6,60.6,4.9,48.6,0.62,276.1,159.3,10,3.9,High
V118,B22418,Combo_Pack,4.438,52.4,1,backroom,29.3,64.8,4.5,31.3,0.6,233.5,163.6,5,4.31,High
V119,B22419,Combo_Pack,4.443,76.9,1,counter,27.4,78.6,4.8,51.3,0.61,366.5,139.1,2,4.3,High
V120,B22420,Idly_Batter,4.494,52.2,1,fridge,35.6,82.2,6.3,27.5,0.92,326.4,163.8,1,4.34,High
V121,B22421,Combo_Pack,4.496,68.0,1,backroom,28.3,77.3,5.2,61.2,0.25,356.5,148.0,10,4.2,High
V122,B22422,Idly_Batter,4.504,1.5,0,counter,28.4,84.3,-1.0,0.2,0.71,43.2,46.5,10,3.86,Low
V123,B22423,Idly_Batter,4.46,53.0,0,backroom,27.4,75.8,-1.0,50.8,0.6,1450.9,0.0,2,4.4,High
V124,B22424,Combo_Pack,4.468,76.8,0,counter,27.8,77.9,-1.0,36.7,0.69,2133.6,0.0,1,4.97,High
V100,B22425,Combo_Pack,4.456,58.3,0,backroom,32.6,75.6,-1.0,0.6,0.64,1902.0,0.0,5,3.9,High
V101,B22426,Combo_Pack,4.416,56.6,1,counter,30.0,61.4,5.6,2.8,0.24,316.6,159.4,10,4.13,High
V102,B22427,Combo_Pack,4.466,57.7,1,counter,32.4,78.7,2.4,23.3,0.85,136.5,158.3,5,3.91,Medium
V103,B22428,Idly_Batter,4.45,50.9,1,fridge,31.9,71.5,6.3,13.6,0.42,321.5,165.1,5,4.36,High
V104,B22429,Dosa_Batter,4.457,31.9,0,counter,33.4,58.3,-1.0,22.6,0.74,1064.6,16.1,10,4.36,High
V105,B22430,Dosa_Batter,4.48,1.6,1,counter,33.8,79.1,7.6,0.3,0.74,11.9,214.4,10,3.66,Low
V106,B22431,Idly_Batter,4.482,44.9,0,counter,30.8,73.9,-1.0,37.7,0.19,1383.7,3.1,5,4.33,High
V107,B22432,Combo_Pack,4.451,10.8,0,backroom,31.6,72.9,-1.0,5.7,0.5,340.5,37.2,5,4.41,High
V108,B22433,Dosa_Batter,4.472,62.1,1,backroom,23.9,81.9,5.7,25.8,0.62,352.1,153.9,5,4.29,High
V109,B22434,Combo_Pack,4.419,39.1,1,counter,35.5,91.2,10.8,38.9,0.42,422.0,176.9,5,4.41,High
V110,B22435,Idly_Batter,4.432,66.2,0,counter,30.9,64.9,-1.0,12.5,0.86,2045.9,0.0,1,4.45,High
V111,B22436,Dosa_Batter,4.46,57.4,0,backroom,28.4,74.2,-1.0,24.7,0.3,1633.6,0.0,2,4.64,High
V112,B22437,Idly_Batter,4.453,24.0,1,backroom,32.2,67.7,5.5,15.0,0.75,132.2,192.0,2,3.74,Medium
V113,B22438,Combo_Pack,4.443,26.4,0,counter,33.9,64.1,-1.0,15.9,0.83,894.5,21.6,1,3.84,High
V114,B22439,Combo_Pack,4.48,93.3,1,backroom,32.0,94.3,4.1,52.4,0.08,381.1,122.7,5,4.02,High
V115,B22440,Combo_Pack,4.439,30.5,1,fridge,36.4,89.4,4.8,6.3,0.29,145.6,185.5,10,4.47,High
V116,B22441,Idly_Batter,4.405,47.3,1,fridge,29.6,69.0,3.3,21.8,0.6,158.1,168.7,2,4.3,High
V117,B22442,Combo_Pack,4.432,7.3,1,counter,30.6,76.4,4.5,6.2,0.32,32.6,208.7,1,4.04,Low
V118,B22443,Combo_Pack,4.486,89.1,1,backroom,35.1,67.7,4.9,49.0,0.56,433.6,126.9,5,4.29,High
V119,B22444,Idly_Batter,4.45,49.0,1,counter,26.2,83.6,3.1,27.8,0.3,151.9,167.0,10,4.01,High
V120,B22445,Combo_Pack,4.444,31.1,1,counter,38.5,69.6,7.6,9.7,0.71,237.2,184.9,10,3.82,High
V121,B22446,Combo_Pack,4.497,54.6,1,backroom,29.9,70.0,4.0,1.1,0.6,217.0,161.4,2,3.98,High
V122,B22447,Idly_Batter,4.469,28.9,1,backroom,32.2,64.5,3.4,25.3,0.53,97.6,187.1,1,4.15,Medium
V123,B22448,Dosa_Batter,4.439,44.1,1,counter,37.4,62.4,2.1,13.1,0.75,93.4,171.9,1,4.24,Medium
V124,B22449,Idly_Batter,4.488,85.1,1,counter,30.5,55.2,3.2,42.7,0.1,274.0,130.9,10,4.49,High
V100,B22450,Combo_Pack,4.532,82.0,0,counter,25.5,77.5,-1.0,21.3,0.58,2089.5,0.0,2,4.62,High
V101,B22451,Idly_Batter,4.493,33.9,1,counter,30.2,67.8,7.1,27.2,0.44,240.4,182.1,1,3.81,High
V102,B22452,Dosa_Batter,4.478,34.7,0,counter,33.2,74.4,-1.0,28.1,0.48,1153.2,13.3,5,4.52,High
V103,B22453,Idly_Batter,4.479,93.2,1,fridge,35.9,74.6,5.2,71.1,0.75,486.4,122.8,1,3.48,High
V104,B22454,Dosa_Batter,4.466,33.0,0,counter,30.9,67.8,-1.0,11.8,0.29,1019.0,15.0,5,4.09,High
V105,B22455,Idly_Batter,4.447,77.4,0,backroom,30.7,82.4,-1.0,38.9,0.72,2374.1,0.0,5,3.37,High
V106,B22456,Combo_Pack,4.488,21.7,0,backroom,30.5,73.0,-1.0,15.5,0.69,662.7,26.3,2,3.94,High
V107,B22457,Dosa_Batter,4.465,34.0,1,fridge,29.2,54.3,5.7,1.1,0.76,192.7,182.0,2,4.03,High
V108,B22458,Idly_Batter,4.497,63.9,1,counter,30.7,64.3,4.3,5.4,0.69,272.9,152.1,1,4.15,High
V109,B22459,Combo_Pack,4.464,8.5,0,counter,26.5,76.9,-1.0,3.3,0.49,224.7,39.5,5,3.35,High
V110,B22460,Idly_Batter,4.45,4.2,1,counter,27.5,61.1,4.1,1.5,0.43,17.5,211.8,10,3.65,Low
V111,B22461,Combo_Pack,4.434,80.5,1,fridge,29.4,80.2,3.9,34.6,0.82,317.9,135.5,10,3.82,High
V112,B22462,Dosa_Batter,4.449,18.5,1,counter,32.4,64.6,2.6,14.5,0.51,48.6,197.5,5,4.33,Low
V113,B22463,Idly_Batter,4.469,25.9,1,counter,29.4,58.8,3.4,19.0,0.34,87.5,190.1,5,4.14,Medium
V114,B22464,Idly_Batter,4.486,33.5,1,fridge,33.5,65.7,6.0,8.0,0.37,201.7,182.5,2,4.29,High
V115,B22465,Idly_Batter,4.488,8.6,1,fridge,27.7,64.1,3.1,5.0,0.25,26.6,207.4,10,3.76,Low
V116,B22466,Combo_Pack,4.473,17.6,0,counter,29.5,69.7,-1.0,15.9,0.57,519.2,30.4,10,3.56,High
V117,B22467,Idly_Batter,4.462,36.8,0,backroom,37.8,63.2,-1.0,4.5,0.87,1392.0,11.2,2,4.26,High
V118,B22468,Combo_Pack,4.456,6.5,0,counter,29.2,61.7,-1.0,2.3,0.82,190.1,41.5,10,4.06,High
V119,B22469,Combo_Pack,4.455,28.4,0,counter,30.3,88.5,-1.0,12.3,0.26,861.4,19.6,5,4.75,High
V120,B22470,Idly_Batter,4.455,63.0,0,counter,33.4,63.3,-1.0,52.7,0.49,2104.5,0.0,5,4.45,High
V121,B22471,Combo_Pack,4.464,32.2,0,counter,30.8,68.6,-1.0,4.4,0.28,989.3,15.8,2,4.04,High
V122,B22472,Idly_Batter,4.423,82.8,0,counter,28.6,75.9,-1.0,28.7,0.42,2371.6,0.0,1,4.07,High
V123,B22473,Idly_Batter,4.485,1.6,0,counter,29.3,66.9,-1.0,0.3,0.74,47.5,46.4,5,3.79,Low
V124,B22474,Idly_Batter,4.47,33.8,1,backroom,29.5,63.1,3.7,18.3,0.07,124.7,182.2,5,3.9,Medium
V100,B22475,Combo_Pack,4.46,18.4,0,backroom,26.9,92.4,-1.0,3.4,0.68,494.8,29.6,2,4.47,High
V101,B22476,Combo_Pack,4.438,30.9,0,backroom,34.1,62.6,-1.0,12.1,0.52,1056.1,17.1,10,3.86,High
V102,B22477,Idly_Batter,4.474,44.7,1,counter,29.7,79.5,6.6,28.1,0.12,295.8,171.3,2,4.4,High
V103,B22478,Combo_Pack,4.412,5.4,1,counter,33.8,72.7,4.2,2.4,0.61,22.7,210.6,10,4.55,Low
V104,B22479,Dosa_Batter,4.476,48.1,0,backroom,30.0,71.5,-1.0,0.2,0.38,1442.7,0.0,5,3.24,High
V105,B22480,Idly_Batter,4.469,3.4,0,counter,31.9,70.7,-1.0,3.2,0.14,108.3,44.6,5,3.89,Medium
V106,B22481,Dosa_Batter,4.47,83.0,0,counter,31.0,74.9,-1.0,48.3,0.34,2571.8,0.0,2,4.4,High
V107,B22482,Combo_Pack,4.468,10.1,1,fridge,30.6,79.5,4.0,6.8,0.53,40.2,205.9,1,3.91,Low
V108,B22483,Dosa_Batter,4.437,15.5,0,counter,27.7,94.3,-1.0,3.3,0.8,430.1,32.5,1,4.18,High
V109,B22484,Dosa_Batter,4.481,79.4,1,counter,26.6,53.4,5.8,39.7,0.63,457.6,136.6,5,3.89,High
V110,B22485,Idly_Batter,4.504,66.2,1,counter,31.5,71.4,5.5,18.4,0.48,366.3,149.8,10,3.47,High
V111,B22486,Idly_Batter,4.451,27.7,1,counter,29.6,82.6,6.2,6.3,0.67,172.4,188.3,2,3.94,High
V112,B22487,Dosa_Batter,4.4,68.6,1,fridge,26.3,89.5,6.3,47.9,0.66,432.2,147.4,10,4.19,High
V113,B22488,Dosa_Batter,4.448,11.9,1,counter,32.3,67.3,6.2,8.2,0.95,74.2,204.1,1,3.63,Low
V114,B22489,Dosa_Batter,4.498,85.3,1,backroom,28.9,81.8,5.4,62.6,0.57,458.7,130.7,1,4.59,High
V115,B22490,Combo_Pack,4.456,51.5,0,counter,30.8,69.8,-1.0,31.3,0.58,1583.2,0.0,2,3.69,High
V116,B22491,Dosa_Batter,4.492,70.2,1,counter,30.6,70.9,3.8,54.8,0.38,269.7,145.8,1,4.55,High
V117,B22492,Idly_Batter,4.435,59.0,1,counter,27.7,80.4,4.8,53.0,0.44,284.0,157.0,5,4.55,High
V118,B22493,Dosa_Batter,4.479,72.5,0,counter,29.0,78.8,-1.0,23.8,0.13,2102.0,0.0,10,4.16,High
V119,B22494,Idly_Batter,4.451,83.3,0,backroom,27.2,56.2,-1.0,33.2,0.11,2267.3,0.0,10,4.02,High
V120,B22495,Combo_Pack,4.487,6.8,1,fridge,29.4,92.2,2.9,6.1,0.46,19.6,209.2,1,3.9,Low
V121,B22496,Idly_Batter,4.451,1.8,1,fridge,30.5,68.2,4.9,0.7,0.34,8.7,214.2,10,3.42,Low
V122,B22497,Dosa_Batter,4.509,83.5,0,backroom,28.7,56.3,-1.0,49.3,0.72,2394.7,0.0,5,4.2,High
V123,B22498,Combo_Pack,4.428,76.0,1,fridge,31.5,69.7,5.9,47.9,0.26,451.6,140.0,2,4.78,High
V124,B22499,Combo_Pack,4.452,56.9,0,backroom,29.5,56.3,-1.0,20.8,0.66,1677.3,0.0,5,4.02,High
V100,B22500,Idly_Batter,4.449,62.9,0,backroom,34.0,71.5,-1.0,49.0,0.47,2135.8,0.0,1,3.54,High
V101,B22501,Combo_Pack,4.408,27.3,0,counter,29.5,60.8,-1.0,20.1,0.7,804.7,20.7,2,4.64,High
V102,B22502,Combo_Pack,4.491,53.8,0,counter,32.7,59.0,-1.0,29.7,0.43,1757.4,0.0,10,4.72,High
V103,B22503,Idly_Batter,4.487,18.0,0,backroom,30.6,56.0,-1.0,14.3,0.27,550.8,30.0,5,3.79,High
V104,B22504,Dosa_Batter,4.49,56.0,0,counter,28.0,56.8,-1.0,54.8,0.36,1565.6,0.0,1,4.19,High
V105,B22505,Combo_Pack,4.414,73.4,1,counter,37.8,92.6,4.4,42.3,0.66,320.7,142.6,1,4.54,High
V106,B22506,Idly_Batter,4.492,89.8,1,fridge,28.6,62.3,7.1,45.9,0.47,638.3,126.2,2,3.78,High
V107,B22507,Idly_Batter,4.453,76.3,1,counter,31.5,80.7,4.7,55.6,0.35,357.7,139.7,2,4.67,High
V108,B22508,Combo_Pack,4.454,43.6,0,counter,33.1,88.1,-1.0,5.4,0.5,1442.5,4.4,1,3.55,High
V109,B22509,Dosa_Batter,4.462,80.3,0,backroom,32.2,73.8,-1.0,1.4,0.19,2584.8,0.0,1,4.21,High
V110,B22510,Dosa_Batter,4.465,10.6,0,counter,24.0,64.8,-1.0,6.6,0.8,255.9,37.4,10,4.16,High
V111,B22511,Dosa_Batter,4.447,10.3,0,counter,32.7,53.7,-1.0,8.5,0.45,337.8,37.7,2,4.66,High
V112,B22512,Dosa_Batter,4.48,67.7,1,backroom,33.8,72.0,4.3,2.0,0.16,294.0,148.3,2,3.92,High
V113,B22513,Dosa_Batter,4.479,11.5,1,backroom,34.7,78.4,7.5,6.6,0.52,86.5,204.5,1,3.94,Medium
V114,B22514,Idly_Batter,4.447,46.5,0,counter,27.6,62.4,-1.0,27.9,0.4,1281.5,1.5,2,4.41,High
V115,B22515,Idly_Batter,4.48,25.9,0,backroom,35.7,70.6,-1.0,20.6,0.3,925.1,22.1,2,4.34,High
V116,B22516,Dosa_Batter,4.442,27.6,0,counter,34.3,86.7,-1.0,23.9,0.36,946.5,20.4,5,4.1,High
V117,B22517,Dosa_Batter,4.49,83.3,0,backroom,35.5,75.8,-1.0,61.2,0.87,2958.6,0.0,10,4.66,High
V118,B22518,Idly_Batter,4.434,80.9,1,backroom,27.6,72.5,4.2,70.8,0.24,343.7,135.1,10,4.15,High
V119,B22519,Idly_Batter,4.432,80.9,1,fridge,29.0,67.4,4.8,0.3,0.4,390.7,135.1,10,4.28,High
V120,B22520,Combo_Pack,4.465,35.2,0,backroom,31.9,69.5,-1.0,18.3,0.84,1120.6,12.8,10,4.68,High
V121,B22521,Idly_Batter,4.431,79.2,1,counter,34.7,80.5,5.0,23.7,0.81,392.7,136.8,2,4.34,High
V122,B22522,Dosa_Batter,4.486,93.3,1,counter,27.7,74.7,6.5,52.4,0.72,607.2,122.7,1,3.91,High
V123,B22523,Dosa_Batter,4.525,95.5,0,counter,34.5,73.0,-1.0,42.1,0.61,3297.6,0.0,1,3.77,High
V124,B22524,Dosa_Batter,4.492,46.2,1,fridge,25.9,85.8,6.7,4.8,0.23,309.9,169.8,1,4.35,High
V100,B22525,Combo_Pack,4.475,44.5,1,fridge,29.2,71.8,4.3,12.6,0.74,192.2,171.5,5,4.04,High
V101,B22526,Idly_Batter,4.471,67.0,1,fridge,28.3,62.7,5.9,47.8,0.04,398.2,149.0,2,4.58,High
V102,B22527,Combo_Pack,4.448,12.4,1,fridge,23.4,62.0,6.1,11.8,0.67,75.4,203.6,2,3.83,Medium
V103,B22528,Idly_Batter,4.427,56.7,1,backroom,33.5,52.5,5.4,11.4,0.58,305.2,159.3,10,4.02,High
V104,B22529,Combo_Pack,4.414,80.2,1,counter,32.6,69.0,5.0,76.8,0.63,397.8,135.8,1,4.56,High
V105,B22530,Dosa_Batter,4.448,44.4,0,backroom,32.4,82.2,-1.0,42.0,0.5,1436.7,3.6,2,4.74,High
V106,B22531,Combo_Pack,4.447,9.7,1,fridge,29.9,55.8,7.0,2.3,0.37,67.2,206.3,1,4.39,Medium
V107,B22532,Idly_Batter,4.469,84.8,1,counter,29.7,63.1,3.9,78.2,0.51,331.6,131.2,10,4.56,High
V108,B22533,Dosa_Batter,4.476,22.7,1,fridge,29.4,88.3,5.6,19.0,0.23,128.5,193.3,5,3.94,Medium
V109,B22534,Idly_Batter,4.485,86.3,1,fridge,35.5,69.7,6.7,12.9,0.87,579.6,129.7,10,4.02,High
V110,B22535,Combo_Pack,4.405,32.1,1,fridge,32.2,62.8,5.3,17.5,0.22,170.3,183.9,10,4.76,High
V111,B22536,Idly_Batter,4.452,81.9,1,backroom,33.8,66.1,5.5,28.2,0.64,450.4,134.1,1,4.5,High
V112,B22537,Idly_Batter,4.435,82.0,1,backroom,31.4,60.2,6.0,64.7,0.27,489.6,134.0,5,4.5,High
V113,B22538,Combo_Pack,4.486,3.3,1,fridge,32.2,75.2,2.0,2.5,0.29,6.6,212.7,1,4.67,Low
V114,B22539,Combo_Pack,4.473,54.0,1,fridge,28.2,59.6,3.1,36.3,0.41,169.2,162.0,1,3.94,High
V115,B22540,Dosa_Batter,4.448,69.6,0,counter,28.1,83.3,-1.0,51.5,0.77,1954.5,0.0,5,3.81,High
V116,B22541,Combo_Pack,4.44,58.8,1,fridge,32.8,62.2,4.7,5.9,0.14,274.5,157.2,5,4.58,High
V117,B22542,Dosa_Batter,4.461,76.1,1,counter,27.2,70.5,4.8,66.9,0.46,368.4,139.9,10,3.29,High
V118,B22543,Combo_Pack,4.465,94.3,1,counter,38.2,69.7,3.9,74.1,0.29,369.3,121.7,10,4.28,High
V119,B22544,Combo_Pack,4.43,17.1,1,fridge,29.1,87.8,5.7,9.7,0.4,96.6,198.9,1,4.21,Medium
V120,B22545,Dosa_Batter,4.475,89.4,0,counter,32.4,87.1,-1.0,55.6,0.45,2899.1,0.0,10,4.15,High
V121,B22546,Idly_Batter,4.5,22.9,0,backroom,31.3,68.3,-1.0,4.3,0.56,716.7,25.1,1,4.11,High
V122,B22547,Idly_Batter,4.465,21.5,0,counter,30.4,76.0,-1.0,8.6,0.74,652.1,26.5,1,4.38,High
V123,B22548,Combo_Pack,4.469,35.1,1,fridge,27.3,64.8,5.9,0.1,0.14,206.7,180.9,1,4.66,High
V124,B22549,Combo_Pack,4.462,29.0,1,counter,30.0,83.1,3.3,12.2,0.19,95.1,187.0,10,4.68,Medium
V100,B22550,Combo_Pack,4.411,36.1,0,backroom,30.0,74.6,-1.0,9.2,0.24,1081.6,11.9,10,4.05,High
V101,B22551,Dosa_Batter,4.49,4.1,1,counter,31.7,73.6,5.1,0.7,0.28,20.7,211.9,10,4.63,Low
V102,B22552,Combo_Pack,4.485,61.2,1,fridge,37.1,81.6,5.1,27.3,0.43,311.1,154.8,2,4.58,High
V103,B22553,Idly_Batter,4.534,64.4,1,backroom,34.0,69.7,9.7,63.5,0.55,628.2,151.6,5,4.15,High
V104,B22554,Dosa_Batter,4.417,5.1,0,backroom,30.2,82.5,-1.0,3.2,0.9,154.7,42.9,1,4.81,High
V105,B22555,Dosa_Batter,4.506,74.5,1,counter,30.2,74.8,3.8,59.8,0.18,285.7,141.5,5,4.31,High
V106,B22556,Combo_Pack,4.447,62.3,0,counter,32.3,60.9,-1.0,7.1,0.32,2008.3,0.0,1,3.84,High
V107,B22557,Dosa_Batter,4.411,14.2,0,backroom,26.8,84.0,-1.0,8.6,0.37,381.2,33.8,10,3.89,High
V108,B22558,Combo_Pack,4.498,7.9,0,backroom,33.6,60.7,-1.0,3.1,0.11,263.8,40.1,1,4.21,High
V109,B22559,Dosa_Batter,4.459,59.5,1,backroom,38.0,52.5,4.2,25.1,0.26,249.5,156.5,2,4.35,High
V110,B22560,Combo_Pack,4.463,48.1,0,backroom,31.9,81.5,-1.0,9.1,0.8,1534.5,0.0,10,3.99,High
V111,B22561,Idly_Batter,4.451,55.6,0,counter,33.6,72.1,-1.0,51.7,0.8,1868.5,0.0,2,4.0,High
V112,B22562,Idly_Batter,4.434,94.3,0,counter,33.2,56.7,-1.0,10.9,0.73,3135.4,0.0,5,4.04,High
V113,B22563,Dosa_Batter,4.456,24.0,0,backroom,32.4,67.1,-1.0,12.8,0.6,777.3,24.0,2,3.86,High
V114,B22564,Idly_Batter,4.49,49.0,1,backroom,35.3,54.7,7.1,44.1,0.59,349.0,167.0,10,3.81,High
V115,B22565,Combo_Pack,4.438,91.3,1,counter,35.6,61.1,4.9,77.1,0.46,444.7,124.7,10,4.87,High
V116,B22566,Combo_Pack,4.435,46.2,0,counter,30.7,52.2,-1.0,15.2,0.54,1417.3,1.8,10,3.72,High
V117,B22567,Dosa_Batter,4.478,51.1,1,backroom,28.9,74.8,5.9,6.7,0.46,300.8,164.9,1,3.75,High
V118,B22568,Idly_Batter,4.431,57.0,0,counter,28.4,67.6,-1.0,42.6,0.4,1615.9,0.0,5,3.95,High
V119,B22569,Dosa_Batter,4.447,13.3,0,backroom,33.3,78.5,-1.0,4.1,0.74,443.9,34.7,10,4.43,High
V120,B22570,Combo_Pack,4.493,72.9,1,fridge,29.2,69.7,5.2,39.0,0.43,380.6,143.1,2,3.96,High
V121,B22571,Combo_Pack,4.416,36.7,1,counter,30.8,62.9,3.4,5.6,0.24,123.0,179.3,10,4.16,Medium
V122,B22572,Dosa_Batter,4.409,28.6,0,counter,26.7,83.3,-1.0,1.8,0.44,765.4,19.4,5,3.93,High
V123,B22573,Dosa_Batter,4.407,13.5,0,backroom,31.3,83.1,-1.0,7.8,0.41,423.4,34.5,1,4.37,High
V124,B22574,Dosa_Batter,4.427,34.8,0,backroom,33.1,61.3,-1.0,11.3,0.83,1151.0,13.2,2,5.0,High
V100,B22575,Dosa_Batter,4.361,71.7,1,fridge,25.2,80.9,6.5,36.1,0.7,463.7,144.3,5,4.05,High
V101,B22576,Dosa_Batter,4.464,36.8,1,counter,29.0,77.1,2.8,26.6,0.56,104.9,179.2,5,3.84,Medium
V102,B22577,Idly_Batter,4.451,44.1,0,counter,35.3,68.3,-1.0,16.1,0.21,1557.9,3.9,2,3.82,High
V103,B22578,Dosa_Batter,4.466,31.5,0,counter,31.2,60.2,-1.0,20.7,0.54,982.5,16.5,2,4.42,High
V104,B22579,Dosa_Batter,4.446,45.8,1,counter,31.5,65.2,6.0,23.5,0.5,276.2,170.2,2,4.43,High
V105,B22580,Combo_Pack,4.424,75.5,0,counter,30.4,77.7,-1.0,19.0,0.85,2297.4,0.0,5,4.11,High
V106,B22581,Idly_Batter,4.481,60.1,1,counter,29.8,71.0,5.3,0.4,0.5,316.0,155.9,1,4.27,High
V107,B22582,Dosa_Batter,4.408,8.5,0,backroom,31.7,76.5,-1.0,7.7,0.75,269.8,39.5,1,4.1,High
V108,B22583,Dosa_Batter,4.455,85.8,1,backroom,33.3,65.9,6.1,53.6,0.54,520.1,130.2,1,4.09,High
V109,B22584,Combo_Pack,4.508,86.8,0,counter,32.1,79.9,-1.0,40.9,0.78,2788.2,0.0,10,4.36,High
V110,B22585,Idly_Batter,4.457,71.5,1,fridge,29.3,67.3,4.3,67.6,0.53,309.5,144.5,2,4.43,High
V111,B22586,Dosa_Batter,4.411,21.1,0,counter,31.7,72.6,-1.0,5.1,0.87,671.2,26.9,1,4.16,High
V112,B22587,Idly_Batter,4.45,78.4,0,counter,29.9,93.9,-1.0,12.2,0.56,2344.9,0.0,10,4.47,High
V113,B22588,Dosa_Batter,4.427,76.2,1,fridge,25.0,55.0,4.7,50.4,0.71,359.9,139.8,2,4.1,High
V114,B22589,Dosa_Batter,4.452,59.5,0,backroom,26.4,71.7,-1.0,59.1,0.68,1570.3,0.0,10,4.14,High
V115,B22590,Dosa_Batter,4.453,16.7,1,fridge,28.8,69.0,6.8,14.4,0.48,114.1,199.3,2,4.01,Medium
V116,B22591,Idly_Batter,4.432,9.2,1,backroom,24.1,71.5,5.3,4.0,0.4,48.9,206.8,1,4.43,Low
V117,B22592,Combo_Pack,4.435,26.3,1,counter,30.3,74.9,2.7,13.5,0.78,70.4,189.7,2,3.57,Low
V118,B22593,Combo_Pack,4.502,43.0,1,counter,34.0,69.3,4.6,36.1,0.92,198.1,173.0,10,4.88,High
V119,B22594,Dosa_Batter,4.465,25.9,0,backroom,35.6,83.0,-1.0,14.6,0.48,921.0,22.1,2,3.88,High
V120,B22595,Idly_Batter,4.523,75.6,0,backroom,33.7,80.3,-1.0,51.7,0.54,2550.3,0.0,5,4.32,High
V121,B22596,Combo_Pack,4.437,90.5,0,counter,23.8,63.9,-1.0,38.6,0.26,2155.7,0.0,5,3.61,High
V122,B22597,Combo_Pack,4.458,66.4,1,fridge,33.2,62.7,5.8,16.4,0.43,384.4,149.6,2,4.08,High
V123,B22598,Dosa_Batter,4.458,25.8,0,backroom,35.1,84.2,-1.0,25.1,0.85,906.2,22.2,5,3.94,High
V124,B22599,Dosa_Batter,4.419,51.1,0,backroom,24.2,67.3,-1.0,12.6,0.08,1238.8,0.0,10,4.72,High
V100,B22600,Combo_Pack,4.418,56.2,1,counter,37.8,58.1,5.1,41.6,0.71,288.6,159.8,10,5.0,High
V101,B22601,Combo_Pack,4.474,11.6,0,backroom,33.7,58.6,-1.0,7.8,0.39,389.7,36.4,2,4.29,High
V102,B22602,Dosa_Batter,4.506,61.0,1,counter,30.9,73.5,5.9,47.2,0.08,360.4,155.0,10,4.2,High
V103,B22603,Combo_Pack,4.453,71.5,0,backroom,31.4,55.8,-1.0,4.2,0.66,2243.1,0.0,10,3.86,High
V104,B22604,Idly_Batter,4.486,65.7,0,backroom,31.0,72.3,-1.0,21.6,0.42,2034.8,0.0,2,3.84,High
V105,B22605,Dosa_Batter,4.498,88.2,1,counter,28.7,77.0,2.9,15.9,0.42,258.3,127.8,1,3.92,High
V106,B22606,Dosa_Batter,4.422,17.6,1,counter,35.9,65.3,4.0,3.6,0.19,71.0,198.4,1,4.13,Medium
V107,B22607,Idly_Batter,4.465,56.3,0,backroom,30.8,77.4,-1.0,23.5,0.36,1732.8,0.0,1,4.41,High
V108,B22608,Dosa_Batter,4.463,52.7,1,counter,30.0,80.8,3.3,44.4,0.49,174.9,163.3,5,4.61,High
V109,B22609,Dosa_Batter,4.441,83.1,0,backroom,34.5,71.5,-1.0,4.7,0.25,2864.4,0.0,5,4.44,High
V110,B22610,Combo_Pack,4.468,91.4,0,counter,32.4,58.6,-1.0,67.2,0.54,2962.9,0.0,1,3.89,High
V111,B22611,Idly_Batter,4.533,23.8,0,backroom,32.7,65.6,-1.0,12.9,0.85,779.0,24.2,10,4.55,High
V112,B22612,Idly_Batter,4.468,16.5,0,counter,28.3,56.7,-1.0,13.0,0.62,466.7,31.5,2,4.29,High
V113,B22613,Combo_Pack,4.463,0.0,1,counter,33.8,69.5,6.9,0.0,0.63,0.1,216.0,2,3.8,Low
V114,B22614,Dosa_Batter,4.449,17.8,0,counter,28.9,73.9,-1.0,8.7,0.79,515.5,30.2,1,4.7,High
V115,B22615,Dosa_Batter,4.434,19.0,1,counter,31.8,95.0,6.7,0.1,0.78,126.7,197.0,5,4.12,Medium
V116,B22616,Idly_Batter,4.45,26.7,1,fridge,30.2,68.3,3.7,0.0,0.36,98.0,189.3,2,4.11,Medium
V117,B22617,Idly_Batter,4.437,12.5,1,fridge,30.0,65.2,6.7,1.4,0.17,83.0,203.5,5,4.48,Medium
V118,B22618,Dosa_Batter,4.475,11.7,0,counter,27.5,57.3,-1.0,1.0,0.28,321.4,36.3,5,4.32,High
V119,B22619,Combo_Pack,4.423,29.2,0,counter,30.8,90.9,-1.0,26.8,0.31,900.3,18.8,10,4.08,High
V120,B22620,Dosa_Batter,4.481,21.6,1,counter,28.9,61.1,4.9,21.1,0.38,106.3,194.4,5,4.72,Medium
V121,B22621,Dosa_Batter,4.498,83.6,1,fridge,25.0,83.8,6.8,20.0,0.87,571.9,132.4,1,3.76,High
V122,B22622,Dosa_Batter,4.483,15.4,1,counter,33.4,52.4,3.1,2.2,0.18,47.8,200.6,10,4.19,Low
V123,B22623,Idly_Batter,4.459,56.9,1,counter,33.5,62.7,6.5,32.4,0.51,367.2,159.1,5,4.3,High
V124,B22624,Idly_Batter,4.478,11.8,1,fridge,32.8,79.0,3.5,6.8,0.53,41.8,204.2,10,4.16,Low
V100,B22625,Idly_Batter,4.419,77.1,1,fridge,25.2,66.5,6.2,6.6,0.51,478.5,138.9,2,4.24,High
V101,B22626,Dosa_Batter,4.446,70.0,0,backroom,32.2,55.4,-1.0,26.0,0.14,2254.1,0.0,1,4.53,High
V102,B22627,Dosa_Batter,4.46,90.3,0,counter,31.2,65.4,-1.0,35.8,0.64,2816.9,0.0,5,4.47,High
V103,B22628,Combo_Pack,4.435,85.7,1,backroom,26.8,41.8,5.8,81.8,0.59,493.1,130.3,1,4.22,High
V104,B22629,Dosa_Batter,4.459,70.4,1,backroom,31.2,60.9,4.3,11.7,0.43,304.3,145.6,1,4.22,High
V105,B22630,Idly_Batter,4.497,1.5,0,backroom,30.5,62.7,-1.0,0.3,0.37,44.6,46.5,2,4.07,Low
V106,B22631,Dosa_Batter,4.495,62.2,1,counter,31.6,71.6,3.8,27.9,0.59,238.1,153.8,1,3.8,High
V107,B22632,Combo_Pack,4.479,52.3,1,counter,28.0,62.2,6.0,43.7,0.4,313.3,163.7,1,4.05,High
V108,B22633,Dosa_Batter,4.46,37.6,1,counter,31.8,79.0,5.7,31.9,0.3,213.7,178.4,1,4.85,High
V109,B22634,Idly_Batter,4.518,86.0,0,backroom,32.3,70.0,-1.0,76.8,0.29,2779.2,0.0,2,3.71,High
V110,B22635,Dosa_Batter,4.466,57.8,0,backroom,29.8,68.2,-1.0,35.1,0.43,1721.2,0.0,2,4.94,High
V111,B22636,Dosa_Batter,4.438,7.9,0,counter,31.0,70.9,-1.0,3.9,0.43,246.3,40.1,10,3.95,High
V112,B22637,Idly_Batter,4.439,46.9,1,backroom,33.8,71.9,6.8,33.8,0.71,317.1,169.1,5,4.62,High
V113,B22638,Dosa_Batter,4.398,13.5,1,fridge,32.9,51.1,7.1,10.4,0.23,96.2,202.5,1,4.62,Medium
V114,B22639,Dosa_Batter,4.484,27.3,1,fridge,29.8,80.6,2.0,19.8,0.69,54.9,188.7,5,4.19,Low
V115,B22640,Idly_Batter,4.498,54.6,1,backroom,29.8,62.5,3.7,27.6,0.51,202.6,161.4,10,3.84,High
V116,B22641,Idly_Batter,4.529,34.4,1,fridge,24.3,76.4,8.4,13.7,0.1,288.9,181.6,10,4.02,High
V117,B22642,Dosa_Batter,4.453,20.4,1,backroom,31.0,66.8,5.7,17.4,0.5,115.7,195.6,1,4.2,Medium
V118,B22643,Dosa_Batter,4.481,63.7,1,backroom,27.5,63.7,6.0,62.2,0.9,383.1,152.3,2,3.83,High
V119,B22644,Combo_Pack,4.503,65.9,1,counter,25.8,79.0,6.2,33.6,0.39,406.0,150.1,2,4.38,High
V120,B22645,Idly_Batter,4.425,45.4,1,counter,31.4,86.4,5.7,44.1,0.1,260.8,170.6,1,4.52,High
V121,B22646,Combo_Pack,4.442,4.7,0,counter,28.9,61.9,-1.0,4.6,0.21,135.0,43.3,2,4.08,High
V122,B22647,Combo_Pack,4.477,78.1,1,fridge,31.7,57.3,3.9,9.7,0.1,306.3,137.9,10,4.34,High
V123,B22648,Combo_Pack,4.51,80.7,0,counter,29.0,70.7,-1.0,56.4,0.58,2342.9,0.0,2,4.45,High
V124,B22649,Idly_Batter,4.435,43.5,1,fridge,34.0,63.0,4.8,26.7,0.59,210.8,172.5,2,4.2,High
V100,B22650,Combo_Pack,4.412,5.1,1,counter,34.8,89.3,4.6,1.6,0.21,23.7,210.9,5,3.99,Low
V101,B22651,Dosa_Batter,4.424,43.4,1,counter,29.2,81.3,4.4,39.8,0.35,191.3,172.6,5,3.58,High
V102,B22652,Dosa_Batter,4.487,86.7,1,fridge,30.0,68.3,2.4,5.3,0.43,207.2,129.3,1,3.75,High
V103,B22653,Combo_Pack,4.469,13.9,1,backroom,31.6,76.6,2.2,10.6,0.2,30.1,202.1,5,4.15,Low
V104,B22654,Combo_Pack,4.392,42.4,1,fridge,34.8,51.9,5.1,30.0,0.74,214.7,173.6,10,4.31,High
V105,B22655,Idly_Batter,4.472,39.7,1,fridge,33.6,55.9,5.4,23.0,0.11,213.0,176.3,5,3.53,High
V106,B22656,Idly_Batter,4.457,65.5,0,counter,26.9,54.9,-1.0,60.9,0.62,1757.9,0.0,10,3.65,High
V107,B22657,Idly_Batter,4.446,14.7,1,fridge,31.7,57.8,3.6,0.3,0.24,52.7,201.3,5,3.9,Low
V108,B22658,Idly_Batter,4.449,19.5,1,backroom,30.5,45.5,5.2,3.4,0.77,101.7,196.5,5,4.37,Medium
V109,B22659,Combo_Pack,4.454,9.0,1,counter,34.8,77.4,3.9,4.4,0.72,35.4,207.0,10,3.74,Low
V110,B22660,Combo_Pack,4.486,93.6,0,counter,31.1,62.7,-1.0,25.9,0.47,2913.7,0.0,5,4.02,High
V111,B22661,Dosa_Batter,4.425,3.8,1,counter,36.6,68.9,5.4,3.0,0.31,20.4,212.2,2,4.2,Low
V112,B22662,Combo_Pack,4.426,77.7,0,counter,31.5,71.6,-1.0,30.5,0.7,2443.9,0.0,5,3.95,High
V113,B22663,Idly_Batter,4.498,8.3,1,fridge,38.1,72.5,8.0,3.3,0.58,65.8,207.7,1,4.52,Medium
V114,B22664,Idly_Batter,4.508,82.5,1,fridge,32.4,87.3,2.3,53.4,0.2,188.7,133.5,10,4.46,High
V115,B22665,Dosa_Batter,4.509,10.0,0,counter,34.1,86.0,-1.0,8.1,0.53,341.8,38.0,5,4.02,High
V116,B22666,Dosa_Batter,4.449,80.1,1,fridge,34.5,50.7,3.6,31.5,0.75,291.1,135.9,10,4.63,High
V117,B22667,Idly_Batter,4.48,36.7,0,counter,31.5,72.9,-1.0,13.7,0.64,1155.4,11.3,1,4.93,High
V118,B22668,Dosa_Batter,4.509,93.4,0,backroom,32.3,74.7,-1.0,74.3,0.66,3018.5,0.0,2,3.85,High
V119,B22669,Dosa_Batter,4.487,17.9,0,counter,32.9,66.7,-1.0,16.5,0.84,587.6,30.1,1,4.18,High
V120,B22670,Idly_Batter,4.466,88.0,1,counter,29.2,65.2,6.0,68.1,0.25,532.0,128.0,1,4.59,High
V121,B22671,Idly_Batter,4.471,16.1,0,counter,29.0,56.2,-1.0,6.1,0.51,468.0,31.9,5,4.04,High
V122,B22672,Dosa_Batter,4.457,61.0,0,backroom,27.1,75.8,-1.0,40.7,0.72,1651.3,0.0,10,3.68,High
V123,B22673,Dosa_Batter,4.455,42.5,1,backroom,35.1,66.1,3.9,31.0,0.54,167.1,173.5,2,3.42,High
V124,B22674,Dosa_Batter,4.438,92.1,0,backroom,32.1,73.3,-1.0,80.1,0.58,2958.9,0.0,5,4.42,High
V100,B22675,Idly_Batter,4.446,29.9,1,backroom,31.0,80.5,5.2,12.3,0.21,154.3,186.1,2,4.85,High
V101,B22676,Dosa_Batter,4.43,88.8,1,counter,36.2,57.7,4.6,68.4,0.11,410.5,127.2,10,3.94,High
V102,B22677,Idly_Batter,4.493,30.1,1,fridge,28.4,69.0,5.6,5.4,0.17,168.7,185.9,2,4.16,High
V103,B22678,Idly_Batter,4.494,24.3,1,backroom,30.2,84.1,4.4,3.8,0.58,106.4,191.7,2,4.69,Medium
V104,B22679,Dosa_Batter,4.473,74.6,0,backroom,24.1,78.6,-1.0,27.6,0.74,1799.3,0.0,5,4.42,High
V105,B22680,Idly_Batter,4.439,75.1,1,fridge,31.7,61.9,5.5,3.3,0.54,415.3,140.9,1,4.08,High
V106,B22681,Combo_Pack,4.446,5.5,1,backroom,28.3,80.8,3.8,1.8,0.67,21.0,210.5,10,4.77,Low
V107,B22682,Idly_Batter,4.443,32.7,1,backroom,28.8,74.9,3.2,4.3,0.66,104.6,183.3,5,3.44,Medium
V108,B22683,Dosa_Batter,4.463,63.0,1,counter,28.7,65.6,5.5,21.3,0.43,344.0,153.0,5,3.92,High
V109,B22684,Idly_Batter,4.464,74.9,1,fridge,29.1,71.1,2.2,56.6,0.64,167.7,141.1,1,3.92,High
V110,B22685,Idly_Batter,4.449,52.7,0,counter,31.7,73.7,-1.0,40.8,0.26,1671.0,0.0,1,4.41,High
V111,B22686,Dosa_Batter,4.452,10.5,1,fridge,28.1,74.3,2.1,9.8,0.47,22.3,205.5,2,4.76,Low
V112,B22687,Dosa_Batter,4.458,39.4,1,counter,28.8,72.2,5.9,27.3,0.3,232.0,176.6,1,4.24,High
V113,B22688,Dosa_Batter,4.381,44.2,1,counter,33.0,68.6,6.8,22.7,0.62,300.4,171.8,10,3.57,High
V114,B22689,Combo_Pack,4.476,76.4,1,fridge,34.9,72.9,7.0,49.1,0.63,538.8,139.6,1,3.77,High
V115,B22690,Dosa_Batter,4.475,74.7,0,counter,37.0,75.1,-1.0,12.2,0.7,2760.9,0.0,10,3.59,High
V116,B22691,Combo_Pack,4.421,19.2,0,counter,33.2,62.3,-1.0,14.8,0.35,636.6,28.8,1,4.44,High
V117,B22692,Dosa_Batter,4.481,28.5,0,counter,32.4,60.7,-1.0,7.9,0.65,923.0,19.5,1,4.37,High
V118,B22693,Idly_Batter,4.431,23.4,0,backroom,30.2,74.9,-1.0,11.0,0.48,706.1,24.6,10,4.54,High
V119,B22694,Idly_Batter,4.445,81.6,0,counter,33.0,54.2,-1.0,39.1,0.42,2694.0,0.0,10,3.93,High
V120,B22695,Dosa_Batter,4.515,9.9,1,fridge,32.2,55.2,4.1,0.1,0.43,40.8,206.1,10,4.26,Low
V121,B22696,Combo_Pack,4.433,68.2,1,counter,33.4,68.9,6.4,5.7,0.37,438.2,147.8,2,4.37,High
V122,B22697,Combo_Pack,4.51,92.7,1,fridge,29.7,85.5,5.7,35.8,0.34,524.0,123.3,5,4.25,High
V123,B22698,Combo_Pack,4.482,76.2,1,counter,28.8,84.7,4.4,23.4,0.32,337.2,139.8,2,4.06,High
V124,B22699,Combo_Pack,4.466,13.1,0,counter,29.2,51.1,-1.0,2.9,0.35,383.6,34.9,10,4.12,High
V100,B22700,Combo_Pack,4.419,75.0,1,fridge,30.3,70.1,7.0,21.4,0.29,523.5,141.0,2,4.29,High
V101,B22701,Idly_Batter,4.419,81.7,1,fridge,38.1,72.2,5.3,29.2,0.57,429.8,134.3,2,3.28,High
V102,B22702,Combo_Pack,4.416,67.2,1,fridge,34.3,76.7,2.7,6.0,0.58,183.5,148.8,10,4.1,High
V103,B22703,Idly_Batter,4.49,74.8,1,counter,26.5,89.8,3.7,66.0,0.16,273.6,141.2,5,4.03,High
V104,B22704,Dosa_Batter,4.437,92.2,0,backroom,33.5,91.4,-1.0,5.7,0.49,3085.5,0.0,5,3.69,High
V105,B22705,Idly_Batter,4.466,23.3,0,backroom,29.6,78.2,-1.0,0.4,0.41,690.3,24.7,2,3.79,High
V106,B22706,Dosa_Batter,4.473,47.7,0,backroom,30.9,77.0,-1.0,45.9,0.54,1474.3,0.3,1,4.35,High
V107,B22707,Dosa_Batter,4.484,47.3,0,counter,30.6,64.2,-1.0,37.9,0.66,1449.9,0.7,2,4.45,High
V108,B22708,Combo_Pack,4.473,38.8,1,counter,31.4,59.7,5.6,12.1,0.19,215.3,177.2,5,4.47,High
V109,B22709,Dosa_Batter,4.452,25.5,0,counter,26.5,61.2,-1.0,19.3,0.28,675.2,22.5,5,4.45,High
V110,B22710,Dosa_Batter,4.494,37.7,1,counter,32.7,65.1,2.9,25.5,0.65,111.0,178.3,5,3.48,Medium
V111,B22711,Dosa_Batter,4.43,31.4,1,fridge,31.4,77.4,5.6,7.7,0.82,176.0,184.6,1,3.76,High
V112,B22712,Dosa_Batter,4.468,48.6,0,counter,29.6,70.8,-1.0,33.8,0.78,1440.2,0.0,10,3.81,High
V113,B22713,Idly_Batter,4.453,88.9,0,counter,33.9,72.6,-1.0,75.5,0.52,3014.3,0.0,5,4.48,High
V114,B22714,Idly_Batter,4.498,66.3,0,counter,34.6,85.2,-1.0,27.4,0.95,2294.3,0.0,5,3.99,High
V115,B22715,Idly_Batter,4.514,83.0,0,backroom,27.7,66.3,-1.0,30.8,0.39,2303.1,0.0,1,3.65,High
V116,B22716,Combo_Pack,4.482,5.8,1,backroom,35.8,67.6,4.4,0.4,0.34,25.6,210.2,2,3.93,Low
V117,B22717,Combo_Pack,4.508,33.4,0,counter,35.4,80.4,-1.0,14.1,0.41,1184.0,14.6,2,4.55,High
V118,B22718,Idly_Batter,4.443,28.8,0,backroom,36.4,61.9,-1.0,27.8,0.47,1048.0,19.2,1,4.45,High
V119,B22719,Idly_Batter,4.375,77.3,1,counter,27.3,55.9,5.5,27.1,0.57,424.8,138.7,10,4.16,High
V120,B22720,Combo_Pack,4.479,3.4,1,counter,33.9,81.5,7.9,1.0,0.63,27.0,212.6,10,3.97,Low
V121,B22721,Combo_Pack,4.489,32.1,1,backroom,30.9,82.1,4.1,8.7,0.84,132.9,183.9,5,4.53,Medium
V122,B22722,Dosa_Batter,4.457,35.5,0,counter,33.3,69.1,-1.0,0.7,0.32,1182.3,12.5,1,3.98,High
V123,B22723,Dosa_Batter,4.474,30.1,1,counter,31.6,86.2,3.3,9.8,0.77,98.8,185.9,2,3.7,Medium
V124,B22724,Dosa_Batter,4.459,9.3,0,backroom,27.8,70.1,-1.0,2.2,0.21,257.3,38.7,2,4.89,High
V100,B22725,Dosa_Batter,4.478,16.5,0,counter,29.1,69.7,-1.0,5.7,0.79,478.9,31.5,5,3.77,High
V101,B22726,Combo_Pack,4.482,92.5,1,fridge,31.1,77.6,6.6,69.7,0.32,612.5,123.5,2,4.06,High
V102,B22727,Combo_Pack,4.473,88.1,1,counter,35.9,73.1,4.8,30.1,0.37,426.5,127.9,2,4.65,High
V103,B22728,Combo_Pack,4.443,48.8,0,counter,29.8,62.7,-1.0,17.1,0.35,1452.2,0.0,10,4.3,High
V104,B22729,Dosa_Batter,4.482,73.5,0,counter,32.0,82.8,-1.0,35.4,0.2,2351.8,0.0,2,3.98,High
V105,B22730,Idly_Batter,4.436,29.6,1,backroom,27.3,65.6,6.1,21.7,0.48,179.5,186.4,1,4.48,High
V106,B22731,Idly_Batter,4.469,36.0,1,counter,29.3,78.6,6.4,18.7,0.36,229.2,180.0,10,3.93,High
V107,B22732,Combo_Pack,4.493,69.0,1,fridge,28.7,78.2,5.3,38.1,0.26,362.8,147.0,1,4.34,High
V108,B22733,Combo_Pack,4.448,39.2,1,fridge,35.8,78.6,5.1,2.2,0.18,199.8,176.8,10,3.94,High
V109,B22734,Combo_Pack,4.456,4.0,0,backroom,29.6,75.1,-1.0,2.4,0.66,118.3,44.0,5,3.81,High
V110,B22735,Dosa_Batter,4.462,39.5,1,counter,26.8,73.8,3.3,4.9,0.19,132.0,176.5,2,4.28,Medium
V111,B22736,Idly_Batter,4.449,82.6,0,counter,31.8,68.8,-1.0,24.8,0.77,2624.0,0.0,10,4.6,High
V112,B22737,Combo_Pack,4.469,87.1,1,backroom,29.5,51.6,6.8,0.3,0.31,591.3,128.9,1,4.39,High
V113,B22738,Dosa_Batter,4.475,40.2,0,backroom,28.6,80.4,-1.0,37.2,0.23,1152.3,7.8,1,3.99,High
V114,B22739,Idly_Batter,4.492,6.4,0,backroom,26.8,79.2,-1.0,1.0,0.41,172.1,41.6,5,3.93,High
V115,B22740,Combo_Pack,4.469,41.7,1,backroom,33.0,67.0,5.5,4.3,0.82,230.8,174.3,10,4.83,High
V116,B22741,Idly_Batter,4.457,19.4,1,counter,25.2,58.1,2.2,8.6,0.58,42.2,196.6,5,4.37,Low
V117,B22742,Combo_Pack,4.472,65.8,1,fridge,29.2,46.8,5.3,18.5,0.64,350.9,150.2,1,4.16,High
V118,B22743,Combo_Pack,4.501,29.4,1,fridge,35.6,49.3,2.9,13.7,0.16,86.0,186.6,1,4.29,Medium
V119,B22744,Combo_Pack,4.438,76.3,0,counter,31.6,55.0,-1.0,7.2,0.57,2412.8,0.0,5,4.38,High
V120,B22745,Dosa_Batter,4.457,2.6,0,counter,30.8,71.0,-1.0,0.5,0.44,79.9,45.4,10,4.04,Medium
V121,B22746,Combo_Pack,4.436,73.2,0,counter,30.4,65.1,-1.0,28.5,0.31,2222.3,0.0,5,4.63,High
V122,B22747,Dosa_Batter,4.464,43.3,1,backroom,34.9,75.8,7.2,0.1,0.05,310.5,172.7,5,3.71,High
V123,B22748,Idly_Batter,4.478,82.5,0,counter,32.8,72.6,-1.0,51.0,0.57,2706.6,0.0,5,3.62,High
V124,B22749,Idly_Batter,4.434,91.7,1,backroom,30.9,81.0,5.6,2.6,0.4,515.9,124.3,5,4.68,High
V100,B22750,Dosa_Batter,4.45,76.8,0,counter,37.7,61.6,-1.0,1.0,0.45,2896.1,0.0,10,4.59,High
V101,B22751,Idly_Batter,4.441,92.9,1,fridge,28.8,59.6,6.2,15.5,0.52,571.9,123.1,1,3.75,High
V102,B22752,Combo_Pack,4.45,40.1,1,fridge,28.7,80.2,2.0,15.8,0.72,80.2,175.9,10,4.73,Medium
V103,B22753,Combo_Pack,4.503,69.8,0,counter,32.6,58.6,-1.0,38.1,0.2,2270.9,0.0,5,4.13,High
V104,B22754,Dosa_Batter,4.443,77.5,1,backroom,35.1,74.0,7.9,51.3,0.33,610.8,138.5,1,4.72,High
V105,B22755,Dosa_Batter,4.462,23.0,1,backroom,31.0,81.1,3.4,6.1,0.66,78.2,193.0,1,4.43,Medium
V106,B22756,Idly_Batter,4.418,78.1,1,counter,31.2,67.6,6.2,49.8,0.16,481.2,137.9,1,3.23,High
V107,B22757,Idly_Batter,4.392,36.5,1,counter,31.2,68.5,5.1,12.4,0.77,185.3,179.5,10,4.21,High
V108,B22758,Idly_Batter,4.472,57.0,1,fridge,31.5,65.0,5.0,44.3,0.6,286.0,159.0,1,5.0,High
V109,B22759,Dosa_Batter,4.435,37.2,1,counter,35.4,75.3,5.0,2.7,0.41,185.7,178.8,2,5.0,High
V110,B22760,Idly_Batter,4.429,1.2,0,backroom,24.5,72.8,-1.0,0.3,0.91,30.0,46.8,2,3.78,Low
V111,B22761,Dosa_Batter,4.447,76.9,0,counter,32.3,64.0,-1.0,49.5,0.29,2486.6,0.0,5,4.65,High
V112,B22762,Idly_Batter,4.467,46.2,1,counter,27.9,73.7,4.6,31.2,0.79,214.0,169.8,1,3.95,High
V113,B22763,Dosa_Batter,4.511,33.1,1,counter,32.0,75.3,7.3,14.0,0.63,242.2,182.9,10,4.42,High
V114,B22764,Idly_Batter,4.479,13.8,0,counter,34.6,62.5,-1.0,5.2,0.74,476.1,34.2,2,4.52,High
V115,B22765,Dosa_Batter,4.544,52.1,1,fridge,33.3,64.9,8.3,21.4,0.59,432.8,163.9,10,3.64,High
V116,B22766,Idly_Batter,4.494,51.3,1,backroom,32.9,73.6,5.5,20.7,0.33,284.4,164.7,10,3.86,High
V117,B22767,Idly_Batter,4.461,87.2,1,counter,37.7,58.5,4.9,43.0,0.26,423.4,128.8,5,4.38,High
V118,B22768,Dosa_Batter,4.465,82.3,0,counter,28.3,68.8,-1.0,53.3,0.33,2332.3,0.0,1,4.32,High
V119,B22769,Combo_Pack,4.431,72.9,1,backroom,28.8,57.6,4.6,13.3,0.15,334.1,143.1,5,4.16,High
V120,B22770,Idly_Batter,4.439,69.2,1,counter,24.6,72.4,8.2,18.4,0.5,567.9,146.8,5,3.82,High
V121,B22771,Idly_Batter,4.423,93.0,1,counter,32.4,65.1,5.0,55.7,0.56,461.3,123.0,5,4.45,High
V122,B22772,Dosa_Batter,4.477,30.6,1,counter,31.8,89.3,4.0,0.2,0.42,121.9,185.4,5,3.72,Medium
V123,B22773,Idly_Batter,4.457,83.4,1,fridge,32.0,65.7,4.8,81.0,0.35,396.8,132.6,1,5.0,High
V124,B22774,Idly_Batter,4.464,71.5,1,backroom,33.9,60.3,3.9,71.3,0.47,275.6,144.5,10,3.99,High
V100,B22775,Combo_Pack,4.465,79.8,1,fridge,27.2,62.2,5.6,1.5,0.21,450.5,136.2,5,3.56,High
V101,B22776,Dosa_Batter,4.539,82.6,0,backroom,30.4,65.9,-1.0,28.6,0.65,2510.7,0.0,1,4.4,High
V102,B22777,Combo_Pack,4.452,15.3,1,backroom,31.2,65.1,2.7,3.2,0.52,41.7,200.7,5,4.06,Low
V103,B22778,Dosa_Batter,4.445,87.2,1,fridge,29.2,67.0,4.2,68.1,0.51,365.0,128.8,5,4.62,High
V104,B22779,Idly_Batter,4.455,40.5,0,backroom,31.8,84.9,-1.0,25.9,0.95,1290.1,7.5,10,4.45,High
V105,B22780,Combo_Pack,4.503,88.9,1,backroom,29.8,71.3,5.3,16.8,0.65,467.7,127.1,1,4.25,High
V106,B22781,Idly_Batter,4.484,57.5,1,counter,32.6,77.6,5.0,31.9,0.59,290.1,158.5,2,3.9,High
V107,B22782,Combo_Pack,4.401,82.4,0,counter,33.8,80.0,-1.0,10.1,0.63,2783.1,0.0,10,4.05,High
V108,B22783,Combo_Pack,4.484,61.6,1,fridge,31.2,65.8,5.2,23.2,0.39,320.1,154.4,10,4.62,High
V109,B22784,Combo_Pack,4.457,45.1,1,backroom,29.9,70.2,4.9,15.5,0.18,222.1,170.9,1,4.76,High
V110,B22785,Combo_Pack,4.463,80.9,1,counter,33.6,85.7,6.0,46.4,0.71,484.4,135.1,10,3.96,High
V111,B22786,Combo_Pack,4.496,55.0,1,counter,28.9,81.0,5.5,49.8,0.61,304.3,161.0,1,3.61,High
V112,B22787,Idly_Batter,4.448,1.9,1,counter,30.0,62.3,4.6,1.3,0.75,8.9,214.1,10,3.8,Low
V113,B22788,Idly_Batter,4.449,39.2,1,backroom,34.5,71.0,4.4,9.0,0.51,170.7,176.8,1,4.54,High
V114,B22789,Dosa_Batter,4.48,34.4,0,counter,26.0,70.8,-1.0,18.2,0.23,896.3,13.6,10,3.91,High
V115,B22790,Idly_Batter,4.468,56.4,0,backroom,32.0,84.5,-1.0,32.6,0.27,1803.0,0.0,1,3.63,High
V116,B22791,Dosa_Batter,4.43,13.7,0,counter,34.3,72.3,-1.0,3.6,0.83,469.9,34.3,10,4.09,High
V117,B22792,Combo_Pack,4.426,73.0,1,counter,32.4,70.6,3.2,13.1,0.83,231.4,143.0,5,4.06,High
V118,B22793,Dosa_Batter,4.409,44.2,0,counter,31.9,74.6,-1.0,5.8,0.76,1408.7,3.8,10,3.61,High
V119,B22794,Combo_Pack,4.436,89.7,1,fridge,32.8,71.6,5.2,32.8,0.52,462.6,126.3,2,4.86,High
V120,B22795,Combo_Pack,4.502,24.7,1,counter,27.5,64.9,4.7,6.4,0.24,115.9,191.3,2,4.61,Medium
V121,B22796,Idly_Batter,4.419,46.5,1,fridge,30.6,74.7,5.0,30.1,0.66,234.5,169.5,5,3.34,High
V122,B22797,Idly_Batter,4.496,88.2,1,backroom,29.1,87.5,5.4,57.8,0.49,480.7,127.8,10,4.55,High
V123,B22798,Combo_Pack,4.455,72.5,1,fridge,29.8,47.9,6.2,58.8,0.25,450.3,143.5,10,3.97,High
V124,B22799,Combo_Pack,4.455,1.0,1,backroom,36.0,58.1,4.5,0.9,0.62,4.4,215.0,1,3.87,Low
V100,B22800,Combo_Pack,4.434,28.5,1,backroom,29.0,69.7,7.0,4.6,0.49,199.9,187.5,10,4.17,High
V101,B22801,Idly_Batter,4.456,86.9,1,backroom,26.8,73.0,3.6,10.2,0.65,316.2,129.1,1,4.12,High
V102,B22802,Idly_Batter,4.493,53.3,0,counter,31.6,60.8,-1.0,44.4,0.64,1682.8,0.0,1,3.71,High
V103,B22803,Combo_Pack,4.47,19.7,0,counter,28.4,71.7,-1.0,8.5,0.51,560.5,28.3,1,3.77,High
V104,B22804,Idly_Batter,4.415,65.6,0,counter,27.8,85.0,-1.0,65.2,0.24,1826.6,0.0,2,4.01,High
V105,B22805,Dosa_Batter,4.42,30.2,0,backroom,30.8,61.7,-1.0,8.4,0.16,928.5,17.8,1,4.04,High
V106,B22806,Idly_Batter,4.464,75.3,1,counter,27.8,95.0,4.4,59.2,0.72,329.3,140.7,2,4.25,High
V107,B22807,Idly_Batter,4.461,30.7,0,backroom,26.9,74.7,-1.0,11.0,0.82,823.9,17.3,10,4.89,High
V108,B22808,Dosa_Batter,4.523,81.2,0,backroom,31.3,72.8,-1.0,12.9,0.29,2543.9,0.0,1,4.45,High
V109,B22809,Idly_Batter,4.413,74.3,0,counter,29.8,75.7,-1.0,43.8,0.37,2215.7,0.0,10,4.64,High
V110,B22810,Dosa_Batter,4.457,35.2,0,counter,31.4,76.8,-1.0,4.3,0.25,1106.4,12.8,1,4.0,High
V111,B22811,Dosa_Batter,4.413,70.2,1,counter,29.2,74.1,3.2,60.4,0.73,227.9,145.8,1,4.58,High
V112,B22812,Dosa_Batter,4.535,20.2,0,counter,31.5,59.3,-1.0,9.2,0.21,637.4,27.8,2,4.26,High
V113,B22813,Dosa_Batter,4.477,59.7,0,backroom,34.5,59.7,-1.0,24.9,0.87,2060.3,0.0,10,4.16,High
V114,B22814,Combo_Pack,4.434,41.5,1,counter,28.9,66.0,5.2,23.8,0.38,214.9,174.5,1,3.5,High
V115,B22815,Idly_Batter,4.448,7.0,1,fridge,30.2,70.9,5.2,5.1,0.65,36.5,209.0,1,4.2,Low
V116,B22816,Combo_Pack,4.413,37.8,1,counter,35.6,64.7,7.0,18.6,0.09,263.8,178.2,1,3.71,High
V117,B22817,Combo_Pack,4.471,54.9,0,counter,34.6,67.8,-1.0,23.2,0.64,1899.7,0.0,10,4.54,High
V118,B22818,Idly_Batter,4.486,39.1,0,counter,30.6,58.9,-1.0,34.9,0.81,1196.1,8.9,1,4.08,High
V119,B22819,Idly_Batter,4.458,42.4,1,backroom,31.4,79.1,3.3,37.1,0.72,138.3,173.6,2,3.7,Medium
V120,B22820,Dosa_Batter,4.485,23.9,1,backroom,27.3,76.2,6.1,1.4,0.31,146.3,192.1,1,4.21,High
V121,B22821,Idly_Batter,4.415,89.9,0,backroom,29.9,80.1,-1.0,88.5,0.3,2690.0,0.0,1,3.76,High
V122,B22822,Idly_Batter,4.428,76.8,0,backroom,30.7,69.4,-1.0,44.7,0.29,2360.6,0.0,5,4.54,High
V123,B22823,Dosa_Batter,4.473,13.4,1,counter,29.1,71.6,3.9,3.8,0.67,52.1,202.6,10,4.32,Low
V124,B22824,Idly_Batter,4.491,85.4,0,counter,30.7,52.0,-1.0,47.1,0.2,2617.3,0.0,1,4.35,High
V100,B22825,Idly_Batter,4.483,33.3,1,fridge,34.6,77.2,7.7,12.9,0.22,255.9,182.7,10,4.92,High
V101,B22826,Combo_Pack,4.521,67.3,1,backroom,26.1,72.0,3.3,63.7,0.67,222.3,148.7,2,4.04,High
V102,B22827,Combo_Pack,4.409,26.9,1,backroom,29.4,61.1,3.4,22.3,0.34,90.6,189.1,5,4.94,Medium
V103,B22828,Idly_Batter,4.45,76.0,1,counter,36.7,76.7,3.2,63.1,0.49,243.1,140.0,2,4.72,High
V104,B22829,Idly_Batter,4.51,18.4,0,backroom,35.1,78.8,-1.0,7.3,0.54,646.6,29.6,2,4.05,High
V105,B22830,Dosa_Batter,4.465,2.7,0,counter,33.3,75.6,-1.0,1.8,0.45,90.6,45.3,1,4.16,Medium
V106,B22831,Dosa_Batter,4.469,40.1,1,backroom,29.6,78.5,5.3,14.4,0.9,214.3,175.9,2,4.81,High
V107,B22832,Idly_Batter,4.423,46.3,0,backroom,34.0,67.7,-1.0,22.4,0.09,1575.8,1.7,10,3.88,High
V108,B22833,Idly_Batter,4.482,27.9,0,counter,32.9,86.8,-1.0,7.4,0.62,917.2,20.1,10,3.92,High
V109,B22834,Idly_Batter,4.4,6.5,1,fridge,34.5,56.6,5.1,1.8,0.55,33.4,209.5,10,4.51,Low
V110,B22835,Idly_Batter,4.458,27.3,0,backroom,34.3,80.6,-1.0,15.5,0.6,935.4,20.7,10,4.49,High
V111,B22836,Dosa_Batter,4.438,41.2,1,fridge,38.3,64.4,4.1,22.0,0.78,170.7,174.8,1,4.28,High
V112,B22837,Dosa_Batter,4.486,18.4,0,counter,30.6,68.9,-1.0,17.4,0.37,564.2,29.6,2,3.57,High
V113,B22838,Combo_Pack,4.49,91.9,0,backroom,32.4,68.1,-1.0,16.5,0.46,2975.6,0.0,1,4.9,High
V114,B22839,Dosa_Batter,4.431,11.2,1,counter,30.0,49.6,2.0,3.1,0.8,23.0,204.8,1,4.31,Low
V115,B22840,Dosa_Batter,4.418,24.6,0,counter,32.1,79.0,-1.0,18.1,0.14,788.7,23.4,5,3.97,High
V116,B22841,Idly_Batter,4.393,73.5,1,backroom,30.0,57.6,3.5,33.4,0.88,257.8,142.5,1,4.16,High
V117,B22842,Dosa_Batter,4.454,3.7,1,counter,28.0,71.1,5.0,1.3,0.31,18.6,212.3,1,3.93,Low
V118,B22843,Idly_Batter,4.44,46.7,0,backroom,32.9,83.9,-1.0,46.2,0.34,1537.6,1.3,2,4.26,High
V119,B22844,Dosa_Batter,4.453,54.3,0,backroom,28.9,60.8,-1.0,47.3,0.62,1570.6,0.0,10,3.6,High
V120,B22845,Dosa_Batter,4.489,52.8,1,counter,28.3,54.2,6.8,8.8,0.52,359.1,163.2,2,3.91,High
V121,B22846,Idly_Batter,4.513,26.2,1,counter,33.3,59.8,6.2,11.9,0.72,162.7,189.8,1,4.33,High
V122,B22847,Combo_Pack,4.467,28.0,1,backroom,28.4,78.5,4.7,22.8,0.34,131.8,188.0,5,3.89,Medium
V123,B22848,Dosa_Batter,4.439,53.4,1,fridge,34.7,63.5,5.0,26.0,0.69,265.9,162.6,2,3.93,High
V124,B22849,Idly_Batter,4.451,12.1,0,backroom,32.5,57.1,-1.0,8.7,0.84,392.5,35.9,10,4.08,High
V100,B22850,Dosa_Batter,4.41,63.9,1,backroom,33.1,61.3,3.8,28.2,0.43,239.7,152.1,5,3.64,High
V101,B22851,Combo_Pack,4.465,12.0,1,backroom,33.5,80.2,3.7,1.1,0.69,44.9,204.0,5,4.52,Low
V102,B22852,Idly_Batter,4.487,84.1,1,fridge,32.2,63.8,4.9,36.7,0.5,410.7,131.9,1,4.2,High
V103,B22853,Combo_Pack,4.466,89.1,1,backroom,34.8,88.3,2.0,13.2,0.7,178.2,126.9,2,4.02,High
V104,B22854,Dosa_Batter,4.453,96.0,0,backroom,30.0,67.3,-1.0,19.0,0.09,2883.4,0.0,1,4.5,High
V105,B22855,Dosa_Batter,4.456,87.7,0,counter,31.6,64.8,-1.0,64.1,0.37,2768.1,0.0,2,3.81,High
V106,B22856,Idly_Batter,4.418,75.8,0,counter,29.8,75.0,-1.0,12.5,0.46,2254.3,0.0,2,4.47,High
V107,B22857,Dosa_Batter,4.447,54.6,0,counter,29.6,76.6,-1.0,26.4,0.14,1614.5,0.0,1,5.0,High
V108,B22858,Dosa_Batter,4.445,17.1,1,fridge,31.6,73.5,5.5,5.4,0.16,94.7,198.9,2,4.42,Medium
V109,B22859,Combo_Pack,4.437,57.7,1,backroom,28.9,72.1,3.0,41.3,0.32,174.2,158.3,10,3.73,High
V110,B22860,Idly_Batter,4.461,86.1,1,counter,28.8,55.4,5.1,37.5,0.4,437.8,129.9,2,3.86,High
V111,B22861,Combo_Pack,4.414,17.0,1,counter,32.4,68.2,3.2,10.9,0.62,54.8,199.0,1,4.29,Low
V112,B22862,Dosa_Batter,4.456,54.2,1,fridge,33.8,59.3,4.5,48.6,0.32,245.5,161.8,10,3.95,High
V113,B22863,Dosa_Batter,4.43,95.9,0,counter,26.7,74.0,-1.0,19.5,0.71,2561.6,0.0,2,4.16,High
V114,B22864,Combo_Pack,4.46,95.2,0,counter,25.7,63.4,-1.0,8.5,0.64,2447.3,0.0,5,4.18,High
V115,B22865,Dosa_Batter,4.442,4.8,1,counter,30.6,90.2,2.9,1.1,0.64,13.9,211.2,1,3.84,Low
V116,B22866,Combo_Pack,4.449,16.6,1,fridge,25.5,68.6,5.0,1.8,0.97,82.6,199.4,5,4.46,Medium
V117,B22867,Combo_Pack,4.478,72.6,1,counter,27.1,56.4,6.9,4.2,0.79,504.2,143.4,1,5.0,High
V118,B22868,Dosa_Batter,4.49,68.1,1,counter,32.7,70.5,7.5,5.1,0.26,507.8,147.9,1,5.0,High
V119,B22869,Combo_Pack,4.477,3.5,1,counter,32.3,74.2,5.9,0.2,0.48,20.4,212.5,1,3.9,Low
V120,B22870,Idly_Batter,4.458,22.1,1,fridge,29.6,81.2,6.4,15.6,0.3,141.3,193.9,10,4.33,Medium
V121,B22871,Combo_Pack,4.409,95.0,0,counter,32.8,62.2,-1.0,74.2,0.46,3110.4,0.0,1,3.97,High
V122,B22872,Dosa_Batter,4.416,73.6,0,counter,32.7,79.7,-1.0,53.6,0.41,2404.7,0.0,1,4.3,High
V123,B22873,Combo_Pack,4.476,27.2,0,backroom,34.4,51.5,-1.0,16.6,0.64,935.7,20.8,10,4.43,High
V124,B22874,Combo_Pack,4.457,66.0,0,counter,31.7,65.3,-1.0,16.0,0.34,2090.9,0.0,10,4.64,High
V100,B22875,Dosa_Batter,4.428,84.4,1,counter,31.5,80.3,4.4,49.8,0.69,367.9,131.6,5,4.16,High
V101,B22876,Idly_Batter,4.471,87.4,0,backroom,29.3,93.3,-1.0,7.1,0.55,2559.4,0.0,2,4.31,High
V102,B22877,Idly_Batter,4.436,94.8,0,counter,32.6,63.4,-1.0,2.5,0.72,3089.0,0.0,10,4.05,High
V103,B22878,Combo_Pack,4.43,65.5,1,counter,32.3,65.2,7.8,22.7,0.49,514.2,150.5,10,4.11,High
V104,B22879,Combo_Pack,4.517,41.5,0,counter,30.9,67.8,-1.0,0.7,0.54,1282.0,6.5,2,3.81,High
V105,B22880,Idly_Batter,4.521,37.7,1,backroom,32.5,66.3,5.2,5.7,0.63,195.6,178.3,2,4.0,High
V106,B22881,Idly_Batter,4.406,6.2,1,counter,27.0,66.0,4.8,5.2,0.1,29.9,209.8,2,4.56,Low
V107,B22882,Combo_Pack,4.493,85.7,1,fridge,31.6,71.6,3.9,71.4,0.41,332.6,130.3,1,4.37,High
V108,B22883,Combo_Pack,4.439,68.8,1,backroom,28.6,79.8,4.6,29.4,0.28,314.7,147.2,2,5.0,High
V109,B22884,Combo_Pack,4.442,83.2,1,fridge,31.0,64.3,4.4,65.9,0.62,365.3,132.8,2,3.67,High
V110,B22885,Idly_Batter,4.496,75.2,0,backroom,27.8,73.0,-1.0,35.8,0.52,2088.0,0.0,10,3.4,High
V111,B22886,Idly_Batter,4.472,20.5,1,backroom,25.3,54.4,5.8,3.4,0.06,118.6,195.5,5,3.98,Medium
V112,B22887,Idly_Batter,4.515,15.3,1,fridge,26.3,73.6,3.6,2.3,0.53,54.7,200.7,5,4.33,Low
V113,B22888,Dosa_Batter,4.441,64.2,1,counter,33.7,64.7,2.1,41.4,0.89,135.5,151.8,2,4.73,Medium
V114,B22889,Idly_Batter,4.371,65.6,1,fridge,28.6,81.1,5.2,12.4,0.33,342.5,150.4,1,4.56,High
V115,B22890,Dosa_Batter,4.408,37.8,0,backroom,31.2,76.2,-1.0,26.9,0.44,1176.8,10.2,5,3.88,High
V116,B22891,Idly_Batter,4.483,51.3,1,counter,30.4,72.4,8.2,2.5,0.43,419.0,164.7,2,4.41,High
V117,B22892,Dosa_Batter,4.418,62.2,1,counter,29.4,85.0,5.3,15.3,0.51,326.9,153.8,5,3.91,High
V118,B22893,Dosa_Batter,4.48,16.9,0,counter,28.2,60.7,-1.0,11.2,0.71,475.9,31.1,1,4.77,High
V119,B22894,Idly_Batter,4.508,62.4,1,backroom,30.6,61.0,6.5,44.1,0.17,404.7,153.6,5,3.94,High
V120,B22895,Combo_Pack,4.515,32.9,0,counter,31.4,72.2,-1.0,0.7,0.28,1031.2,15.1,1,4.37,High
V121,B22896,Combo_Pack,4.405,71.6,0,backroom,32.9,80.4,-1.0,70.4,0.22,2353.5,0.0,10,3.97,High
V122,B22897,Dosa_Batter,4.454,0.8,1,counter,33.6,62.6,3.3,0.1,0.38,2.8,215.2,2,4.98,Low
V123,B22898,Idly_Batter,4.475,62.9,1,counter,34.5,72.6,9.5,28.5,0.7,596.2,153.1,10,4.73,High
V124,B22899,Dosa_Batter,4.45,28.1,0,counter,31.6,70.3,-1.0,21.7,0.13,889.4,19.9,1,4.05,High
V100,B22900,Idly_Batter,4.443,71.5,1,counter,31.4,75.5,4.2,22.6,0.47,301.1,144.5,1,4.63,High
V101,B22901,Idly_Batter,4.434,86.2,1,counter,29.3,71.6,2.2,40.9,0.19,193.0,129.8,5,4.45,High
V102,B22902,Idly_Batter,4.474,60.3,0,counter,33.5,74.9,-1.0,52.6,0.4,2017.0,0.0,2,3.98,High
V103,B22903,Idly_Batter,4.399,77.0,0,backroom,26.1,76.7,-1.0,43.2,0.21,2007.8,0.0,5,3.53,High
V104,B22904,Dosa_Batter,4.484,82.7,0,backroom,26.9,83.7,-1.0,26.1,0.12,2224.6,0.0,5,3.35,High
V105,B22905,Dosa_Batter,4.498,76.3,1,counter,31.2,82.7,4.2,30.4,0.94,319.8,139.7,1,3.76,High
V106,B22906,Idly_Batter,4.454,48.3,0,counter,29.1,59.7,-1.0,37.9,0.44,1406.3,0.0,1,3.92,High
V107,B22907,Idly_Batter,4.487,57.2,0,counter,28.7,65.9,-1.0,16.0,0.49,1644.7,0.0,2,4.54,High
V108,B22908,Idly_Batter,4.458,82.8,1,counter,30.3,61.3,5.0,36.7,0.07,414.8,133.2,1,4.46,High
V109,B22909,Combo_Pack,4.447,64.4,1,fridge,30.8,58.8,5.1,63.6,0.71,330.1,151.6,5,3.82,High
V110,B22910,Dosa_Batter,4.488,61.9,0,backroom,36.1,68.3,-1.0,44.0,0.11,2236.8,0.0,5,3.7,High
V111,B22911,Combo_Pack,4.447,18.0,1,counter,32.9,72.4,3.8,3.6,0.7,69.0,198.0,1,3.69,Medium
V112,B22912,Idly_Batter,4.426,56.9,1,counter,29.0,57.0,4.9,29.6,0.69,280.8,159.1,5,3.96,High
V113,B22913,Combo_Pack,4.48,58.9,1,backroom,29.4,81.5,4.0,49.4,0.26,234.8,157.1,1,3.9,High
V114,B22914,Combo_Pack,4.487,76.0,0,counter,29.0,42.5,-1.0,47.1,0.18,2206.9,0.0,2,3.95,High
V115,B22915,Combo_Pack,4.398,6.3,1,backroom,31.2,68.4,4.2,2.6,0.81,26.4,209.7,2,3.28,Low
V116,B22916,Dosa_Batter,4.449,37.4,0,backroom,33.0,67.9,-1.0,12.7,0.64,1231.6,10.6,1,4.62,High
V117,B22917,Combo_Pack,4.412,49.0,0,counter,33.3,72.3,-1.0,30.9,0.33,1628.4,0.0,2,4.39,High
V118,B22918,Combo_Pack,4.423,70.0,0,counter,29.6,63.2,-1.0,65.5,0.52,2070.2,0.0,5,3.81,High
V119,B22919,Dosa_Batter,4.415,83.0,1,counter,31.6,72.1,6.7,52.1,0.6,560.2,133.0,5,4.41,High
V120,B22920,Dosa_Batter,4.478,61.4,0,backroom,30.1,81.9,-1.0,3.2,0.54,1847.4,0.0,1,3.91,High
V121,B22921,Dosa_Batter,4.426,51.4,1,counter,32.2,65.1,6.7,12.9,0.59,346.3,164.6,10,4.74,High
V122,B22922,Combo_Pack,4.488,89.4,0,counter,26.5,68.0,-1.0,46.2,0.6,2368.2,0.0,5,4.37,High
V123,B22923,Combo_Pack,4.464,20.4,0,backroom,29.5,67.0,-1.0,8.4,0.42,600.6,27.6,5,3.73,High
V124,B22924,Combo_Pack,4.492,94.6,1,counter,35.4,64.2,4.9,32.5,0.61,466.8,121.4,1,3.51,High
V100,B22925,Idly_Batter,4.519,21.6,1,fridge,31.6,59.9,4.1,2.4,0.04,88.4,194.4,10,4.3,Medium
V101,B22926,Combo_Pack,4.428,10.1,1,counter,30.5,81.1,2.0,7.5,0.39,20.1,205.9,1,3.53,Low
V102,B22927,Idly_Batter,4.443,77.3,1,counter,25.2,55.4,3.8,66.3,0.84,296.7,138.7,1,4.56,High
V103,B22928,Dosa_Batter,4.48,1.9,1,counter,32.9,95.0,5.0,1.7,0.2,9.4,214.1,2,4.37,Low
V104,B22929,Idly_Batter,4.424,46.7,1,fridge,25.5,94.0,3.0,40.7,0.64,142.4,169.3,5,4.32,Medium
V105,B22930,Combo_Pack,4.444,44.2,1,backroom,33.9,69.8,3.2,3.8,0.51,139.2,171.8,5,4.46,High
V106,B22931,Dosa_Batter,4.453,49.3,0,counter,26.4,73.0,-1.0,16.4,0.78,1300.6,0.0,10,4.08,High
V107,B22932,Combo_Pack,4.48,16.3,1,fridge,33.4,65.0,4.8,12.3,0.57,77.6,199.7,1,3.97,Medium
V108,B22933,Combo_Pack,4.432,95.4,0,backroom,32.1,48.4,-1.0,20.4,0.22,3060.8,0.0,10,4.31,High
V109,B22934,Idly_Batter,4.467,25.6,0,counter,29.4,63.0,-1.0,22.2,0.84,751.0,22.4,1,4.61,High
V110,B22935,Idly_Batter,4.444,87.3,1,counter,28.8,67.5,3.1,9.5,0.14,268.9,128.7,2,4.27,High
V111,B22936,Idly_Batter,4.456,19.0,0,counter,27.9,85.2,-1.0,17.8,0.39,530.0,29.0,5,4.47,High
V112,B22937,Dosa_Batter,4.442,42.2,1,counter,23.5,74.1,5.5,5.2,0.58,230.6,173.8,2,3.99,High
V113,B22938,Combo_Pack,4.516,23.5,0,backroom,28.6,74.8,-1.0,6.8,0.28,671.1,24.5,2,3.51,High
V114,B22939,Dosa_Batter,4.435,71.1,1,fridge,30.4,70.4,2.8,50.6,0.24,199.5,144.9,10,4.77,High
V115,B22940,Combo_Pack,4.504,46.3,0,counter,31.4,66.8,-1.0,44.6,0.62,1454.4,1.7,1,3.79,High
V116,B22941,Idly_Batter,4.459,30.9,1,counter,34.7,68.9,6.3,16.3,0.33,194.8,185.1,1,4.07,High
V117,B22942,Combo_Pack,4.44,67.1,1,backroom,27.1,72.5,6.2,54.2,0.35,418.5,148.9,1,5.0,High
V118,B22943,Idly_Batter,4.451,77.2,0,counter,29.6,79.3,-1.0,5.7,0.74,2281.0,0.0,5,4.74,High
V119,B22944,Combo_Pack,4.454,18.9,1,counter,31.4,60.0,5.0,4.3,0.21,94.8,197.1,2,4.43,Medium
V120,B22945,Dosa_Batter,4.44,55.8,0,backroom,29.2,62.6,-1.0,39.6,0.69,1630.3,0.0,2,4.66,High
V121,B22946,Idly_Batter,4.451,54.5,0,counter,25.9,68.0,-1.0,26.1,0.46,1410.3,0.0,10,4.95,High
V122,B22947,Dosa_Batter,4.461,10.6,1,counter,30.3,65.1,5.2,9.7,0.66,54.9,205.4,10,3.51,Low
V123,B22948,Dosa_Batter,4.425,12.8,1,backroom,27.3,70.6,4.7,4.3,0.18,59.4,203.2,5,4.32,Low
V124,B22949,Idly_Batter,4.51,78.8,1,counter,29.5,46.6,5.4,72.5,0.9,421.9,137.2,1,4.37,High
V100,B22950,Dosa_Batter,4.458,45.9,0,counter,33.0,69.6,-1.0,37.4,0.21,1515.2,2.1,10,4.16,High
V101,B22951,Combo_Pack,4.452,39.6,1,fridge,33.1,64.8,3.5,22.6,0.52,139.6,176.4,5,4.64,Medium
V102,B22952,Dosa_Batter,4.501,30.8,1,fridge,30.8,73.4,6.9,19.4,0.29,210.9,185.2,1,4.7,High
V103,B22953,Dosa_Batter,4.439,32.6,1,backroom,29.6,78.1,3.8,21.5,0.29,123.7,183.4,10,4.5,Medium
V104,B22954,Combo_Pack,4.486,34.3,1,fridge,27.8,55.2,4.6,8.2,0.61,157.3,181.7,10,4.67,High
V105,B22955,Dosa_Batter,4.434,74.2,1,counter,30.8,63.9,9.4,63.0,0.9,697.2,141.8,1,4.02,High
V106,B22956,Combo_Pack,4.458,45.8,1,counter,32.5,60.9,5.2,34.4,0.5,237.2,170.2,1,4.26,High
V107,B22957,Idly_Batter,4.496,93.8,1,counter,32.2,62.4,3.2,55.1,0.5,303.0,122.2,5,3.67,High
V108,B22958,Idly_Batter,4.482,1.1,1,backroom,34.7,75.0,5.0,0.8,0.19,5.5,214.9,5,4.57,Low
V109,B22959,Combo_Pack,4.494,24.9,1,counter,25.9,51.7,6.5,2.1,0.75,161.8,191.1,1,4.23,Medium
V110,B22960,Idly_Batter,4.434,3.2,0,backroom,32.1,64.4,-1.0,2.0,0.37,102.2,44.8,1,4.85,Medium
V111,B22961,Combo_Pack,4.504,93.7,1,backroom,31.8,65.1,7.1,36.7,0.79,663.6,122.3,5,4.42,High
V112,B22962,Combo_Pack,4.462,38.9,0,counter,24.6,57.4,-1.0,34.3,0.49,955.6,9.1,10,4.24,High
V113,B22963,Combo_Pack,4.433,3.5,1,backroom,33.1,67.1,5.3,2.0,0.57,18.8,212.5,5,4.31,Low
V114,B22964,Dosa_Batter,4.481,91.8,1,fridge,32.4,59.9,3.1,79.5,0.54,286.3,124.2,10,4.54,High
V115,B22965,Dosa_Batter,4.507,25.7,0,backroom,31.7,87.5,-1.0,3.1,0.4,812.7,22.3,5,3.91,High
V116,B22966,Dosa_Batter,4.401,20.4,1,fridge,31.9,67.1,6.7,15.1,0.67,136.8,195.6,10,3.93,Medium
V117,B22967,Dosa_Batter,4.484,1.1,1,fridge,37.7,70.8,9.0,0.4,0.34,9.8,214.9,10,4.3,Low
V118,B22968,Combo_Pack,4.432,73.0,0,backroom,34.3,61.3,-1.0,49.1,0.46,2505.4,0.0,5,4.12,High
V119,B22969,Dosa_Batter,4.388,7.6,1,counter,28.8,77.4,7.5,4.8,0.72,57.1,208.4,2,3.97,Low
V120,B22970,Dosa_Batter,4.413,72.8,0,counter,26.8,80.1,-1.0,11.0,0.37,1946.9,0.0,10,4.19,High
V121,B22971,Idly_Batter,4.451,13.0,1,backroom,27.9,76.5,6.5,12.3,0.78,85.2,203.0,2,4.12,Medium
V122,B22972,Combo_Pack,4.473,74.2,1,fridge,25.7,58.1,7.4,45.5,0.55,545.8,141.8,10,4.15,High
V123,B22973,Idly_Batter,4.431,88.5,1,fridge,30.3,74.0,4.0,78.7,0.19,353.1,127.5,2,4.39,High
V124,B22974,Combo_Pack,4.467,5.7,1,fridge,31.3,75.9,7.0,2.7,0.42,39.6,210.3,5,3.65,Low
V100,B22975,Combo_Pack,4.469,74.3,1,backroom,30.0,74.3,3.9,47.6,0.85,293.4,141.7,10,4.4,High
V101,B22976,Dosa_Batter,4.452,86.0,0,backroom,36.1,88.9,-1.0,66.9,0.43,3101.7,0.0,10,4.03,High
V102,B22977,Combo_Pack,4.459,46.2,0,backroom,30.4,61.9,-1.0,45.9,0.7,1406.6,1.8,1,4.18,High
V103,B22978,Idly_Batter,4.398,53.2,0,counter,28.6,46.9,-1.0,10.0,0.76,1522.1,0.0,5,4.03,High
V104,B22979,Idly_Batter,4.422,3.3,1,fridge,27.2,80.9,5.3,2.0,0.55,17.5,212.7,10,4.49,Low
V105,B22980,Combo_Pack,4.444,95.3,1,counter,32.7,70.5,5.1,90.0,0.51,485.7,120.7,10,3.92,High
V106,B22981,Dosa_Batter,4.544,58.3,1,backroom,28.3,92.0,5.7,52.0,0.24,332.9,157.7,10,3.88,High
V107,B22982,Dosa_Batter,4.458,14.8,1,backroom,31.4,77.5,6.1,14.5,0.96,90.9,201.2,1,4.15,Medium
V108,B22983,Combo_Pack,4.441,13.4,0,counter,28.8,94.6,-1.0,9.5,0.54,384.4,34.6,2,4.69,High
V109,B22984,Combo_Pack,4.477,18.5,0,backroom,30.2,76.3,-1.0,1.5,0.43,559.8,29.5,1,4.39,High
V110,B22985,Dosa_Batter,4.47,15.0,1,counter,34.8,61.2,3.4,4.9,0.68,51.8,201.0,5,4.29,Low
V111,B22986,Combo_Pack,4.407,62.8,1,fridge,32.3,84.7,6.0,48.7,0.27,375.3,153.2,2,4.27,High
V112,B22987,Dosa_Batter,4.433,95.0,1,backroom,33.5,81.9,6.2,4.1,0.16,593.5,121.0,10,4.7,High
V113,B22988,Dosa_Batter,4.419,38.1,1,counter,33.2,63.8,3.4,10.4,0.48,131.0,177.9,1,4.75,Medium
V114,B22989,Dosa_Batter,4.477,86.3,1,counter,31.9,62.5,6.2,5.4,0.2,531.6,129.7,2,4.71,High
V115,B22990,Idly_Batter,4.469,66.0,1,backroom,34.6,55.8,3.6,22.2,0.54,237.6,150.0,1,4.33,High
V116,B22991,Dosa_Batter,4.509,53.1,1,backroom,28.1,69.3,8.1,8.7,0.15,427.9,162.9,10,4.02,High
V117,B22992,Dosa_Batter,4.453,24.5,0,backroom,31.4,70.4,-1.0,19.2,0.72,769.1,23.5,10,4.3,High
V118,B22993,Combo_Pack,4.473,60.6,0,backroom,27.8,61.7,-1.0,3.6,0.86,1686.8,0.0,5,4.32,High
V119,B22994,Dosa_Batter,4.446,52.6,1,fridge,27.3,52.9,4.9,26.3,0.53,258.0,163.4,10,4.38,High
V120,B22995,Combo_Pack,4.462,65.7,1,backroom,36.6,86.4,2.5,49.5,0.44,164.9,150.3,2,4.54,High
V121,B22996,Combo_Pack,4.459,30.5,1,counter,33.0,87.5,4.9,20.5,0.7,150.0,185.5,10,4.45,High
V122,B22997,Combo_Pack,4.482,12.5,1,counter,29.5,79.3,6.9,10.5,0.24,86.0,203.5,2,4.7,Medium
V123,B22998,Combo_Pack,4.48,39.6,0,backroom,31.6,49.1,-1.0,22.8,0.1,1253.3,8.4,5,4.67,High
V124,B22999,Dosa_Batter,4.437,11.3,0,backroom,29.9,56.6,-1.0,9.8,0.32,338.3,36.7,10,3.96,High
V100,B23000,Dosa_Batter,4.497,59.6,1,fridge,30.1,84.5,2.1,45.3,0.65,124.7,156.4,1,4.0,Medium
V101,B23001,Combo_Pack,4.525,40.5,1,fridge,26.3,72.5,2.0,13.3,0.46,81.1,175.5,1,4.28,Medium
V102,B23002,Idly_Batter,4.481,14.2,1,fridge,30.2,87.9,3.3,1.5,0.4,47.3,201.8,2,4.35,Low
V103,B23003,Dosa_Batter,4.464,25.0,1,counter,33.7,61.5,8.3,6.2,0.1,207.1,191.0,1,4.22,High
V104,B23004,Dosa_Batter,4.493,25.1,1,counter,28.1,58.4,7.6,5.8,0.65,190.0,190.9,2,4.83,High
V105,B23005,Idly_Batter,4.44,71.4,0,counter,32.4,66.4,-1.0,41.5,0.49,2314.4,0.0,5,4.01,High
V106,B23006,Combo_Pack,4.514,63.3,0,counter,31.5,63.7,-1.0,3.3,0.9,1989.7,0.0,10,4.41,High
V107,B23007,Combo_Pack,4.458,13.3,1,fridge,33.0,72.2,4.2,12.6,0.66,56.2,202.7,2,4.17,Low
V108,B23008,Dosa_Batter,4.459,51.1,1,counter,33.6,81.3,4.5,31.3,0.37,232.0,164.9,2,3.7,High
V109,B23009,Combo_Pack,4.4,87.2,1,counter,28.9,61.3,4.3,37.8,0.36,377.1,128.8,10,3.49,High
V110,B23010,Dosa_Batter,4.483,42.7,0,counter,28.4,75.0,-1.0,41.4,0.53,1211.3,5.3,2,4.8,High
V111,B23011,Dosa_Batter,4.463,51.2,1,counter,32.1,66.0,5.8,7.7,0.94,296.0,164.8,1,4.24,High
V112,B23012,Idly_Batter,4.5,10.0,1,fridge,36.1,40.0,6.1,4.3,0.53,61.0,206.0,2,4.11,Medium
V113,B23013,Idly_Batter,4.494,48.2,1,fridge,31.3,66.4,5.6,10.5,0.19,272.1,167.8,2,4.55,High
V114,B23014,Dosa_Batter,4.47,75.6,1,fridge,29.3,57.2,6.3,26.1,0.45,473.4,140.4,2,4.89,High
V115,B23015,Combo_Pack,4.404,12.8,1,counter,32.4,86.6,5.9,1.0,0.09,75.9,203.2,2,4.13,Medium
V116,B23016,Combo_Pack,4.51,58.8,1,counter,26.9,78.8,6.5,32.2,0.05,382.4,157.2,10,3.85,High
V117,B23017,Dosa_Batter,4.444,93.8,1,fridge,26.9,64.5,4.4,21.1,0.71,415.6,122.2,5,4.39,High
V118,B23018,Idly_Batter,4.423,45.0,0,counter,28.3,78.3,-1.0,13.4,0.29,1271.2,3.0,2,4.23,High
V119,B23019,Dosa_Batter,4.496,43.6,0,backroom,33.4,79.1,-1.0,38.6,0.64,1459.3,4.4,1,5.0,High
V120,B23020,Dosa_Batter,4.423,15.7,1,counter,31.8,69.3,4.2,10.2,0.73,65.4,200.3,5,4.36,Low
V121,B23021,Dosa_Batter,4.458,40.2,0,counter,32.4,63.4,-1.0,6.8,0.66,1302.5,7.8,2,3.74,High
V122,B23022,Combo_Pack,4.455,30.4,1,fridge,26.0,71.8,6.9,14.5,0.32,210.8,185.6,10,3.98,High
V123,B23023,Dosa_Batter,4.361,42.7,1,backroom,31.7,82.3,5.4,3.0,0.57,232.0,173.3,10,4.84,High
V124,B23024,Dosa_Batter,4.484,15.6,1,counter,37.7,88.0,7.6,8.8,0.41,118.3,200.4,5,4.54,Medium
V100,B23025,Idly_Batter,4.501,55.0,1,counter,33.7,56.8,5.7,36.9,0.63,314.5,161.0,2,5.0,High
V101,B23026,Combo_Pack,4.451,83.5,0,backroom,30.1,90.7,-1.0,58.0,0.86,2508.8,0.0,1,4.57,High
V102,B23027,Idly_Batter,4.519,36.4,1,fridge,31.7,63.2,7.6,19.3,0.47,277.9,179.6,5,4.43,High
V103,B23028,Idly_Batter,4.396,50.3,0,backroom,29.2,84.6,-1.0,25.1,0.46,1471.4,0.0,10,4.24,High
V104,B23029,Idly_Batter,4.437,44.5,1,backroom,31.5,80.8,5.6,40.4,0.74,250.1,171.5,10,4.7,High
V105,B23030,Dosa_Batter,4.505,21.0,1,fridge,27.0,56.2,6.7,8.3,0.63,140.3,195.0,1,4.2,Medium
V106,B23031,Idly_Batter,4.537,18.7,1,fridge,30.3,63.4,3.7,5.5,0.4,68.4,197.3,5,3.82,Low
V107,B23032,Dosa_Batter,4.446,44.2,0,backroom,31.6,55.0,-1.0,2.6,0.13,1398.0,3.8,5,4.51,High
V108,B23033,Combo_Pack,4.43,34.9,1,fridge,24.8,68.0,3.5,23.4,0.66,123.1,181.1,10,4.99,Medium
V109,B23034,Idly_Batter,4.453,62.2,0,counter,31.9,81.3,-1.0,32.3,0.35,1987.8,0.0,10,3.77,High
V110,B23035,Idly_Batter,4.421,17.0,0,backroom,27.0,59.2,-1.0,15.0,0.37,458.1,31.0,1,4.08,High
V111,B23036,Idly_Batter,4.487,39.4,0,backroom,29.9,75.0,-1.0,39.3,0.28,1176.5,8.6,1,4.13,High
V112,B23037,Combo_Pack,4.471,42.4,1,counter,36.3,77.4,5.4,39.9,0.55,229.1,173.6,10,4.3,High
V113,B23038,Idly_Batter,4.424,22.5,1,backroom,27.4,70.2,7.1,11.2,0.14,160.8,193.5,5,4.61,High
V114,B23039,Idly_Batter,4.446,45.9,1,counter,25.1,61.4,8.5,28.6,0.19,387.9,170.1,2,4.35,High
V115,B23040,Combo_Pack,4.423,65.9,1,counter,30.2,58.7,5.4,59.4,0.21,352.4,150.1,10,4.14,High
V116,B23041,Dosa_Batter,4.501,26.4,1,counter,36.0,67.5,6.2,16.8,0.43,162.8,189.6,1,3.87,High
V117,B23042,Dosa_Batter,4.479,16.5,0,counter,36.9,64.7,-1.0,9.8,0.15,607.1,31.5,10,4.17,High
V118,B23043,Combo_Pack,4.413,84.5,1,backroom,33.3,66.6,3.5,26.8,0.76,291.5,131.5,5,4.26,High
V119,B23044,Dosa_Batter,4.444,69.9,0,counter,30.0,64.6,-1.0,49.3,0.44,2100.5,0.0,5,3.98,High
V120,B23045,Idly_Batter,4.45,41.9,1,fridge,29.6,71.1,8.3,0.2,0.84,347.0,174.1,5,4.43,High
V121,B23046,Combo_Pack,4.452,14.4,0,counter,33.6,79.4,-1.0,1.4,0.8,482.1,33.6,2,5.0,High
V122,B23047,Dosa_Batter,4.43,62.2,1,fridge,36.8,78.9,4.9,0.2,0.63,303.9,153.8,2,4.97,High
V123,B23048,Idly_Batter,4.456,21.4,0,counter,30.7,67.3,-1.0,19.4,0.31,659.1,26.6,2,3.65,High
V124,B23049,Dosa_Batter,4.477,28.7,1,fridge,32.6,64.9,5.4,26.1,0.27,154.5,187.3,1,3.85,High
V100,B23050,Dosa_Batter,4.411,43.2,1,backroom,31.9,78.0,4.7,1.5,0.48,202.6,172.8,10,3.92,High
V101,B23051,Idly_Batter,4.4,45.0,0,counter,26.3,79.2,-1.0,17.2,0.64,1183.7,3.0,5,4.23,High
V102,B23052,Combo_Pack,4.473,50.1,1,counter,30.0,70.8,3.5,42.3,0.35,177.5,165.9,5,3.91,High
V103,B23053,Idly_Batter,4.446,95.8,0,backroom,31.7,63.7,-1.0,19.5,0.66,3038.3,0.0,10,4.09,High
V104,B23054,Dosa_Batter,4.468,21.6,0,backroom,26.6,72.2,-1.0,8.4,0.72,573.3,26.4,2,4.44,High
V105,B23055,Dosa_Batter,4.478,40.5,1,backroom,31.3,83.6,5.4,3.8,0.42,220.5,175.5,5,4.62,High
V106,B23056,Combo_Pack,4.474,43.3,1,fridge,34.5,52.6,5.0,17.5,0.93,214.5,172.7,10,4.22,High
V107,B23057,Idly_Batter,4.453,33.2,1,fridge,30.1,62.4,3.2,24.9,0.55,105.4,182.8,1,4.85,Medium
V108,B23058,Dosa_Batter,4.43,88.5,1,counter,34.0,52.6,4.3,5.0,0.77,379.8,127.5,10,3.72,High
V109,B23059,Idly_Batter,4.451,0.7,1,fridge,32.8,79.1,3.8,0.3,0.79,2.6,215.3,1,3.83,Low
V110,B23060,Idly_Batter,4.538,16.1,0,counter,32.6,83.5,-1.0,4.0,0.33,524.4,31.9,10,3.87,High
V111,B23061,Combo_Pack,4.409,45.6,0,counter,34.7,54.6,-1.0,25.8,0.78,1582.6,2.4,2,3.85,High
V112,B23062,Dosa_Batter,4.505,95.9,0,backroom,29.6,71.4,-1.0,92.2,0.15,2835.1,0.0,2,4.5,High
V113,B23063,Combo_Pack,4.493,42.0,0,counter,34.1,67.9,-1.0,39.2,0.56,1429.9,6.0,1,4.33,High
V114,B23064,Combo_Pack,4.437,58.6,1,backroom,31.8,67.7,5.9,32.3,0.36,345.9,157.4,2,3.51,High
V115,B23065,Dosa_Batter,4.458,20.2,0,counter,29.8,77.6,-1.0,14.3,0.21,601.3,27.8,10,4.42,High
V116,B23066,Combo_Pack,4.403,72.9,0,counter,29.0,81.4,-1.0,39.4,0.53,2116.4,0.0,5,3.45,High
V117,B23067,Combo_Pack,4.422,53.7,0,counter,33.5,58.1,-1.0,24.3,0.66,1797.9,0.0,5,4.0,High
V118,B23068,Idly_Batter,4.468,28.4,1,backroom,33.1,72.4,2.6,20.4,0.25,75.1,187.6,1,4.09,Medium
V119,B23069,Combo_Pack,4.433,84.3,0,backroom,28.4,58.4,-1.0,18.4,0.12,2389.6,0.0,10,4.76,High
V120,B23070,Dosa_Batter,4.477,20.6,0,counter,27.3,74.5,-1.0,14.9,0.27,560.7,27.4,1,5.0,High
V121,B23071,Combo_Pack,4.458,15.4,0,backroom,32.6,64.7,-1.0,2.0,0.63,503.3,32.6,2,4.17,High
V122,B23072,Dosa_Batter,4.448,35.0,0,backroom,30.3,71.1,-1.0,3.7,0.35,1058.8,13.0,2,4.43,High
V123,B23073,Dosa_Batter,4.431,54.8,1,counter,22.8,66.2,5.0,5.9,0.49,272.5,161.2,5,4.32,High
V124,B23074,Dosa_Batter,4.427,1.4,0,backroom,33.4,76.3,-1.0,0.5,0.55,46.8,46.6,1,4.1,Medium
V100,B23075,Idly_Batter,4.419,47.0,0,backroom,38.4,68.0,-1.0,1.8,0.22,1805.2,1.0,10,4.54,High
V101,B23076,Idly_Batter,4.469,50.0,0,counter,36.6,59.8,-1.0,8.6,0.58,1829.3,0.0,10,4.18,High
V102,B23077,Combo_Pack,4.533,15.3,0,counter,32.0,80.3,-1.0,7.5,0.73,488.4,32.7,10,4.75,High
V103,B23078,Idly_Batter,4.454,8.4,1,counter,29.6,63.4,4.6,1.1,0.22,38.1,207.6,10,4.49,Low
V104,B23079,Dosa_Batter,4.487,17.4,0,backroom,32.7,70.1,-1.0,11.3,0.86,567.1,30.6,2,3.83,High
V105,B23080,Combo_Pack,4.484,75.9,0,backroom,26.5,54.8,-1.0,74.5,0.37,2011.8,0.0,5,3.9,High
V106,B23081,Idly_Batter,4.501,33.6,0,backroom,30.6,70.1,-1.0,27.1,0.32,1025.6,14.4,5,4.35,High
V107,B23082,Idly_Batter,4.509,72.1,1,counter,25.3,63.5,2.0,24.2,0.19,144.2,143.9,2,4.43,Medium
V108,B23083,Dosa_Batter,4.444,72.1,0,counter,30.0,59.0,-1.0,16.4,0.23,2166.0,0.0,2,3.91,High
V109,B23084,Combo_Pack,4.472,68.6,0,backroom,31.2,59.4,-1.0,20.4,0.14,2141.8,0.0,2,4.55,High
V110,B23085,Combo_Pack,4.44,15.6,0,backroom,27.9,68.6,-1.0,12.2,0.8,436.0,32.4,1,4.33,High
V111,B23086,Idly_Batter,4.478,73.8,1,counter,28.5,55.4,4.5,68.7,0.21,330.3,142.2,5,4.4,High
V112,B23087,Dosa_Batter,4.529,61.2,0,counter,29.0,73.4,-1.0,53.1,0.24,1777.8,0.0,10,3.27,High
V113,B23088,Idly_Batter,4.482,27.6,1,counter,32.7,57.8,4.1,13.3,0.48,113.5,188.4,1,4.64,Medium
V114,B23089,Idly_Batter,4.415,93.1,0,backroom,29.6,66.7,-1.0,22.1,0.39,2758.1,0.0,2,4.0,High
V115,B23090,Combo_Pack,4.44,36.6,0,counter,30.9,57.0,-1.0,32.7,0.41,1129.1,11.4,2,4.05,High
V116,B23091,Combo_Pack,4.461,59.2,1,backroom,32.8,87.5,3.9,5.2,0.6,232.8,156.8,5,4.55,High
V117,B23092,Idly_Batter,4.47,71.3,0,counter,25.2,76.2,-1.0,15.1,0.61,1796.1,0.0,10,3.9,High
V118,B23093,Dosa_Batter,4.534,58.5,1,fridge,29.8,77.9,4.4,0.4,0.38,255.5,157.5,5,4.06,High
V119,B23094,Idly_Batter,4.474,45.7,0,counter,32.4,81.5,-1.0,2.9,0.18,1479.6,2.3,2,3.83,High
V120,B23095,Combo_Pack,4.423,88.5,1,counter,27.7,66.1,5.4,22.5,0.73,481.1,127.5,1,4.39,High
V121,B23096,Dosa_Batter,4.476,58.1,1,backroom,30.1,78.1,4.2,55.7,0.73,245.7,157.9,2,4.82,High
V122,B23097,Idly_Batter,4.48,89.5,1,backroom,29.1,80.3,5.5,74.1,0.2,488.6,126.5,2,4.16,High
V123,B23098,Idly_Batter,4.463,30.0,1,fridge,30.8,69.8,2.0,19.8,0.5,59.9,186.0,1,4.33,Low
V124,B23099,Idly_Batter,4.482,1.0,1,fridge,25.1,63.0,2.8,0.1,0.14,2.8,215.0,10,4.02,Low
V100,B23100,Dosa_Batter,4.437,84.5,1,fridge,29.4,68.4,6.1,39.6,0.35,517.0,131.5,2,4.43,High
V101,B23101,Combo_Pack,4.465,60.8,1,backroom,34.5,40.1,7.7,49.8,0.23,468.4,155.2,1,5.0,High
V102,B23102,Dosa_Batter,4.452,63.1,1,counter,37.3,70.5,3.9,29.2,0.55,247.0,152.9,5,4.47,High
V103,B23103,Dosa_Batter,4.5,77.4,1,fridge,33.3,59.1,6.1,21.3,0.24,474.0,138.6,10,4.35,High
V104,B23104,Combo_Pack,4.417,33.0,0,backroom,31.5,84.3,-1.0,21.9,0.2,1039.3,15.0,10,4.26,High
V105,B23105,Idly_Batter,4.43,63.9,1,counter,31.2,40.0,3.9,24.4,0.85,249.3,152.1,10,4.62,High
V106,B23106,Combo_Pack,4.446,30.6,0,counter,28.2,75.6,-1.0,21.6,0.74,862.9,17.4,5,4.22,High
V107,B23107,Combo_Pack,4.431,86.5,1,counter,31.9,71.7,4.8,80.8,0.39,413.9,129.5,10,3.42,High
V108,B23108,Dosa_Batter,4.443,61.6,1,fridge,32.1,84.0,2.0,14.5,0.29,123.2,154.4,10,4.19,Medium
V109,B23109,Idly_Batter,4.435,90.4,1,fridge,28.7,59.4,4.5,75.7,0.34,406.5,125.6,10,4.22,High
V110,B23110,Dosa_Batter,4.444,25.2,0,backroom,29.8,63.1,-1.0,4.3,0.32,751.4,22.8,1,4.29,High
V111,B23111,Idly_Batter,4.44,55.3,0,counter,32.2,61.0,-1.0,26.2,0.33,1782.5,0.0,1,4.65,High
V112,B23112,Combo_Pack,4.489,70.5,0,counter,30.6,67.5,-1.0,30.7,0.28,2156.6,0.0,1,3.94,High
V113,B23113,Idly_Batter,4.447,46.1,0,counter,31.0,59.0,-1.0,30.7,0.69,1428.4,1.9,1,4.82,High
V114,B23114,Dosa_Batter,4.463,13.5,0,counter,35.4,83.7,-1.0,1.7,0.79,476.7,34.5,10,3.78,High
V115,B23115,Combo_Pack,4.478,86.8,1,fridge,37.7,53.8,3.8,15.0,0.29,333.8,129.2,10,4.21,High
V116,B23116,Dosa_Batter,4.446,10.5,1,counter,31.6,72.8,5.3,5.6,0.7,55.9,205.5,1,4.32,Low
V117,B23117,Idly_Batter,4.489,46.5,0,backroom,28.2,60.6,-1.0,24.8,0.44,1312.1,1.5,1,4.78,High
V118,B23118,Idly_Batter,4.492,59.6,1,counter,30.1,53.1,5.3,50.1,0.16,314.1,156.4,1,4.57,High
V119,B23119,Idly_Batter,4.501,82.6,1,counter,29.1,68.9,5.4,26.3,0.74,444.1,133.4,5,4.3,High
V120,B23120,Combo_Pack,4.436,4.1,0,backroom,29.9,74.1,-1.0,0.5,0.76,121.8,43.9,10,4.35,High
V121,B23121,Dosa_Batter,4.432,21.6,1,backroom,28.4,78.3,3.6,8.0,0.46,77.1,194.4,10,4.37,Medium
V122,B23122,Combo_Pack,4.477,28.6,1,counter,28.9,62.3,2.0,0.9,0.4,57.3,187.4,2,3.93,Low
V123,B23123,Dosa_Batter,4.466,69.8,0,counter,30.7,85.2,-1.0,44.8,0.8,2143.5,0.0,10,4.21,High
V124,B23124,Dosa_Batter,4.413,84.8,1,counter,34.2,57.0,7.7,34.7,0.35,653.6,131.2,1,4.37,High
V100,B23125,Dosa_Batter,4.448,49.1,0,backroom,33.5,46.1,-1.0,46.8,0.52,1643.4,0.0,2,4.49,High
V101,B23126,Combo_Pack,4.46,9.1,1,fridge,29.4,78.1,5.0,7.8,0.25,46.0,206.9,1,3.89,Low
V102,B23127,Combo_Pack,4.406,45.5,0,counter,27.9,81.3,-1.0,8.1,0.46,1272.1,2.5,10,4.57,High
V103,B23128,Dosa_Batter,4.426,82.1,1,counter,35.3,72.1,3.8,23.5,0.21,309.4,133.9,10,4.29,High
V104,B23129,Combo_Pack,4.41,64.3,1,counter,27.7,60.2,5.1,60.5,0.65,326.5,151.7,5,4.3,High
V105,B23130,Idly_Batter,4.43,60.2,1,fridge,29.9,59.0,5.5,49.0,0.28,332.8,155.8,1,4.07,High
V106,B23131,Idly_Batter,4.431,80.1,0,counter,32.1,83.1,-1.0,13.2,0.44,2567.6,0.0,5,4.23,High
V107,B23132,Idly_Batter,4.427,1.9,0,backroom,27.8,67.1,-1.0,0.1,0.19,54.0,46.1,10,3.38,Medium
V108,B23133,Combo_Pack,4.47,35.8,1,counter,29.4,42.0,5.8,4.6,0.54,207.2,180.2,5,4.28,High
V109,B23134,Dosa_Batter,4.457,18.1,1,counter,27.7,70.2,5.6,15.4,0.84,101.3,197.9,10,4.66,Medium
V110,B23135,Idly_Batter,4.462,41.0,0,counter,33.6,67.2,-1.0,32.4,0.46,1377.2,7.0,1,4.71,High
V111,B23136,Combo_Pack,4.439,92.6,0,backroom,28.3,75.6,-1.0,67.6,0.15,2623.1,0.0,1,4.42,High
V112,B23137,Combo_Pack,4.451,20.5,0,counter,28.2,67.6,-1.0,0.4,0.45,576.9,27.5,1,3.2,High
V113,B23138,Dosa_Batter,4.499,55.1,1,fridge,34.1,68.0,4.1,0.2,0.55,223.3,160.9,2,4.33,High
V114,B23139,Idly_Batter,4.446,52.1,0,backroom,31.6,75.4,-1.0,48.7,0.41,1645.7,0.0,5,4.78,High
V115,B23140,Combo_Pack,4.461,30.5,0,counter,29.9,81.8,-1.0,5.0,0.55,910.6,17.5,2,3.61,High
V116,B23141,Combo_Pack,4.457,77.1,1,counter,25.4,90.5,4.1,74.8,0.33,316.7,138.9,5,3.86,High
V117,B23142,Combo_Pack,4.48,17.5,0,counter,28.9,69.8,-1.0,6.8,0.25,506.0,30.5,10,4.86,High
V118,B23143,Combo_Pack,4.48,42.4,0,backroom,32.9,62.9,-1.0,34.2,0.43,1396.5,5.6,1,4.81,High
V119,B23144,Idly_Batter,4.456,78.7,1,counter,31.3,65.5,2.2,45.2,0.6,176.4,137.3,10,4.0,High
V120,B23145,Dosa_Batter,4.425,7.8,0,counter,31.7,56.0,-1.0,7.2,0.52,247.5,40.2,2,4.75,High
V121,B23146,Idly_Batter,4.389,54.4,1,fridge,29.5,72.6,4.7,28.1,0.56,257.7,161.6,5,4.0,High
V122,B23147,Idly_Batter,4.448,83.0,1,counter,30.7,76.8,2.7,60.7,0.01,226.4,133.0,5,3.67,High
V123,B23148,Dosa_Batter,4.471,54.9,1,backroom,25.1,86.7,3.6,23.1,0.42,200.0,161.1,1,4.57,High
V124,B23149,Dosa_Batter,4.452,60.0,1,backroom,28.1,88.1,3.5,12.7,0.11,209.1,156.0,5,4.42,High
V100,B23150,Idly_Batter,4.444,72.0,1,counter,30.8,78.3,3.2,71.1,0.31,231.2,144.0,1,4.98,High
V101,B23151,Combo_Pack,4.502,8.1,1,fridge,24.1,61.9,2.0,4.3,0.19,16.3,207.9,2,4.17,Low
V102,B23152,Dosa_Batter,4.476,19.1,0,backroom,24.1,73.5,-1.0,6.3,0.31,461.5,28.9,5,3.46,High
V103,B23153,Dosa_Batter,4.488,35.8,0,counter,27.2,78.4,-1.0,27.1,0.2,974.5,12.2,10,4.16,High
V104,B23154,Idly_Batter,4.466,65.9,0,counter,32.2,52.1,-1.0,4.8,0.03,2124.2,0.0,5,3.88,High
V105,B23155,Idly_Batter,4.47,78.7,0,backroom,30.2,72.2,-1.0,60.5,0.31,2376.1,0.0,5,4.01,High
V106,B23156,Idly_Batter,4.433,95.2,0,counter,28.7,56.3,-1.0,36.9,0.34,2727.6,0.0,2,3.75,High
V107,B23157,Idly_Batter,4.457,54.9,1,fridge,35.4,61.6,3.1,47.1,0.47,171.1,161.1,5,4.02,High
V108,B23158,Idly_Batter,4.481,82.3,1,backroom,32.4,71.7,6.7,44.6,0.22,552.5,133.7,10,4.08,High
V109,B23159,Dosa_Batter,4.52,40.0,0,backroom,35.8,69.8,-1.0,5.0,0.61,1432.0,8.0,1,3.74,High
V110,B23160,Dosa_Batter,4.461,76.5,1,fridge,35.8,67.5,5.9,76.4,0.75,453.9,139.5,1,4.42,High
V111,B23161,Idly_Batter,4.484,86.9,0,backroom,28.3,88.5,-1.0,75.2,0.9,2462.1,0.0,10,4.06,High
V112,B23162,Combo_Pack,4.457,12.2,1,backroom,33.2,58.3,4.8,9.6,0.8,58.2,203.8,10,4.1,Low
V113,B23163,Idly_Batter,4.475,87.7,0,counter,33.9,77.5,-1.0,71.5,0.42,2969.6,0.0,2,4.28,High
V114,B23164,Dosa_Batter,4.419,81.3,0,counter,32.0,64.8,-1.0,44.9,0.44,2604.3,0.0,5,4.1,High
V115,B23165,Idly_Batter,4.496,71.5,0,counter,34.7,66.2,-1.0,11.6,0.61,2481.1,0.0,5,4.29,High
V116,B23166,Idly_Batter,4.484,25.6,1,backroom,31.6,55.8,4.6,7.1,0.57,117.9,190.4,2,4.01,Medium
V117,B23167,Dosa_Batter,4.51,1.5,0,counter,27.1,68.2,-1.0,0.1,0.42,39.4,46.5,10,4.49,Low
V118,B23168,Combo_Pack,4.481,54.6,0,counter,34.8,62.4,-1.0,8.5,0.24,1898.9,0.0,10,4.89,High
V119,B23169,Idly_Batter,4.499,70.4,1,backroom,29.3,66.8,2.3,53.4,0.07,159.1,145.6,5,3.78,High
V120,B23170,Idly_Batter,4.467,37.1,1,fridge,33.4,60.5,5.7,26.6,0.59,212.3,178.9,2,3.59,High
V121,B23171,Dosa_Batter,4.525,31.0,1,counter,31.4,56.0,6.4,9.0,0.93,197.7,185.0,1,4.82,High
V122,B23172,Combo_Pack,4.432,24.3,1,fridge,30.8,64.5,3.4,17.6,0.39,81.9,191.7,5,4.27,Medium
V123,B23173,Dosa_Batter,4.427,66.8,1,counter,28.2,47.1,4.0,20.5,0.2,263.9,149.2,10,3.91,High
V124,B23174,Combo_Pack,4.496,15.6,1,counter,30.0,67.6,6.2,8.9,0.39,96.7,200.4,10,4.4,Medium
V100,B23175,Combo_Pack,4.456,32.4,1,fridge,27.6,68.1,7.9,12.0,0.51,256.5,183.6,10,4.65,High
V101,B23176,Idly_Batter,4.477,51.1,0,backroom,30.2,66.7,-1.0,45.3,0.09,1540.9,0.0,5,4.37,High
V102,B23177,Combo_Pack,4.452,21.1,0,counter,29.1,57.1,-1.0,0.1,0.11,615.7,26.9,2,5.0,High
V103,B23178,Combo_Pack,4.468,55.3,0,backroom,32.8,82.7,-1.0,35.1,0.42,1816.7,0.0,10,3.94,High
V104,B23179,Dosa_Batter,4.464,56.5,0,backroom,24.4,63.5,-1.0,31.9,0.54,1380.0,0.0,1,3.92,High
V105,B23180,Combo_Pack,4.479,77.2,1,fridge,32.0,75.1,2.5,30.6,0.52,195.4,138.8,10,4.58,High
V106,B23181,Idly_Batter,4.447,21.1,1,backroom,36.0,66.2,8.4,19.3,0.12,176.5,194.9,5,4.56,High
V107,B23182,Idly_Batter,4.466,88.8,0,counter,28.3,73.2,-1.0,81.8,0.6,2513.6,0.0,10,4.35,High
V108,B23183,Idly_Batter,4.414,51.1,0,backroom,32.3,82.2,-1.0,2.6,0.51,1652.0,0.0,2,3.99,High
V109,B23184,Dosa_Batter,4.492,50.4,1,backroom,28.9,70.7,4.6,23.4,0.55,233.1,165.6,10,3.61,High
V110,B23185,Idly_Batter,4.477,72.7,1,counter,28.3,69.8,5.8,63.9,0.44,420.3,143.3,5,3.71,High
V111,B23186,Dosa_Batter,4.403,95.5,0,counter,32.8,67.1,-1.0,83.5,0.21,3131.1,0.0,2,4.08,High
V112,B23187,Combo_Pack,4.414,31.8,1,fridge,32.2,66.8,3.8,28.4,0.7,119.6,184.2,1,3.75,Medium
V113,B23188,Idly_Batter,4.446,14.3,0,counter,32.2,70.6,-1.0,13.6,0.24,460.2,33.7,1,3.71,High
V114,B23189,Idly_Batter,4.496,20.0,0,counter,31.1,63.7,-1.0,8.7,0.54,622.3,28.0,5,4.46,High
V115,B23190,Idly_Batter,4.529,48.0,0,backroom,31.0,51.2,-1.0,15.3,0.47,1489.1,0.0,10,4.0,High
V116,B23191,Dosa_Batter,4.487,90.3,0,backroom,33.9,72.1,-1.0,89.2,0.1,3065.0,0.0,10,4.35,High
V117,B23192,Combo_Pack,4.444,0.5,0,counter,34.4,65.2,-1.0,0.1,0.5,18.0,47.5,5,4.39,Low
V118,B23193,Combo_Pack,4.465,69.6,1,counter,33.1,67.5,7.7,13.8,0.81,538.5,146.4,1,4.55,High
V119,B23194,Idly_Batter,4.458,92.5,1,backroom,34.0,72.7,6.0,40.5,0.12,558.4,123.5,10,4.26,High
V120,B23195,Idly_Batter,4.471,92.1,0,backroom,30.6,74.8,-1.0,10.6,0.28,2822.9,0.0,5,4.28,High
V121,B23196,Combo_Pack,4.422,75.2,1,backroom,32.8,57.1,3.9,24.8,0.41,291.3,140.8,1,3.96,High
V122,B23197,Idly_Batter,4.456,61.2,1,counter,27.1,71.5,5.2,52.6,0.14,317.2,154.8,2,4.53,High
V123,B23198,Idly_Batter,4.425,43.3,0,counter,26.5,57.1,-1.0,3.3,0.13,1146.6,4.7,10,4.81,High
V124,B23199,Combo_Pack,4.433,64.1,1,counter,30.4,75.0,7.2,17.9,0.31,462.5,151.9,1,4.42,High
V100,B23200,Combo_Pack,4.492,89.9,1,fridge,31.8,74.5,2.5,80.1,0.09,228.0,126.1,10,3.65,High
V101,B23201,Combo_Pack,4.443,85.0,0,backroom,32.0,70.9,-1.0,20.3,0.69,2717.4,0.0,10,3.92,High
V102,B23202,Idly_Batter,4.424,10.4,0,counter,30.7,66.9,-1.0,5.3,0.23,320.1,37.6,5,4.38,High
V103,B23203,Dosa_Batter,4.466,53.7,1,backroom,25.7,76.3,3.9,30.5,0.86,209.1,162.3,5,3.9,High
V104,B23204,Dosa_Batter,4.53,11.0,0,counter,26.9,59.2,-1.0,7.9,0.08,296.3,37.0,5,4.81,High
V105,B23205,Dosa_Batter,4.459,59.3,0,counter,31.7,63.7,-1.0,55.4,0.14,1880.9,0.0,10,4.17,High
V106,B23206,Dosa_Batter,4.446,54.0,0,backroom,29.6,51.1,-1.0,46.9,0.63,1601.9,0.0,5,4.36,High
V107,B23207,Combo_Pack,4.48,60.7,1,counter,27.5,70.0,5.2,44.3,0.6,317.8,155.3,10,4.56,High
V108,B23208,Combo_Pack,4.452,68.1,0,counter,32.0,76.6,-1.0,59.8,0.64,2180.1,0.0,5,4.29,High
V109,B23209,Dosa_Batter,4.517,89.7,1,counter,27.3,57.4,6.3,8.7,0.17,566.5,126.3,2,4.25,High
V110,B23210,Idly_Batter,4.461,49.6,1,fridge,32.3,70.8,6.5,34.0,0.45,324.4,166.4,1,3.91,High
V111,B23211,Dosa_Batter,4.464,30.1,1,backroom,30.9,69.3,5.1,5.5,0.41,153.2,185.9,10,3.75,High
V112,B23212,Combo_Pack,4.462,34.9,1,counter,33.8,55.3,3.6,29.6,0.46,126.4,181.1,2,4.1,Medium
V113,B23213,Combo_Pack,4.515,64.1,1,backroom,25.0,67.7,5.4,17.4,0.34,345.9,151.9,1,4.59,High
V114,B23214,Combo_Pack,4.416,34.3,0,counter,31.1,70.9,-1.0,31.4,0.35,1065.9,13.7,5,4.1,High
V115,B23215,Combo_Pack,4.502,48.5,0,counter,28.3,73.1,-1.0,39.5,0.42,1371.9,0.0,5,4.25,High
V116,B23216,Idly_Batter,4.451,27.7,0,counter,36.2,63.8,-1.0,7.7,0.41,1002.8,20.3,1,4.52,High
V117,B23217,Dosa_Batter,4.509,53.7,1,counter,30.7,58.4,5.5,16.8,0.12,293.3,162.3,5,3.37,High
V118,B23218,Idly_Batter,4.498,28.0,1,counter,31.7,66.6,5.0,8.3,0.52,141.4,188.0,5,4.43,Medium
V119,B23219,Dosa_Batter,4.505,52.8,1,counter,33.1,68.2,5.8,52.3,0.47,306.6,163.2,1,4.02,High
V120,B23220,Idly_Batter,4.446,64.4,0,counter,28.9,62.3,-1.0,47.0,0.79,1858.2,0.0,10,4.45,High
V121,B23221,Idly_Batter,4.419,30.6,0,counter,34.7,69.4,-1.0,14.9,0.37,1059.9,17.4,1,5.0,High
V122,B23222,Idly_Batter,4.49,79.2,0,backroom,34.7,79.8,-1.0,54.6,0.42,2745.8,0.0,1,4.79,High
V123,B23223,Combo_Pack,4.478,81.7,0,backroom,22.0,46.7,-1.0,32.6,0.28,1797.2,0.0,5,4.27,High
V124,B23224,Idly_Batter,4.481,41.4,1,backroom,34.8,75.3,5.6,32.4,0.72,231.0,174.6,10,4.19,High
V100,B23225,Combo_Pack,4.488,70.0,1,counter,35.6,63.7,5.5,3.1,0.1,386.6,146.0,2,3.89,High
V101,B23226,Idly_Batter,4.436,68.6,1,backroom,37.4,59.0,5.6,8.5,0.59,386.1,147.4,5,3.63,High
V102,B23227,Combo_Pack,4.51,90.7,0,counter,31.8,73.6,-1.0,43.8,0.85,2881.8,0.0,2,4.55,High
V103,B23228,Dosa_Batter,4.403,50.5,0,backroom,28.1,73.2,-1.0,10.4,0.55,1417.7,0.0,5,4.46,High
V104,B23229,Combo_Pack,4.473,3.6,1,fridge,29.3,64.3,3.9,1.5,0.63,13.9,212.4,2,4.11,Low
V105,B23230,Idly_Batter,4.469,61.0,0,counter,28.5,53.9,-1.0,13.2,0.47,1739.9,0.0,5,4.09,High
V106,B23231,Combo_Pack,4.456,26.8,1,counter,32.9,79.0,4.6,3.0,0.65,122.5,189.2,2,4.61,Medium
V107,B23232,Idly_Batter,4.505,90.7,0,counter,31.3,82.7,-1.0,84.8,0.43,2843.4,0.0,1,3.75,High
V108,B23233,Dosa_Batter,4.479,10.7,0,counter,35.3,63.2,-1.0,7.3,0.35,375.8,37.3,2,4.36,High
V109,B23234,Dosa_Batter,4.468,88.7,0,backroom,34.7,94.5,-1.0,50.7,0.49,3081.7,0.0,5,4.64,High
V110,B23235,Combo_Pack,4.488,80.1,0,backroom,30.3,65.9,-1.0,68.2,0.35,2430.3,0.0,5,4.39,High
V111,B23236,Combo_Pack,4.483,59.7,1,counter,34.9,54.5,3.3,56.1,0.77,196.2,156.3,1,4.08,High
V112,B23237,Dosa_Batter,4.434,23.4,1,fridge,32.0,58.9,6.7,13.9,0.54,157.4,192.6,2,4.35,High
V113,B23238,Dosa_Batter,4.469,76.0,1,fridge,26.9,73.7,6.7,59.4,0.1,511.1,140.0,2,3.45,High
V114,B23239,Idly_Batter,4.496,57.3,0,backroom,28.4,69.6,-1.0,42.3,0.37,1627.1,0.0,2,3.96,High
V115,B23240,Combo_Pack,4.412,73.6,1,backroom,28.8,80.5,5.5,68.9,0.73,401.3,142.4,5,4.02,High
V116,B23241,Combo_Pack,4.478,27.7,1,counter,23.9,82.9,3.9,27.2,0.92,107.3,188.3,5,4.54,Medium
V117,B23242,Combo_Pack,4.458,24.8,0,backroom,33.7,73.2,-1.0,15.7,0.31,834.8,23.2,5,4.33,High
V118,B23243,Idly_Batter,4.434,12.6,1,counter,28.7,77.1,3.7,1.6,0.07,46.1,203.4,1,4.48,Low
V119,B23244,Combo_Pack,4.485,23.8,1,counter,31.9,77.1,3.5,3.5,0.44,84.0,192.2,10,4.1,Medium
V120,B23245,Idly_Batter,4.501,1.5,0,counter,31.3,74.1,-1.0,1.0,0.66,46.6,46.5,2,4.55,Medium
V121,B23246,Dosa_Batter,4.468,56.7,1,backroom,33.7,64.1,3.5,22.7,0.1,198.4,159.3,1,4.75,High
V122,B23247,Idly_Batter,4.511,74.5,1,counter,31.6,76.5,4.3,11.0,0.55,318.3,141.5,1,4.49,High
V123,B23248,Dosa_Batter,4.511,77.3,1,counter,35.5,74.2,5.5,37.6,0.37,425.6,138.7,10,3.4,High
V124,B23249,Dosa_Batter,4.474,90.1,1,fridge,29.5,86.3,4.5,87.6,0.67,405.4,125.9,2,4.66,High
V100,B23250,Dosa_Batter,4.474,40.0,1,backroom,33.5,56.0,2.7,37.5,0.24,109.7,176.0,5,3.9,Medium
V101,B23251,Idly_Batter,4.478,78.3,1,backroom,31.9,59.0,7.3,23.1,0.69,571.1,137.7,1,4.48,High
V102,B23252,Combo_Pack,4.447,80.2,1,counter,32.5,59.3,4.5,40.4,0.58,360.2,135.8,2,3.9,High
V103,B23253,Dosa_Batter,4.5,45.9,0,counter,33.0,70.4,-1.0,37.3,0.51,1516.6,2.1,5,5.0,High
V104,B23254,Idly_Batter,4.469,33.6,0,counter,29.7,75.8,-1.0,27.7,0.87,998.8,14.4,5,3.1,High
V105,B23255,Dosa_Batter,4.504,11.9,1,fridge,32.1,47.8,2.9,2.3,0.56,35.0,204.1,1,3.76,Low
V106,B23256,Combo_Pack,4.429,63.5,1,counter,28.7,88.0,6.2,55.7,0.72,391.5,152.5,2,3.89,High
V107,B23257,Idly_Batter,4.494,12.9,0,counter,29.7,69.8,-1.0,3.5,0.32,382.9,35.1,5,4.17,High
V108,B23258,Dosa_Batter,4.463,59.5,1,backroom,34.6,88.2,3.0,55.0,0.09,180.7,156.5,1,4.0,High
V109,B23259,Dosa_Batter,4.484,20.1,1,fridge,33.0,75.9,5.0,8.4,0.06,100.7,195.9,2,4.22,Medium
V110,B23260,Combo_Pack,4.483,10.8,0,backroom,31.6,69.6,-1.0,4.3,0.17,342.2,37.2,1,4.28,High
V111,B23261,Idly_Batter,4.466,93.5,0,counter,30.2,80.7,-1.0,53.7,0.41,2819.5,0.0,2,4.27,High
V112,B23262,Dosa_Batter,4.438,82.0,0,backroom,29.3,70.9,-1.0,74.6,0.46,2402.3,0.0,2,4.33,High
V113,B23263,Combo_Pack,4.468,4.3,1,fridge,29.9,78.1,5.5,1.5,0.17,24.1,211.7,1,3.87,Low
V114,B23264,Combo_Pack,4.481,61.5,0,backroom,30.5,41.3,-1.0,56.2,0.51,1874.3,0.0,10,3.37,High
V115,B23265,Dosa_Batter,4.441,0.1,1,counter,29.3,85.1,5.1,0.1,0.57,0.4,215.9,2,4.25,Low
V116,B23266,Combo_Pack,4.452,38.7,0,backroom,30.9,63.9,-1.0,7.0,0.29,1197.1,9.3,5,4.65,High
V117,B23267,Dosa_Batter,4.497,0.5,0,backroom,33.3,71.9,-1.0,0.3,0.5,15.8,47.5,10,4.58,Low
V118,B23268,Dosa_Batter,4.456,37.5,0,backroom,30.5,63.6,-1.0,13.1,0.7,1143.7,10.5,10,4.33,High
V119,B23269,Idly_Batter,4.435,18.4,1,counter,32.3,76.9,3.3,14.9,0.72,60.0,197.6,1,4.84,Medium
V120,B23270,Idly_Batter,4.448,3.8,1,counter,32.3,59.6,7.1,2.5,0.5,26.8,212.2,1,4.41,Low
V121,B23271,Combo_Pack,4.454,71.8,1,fridge,33.0,61.8,5.6,41.7,0.46,399.3,144.2,5,4.35,High
V122,B23272,Idly_Batter,4.431,30.0,1,backroom,34.7,47.3,7.8,1.5,0.27,235.1,186.0,1,4.04,High
V123,B23273,Idly_Batter,4.426,92.2,0,backroom,27.3,60.7,-1.0,65.2,0.47,2518.8,0.0,10,4.03,High
V124,B23274,Combo_Pack,4.471,45.9,1,counter,29.4,83.9,8.0,25.7,0.37,369.2,170.1,10,4.54,High
V100,B23275,Dosa_Batter,4.404,32.9,1,counter,26.5,78.1,6.2,32.4,0.32,204.5,183.1,10,4.08,High
V101,B23276,Dosa_Batter,4.469,61.5,1,fridge,30.9,48.4,2.3,38.2,0.51,142.3,154.5,10,3.47,Medium
V102,B23277,Idly_Batter,4.464,63.1,1,counter,34.9,80.9,2.6,5.1,0.61,166.2,152.9,10,4.16,High
V103,B23278,Dosa_Batter,4.446,38.1,0,backroom,31.9,74.7,-1.0,27.3,0.27,1216.1,9.9,2,3.72,High
V104,B23279,Idly_Batter,4.445,67.8,0,backroom,30.5,57.2,-1.0,38.4,0.26,2068.2,0.0,1,4.28,High
V105,B23280,Dosa_Batter,4.482,8.1,1,counter,29.8,54.3,4.0,4.9,0.64,32.5,207.9,2,3.51,Low
V106,B23281,Idly_Batter,4.482,15.5,1,fridge,30.7,62.4,5.8,1.8,0.24,89.8,200.5,10,3.59,Medium
V107,B23282,Combo_Pack,4.425,12.5,0,counter,32.9,76.5,-1.0,4.1,0.75,411.8,35.5,5,4.19,High
V108,B23283,Idly_Batter,4.467,35.7,0,counter,34.1,60.8,-1.0,29.4,0.57,1215.6,12.3,2,4.08,High
V109,B23284,Idly_Batter,4.489,59.9,1,counter,33.0,60.7,2.2,37.7,0.72,130.3,156.1,10,5.0,Medium
V110,B23285,Dosa_Batter,4.43,93.9,0,counter,29.7,55.8,-1.0,28.9,0.58,2786.7,0.0,1,4.52,High
V111,B23286,Dosa_Batter,4.455,67.0,1,fridge,30.7,62.8,5.8,39.3,0.62,387.9,149.0,1,4.46,High
V112,B23287,Idly_Batter,4.432,93.1,0,counter,37.8,73.0,-1.0,27.7,0.53,3523.5,0.0,1,3.68,High
V113,B23288,Idly_Batter,4.473,62.0,1,backroom,31.7,83.1,6.5,7.8,0.82,403.7,154.0,10,3.86,High
V114,B23289,Combo_Pack,4.5,65.8,0,counter,30.1,73.8,-1.0,40.9,0.34,1980.2,0.0,5,4.91,High
V115,B23290,Idly_Batter,4.461,55.8,0,backroom,30.6,44.9,-1.0,37.5,0.08,1711.0,0.0,2,3.84,High
V116,B23291,Dosa_Batter,4.502,22.0,1,fridge,31.9,49.8,4.5,11.5,0.51,99.6,194.0,5,3.97,Medium
V117,B23292,Combo_Pack,4.44,38.5,0,counter,27.3,67.6,-1.0,23.7,0.44,1048.6,9.5,5,4.24,High
V118,B23293,Dosa_Batter,4.468,63.8,0,counter,34.3,69.1,-1.0,6.2,0.44,2184.4,0.0,10,4.4,High
V119,B23294,Idly_Batter,4.452,2.6,1,backroom,34.2,81.9,2.0,1.5,0.9,5.1,213.4,2,5.0,Low
V120,B23295,Idly_Batter,4.461,87.4,0,counter,33.7,74.8,-1.0,57.3,0.74,2945.1,0.0,2,4.05,High
V121,B23296,Dosa_Batter,4.426,8.5,1,backroom,31.8,69.0,7.9,2.8,0.53,66.8,207.5,2,4.29,Low
V122,B23297,Idly_Batter,4.439,54.0,0,counter,32.6,67.8,-1.0,20.0,0.68,1762.5,0.0,2,5.0,High
V123,B23298,Combo_Pack,4.492,21.2,0,backroom,31.3,71.9,-1.0,6.0,0.16,662.6,26.8,1,4.02,High
V124,B23299,Idly_Batter,4.483,44.7,0,backroom,30.5,64.9,-1.0,14.7,0.6,1365.2,3.3,10,4.3,High
V100,B23300,Combo_Pack,4.424,24.9,1,counter,36.9,57.6,5.8,18.5,0.29,144.6,191.1,10,3.38,Medium
V101,B23301,Combo_Pack,4.471,7.0,1,backroom,29.3,65.3,5.4,1.6,0.32,38.1,209.0,5,4.17,Low
V102,B23302,Idly_Batter,4.462,25.6,1,backroom,29.9,58.6,5.9,19.1,0.3,151.3,190.4,10,3.43,High
V103,B23303,Combo_Pack,4.454,34.0,1,counter,32.5,75.8,3.7,9.7,0.63,126.6,182.0,1,4.66,Medium
V104,B23304,Dosa_Batter,4.465,17.5,1,counter,31.1,83.9,3.2,14.4,0.48,55.3,198.5,10,5.0,Low
V105,B23305,Idly_Batter,4.463,4.4,1,backroom,33.3,77.5,5.9,0.1,0.74,26.3,211.6,10,3.88,Low
V106,B23306,Dosa_Batter,4.466,41.3,1,fridge,24.6,73.0,4.3,4.5,0.68,178.3,174.7,10,3.71,High
V107,B23307,Idly_Batter,4.441,72.0,1,backroom,32.5,62.4,5.6,41.1,0.63,403.9,144.0,10,4.36,High
V108,B23308,Idly_Batter,4.443,42.0,0,counter,28.8,62.3,-1.0,12.7,0.69,1208.5,6.0,5,4.37,High
V109,B23309,Combo_Pack,4.364,60.7,1,fridge,31.7,83.4,4.2,41.5,0.55,252.9,155.3,5,4.85,High
V110,B23310,Dosa_Batter,4.467,27.8,1,counter,30.5,75.1,5.3,3.3,0.1,148.3,188.2,10,4.72,High
V111,B23311,Idly_Batter,4.474,29.8,0,counter,27.1,62.9,-1.0,1.5,0.43,808.7,18.2,10,4.49,High
V112,B23312,Idly_Batter,4.492,91.7,1,backroom,31.3,70.2,2.9,70.5,0.89,268.9,124.3,2,3.76,High
V113,B23313,Combo_Pack,4.414,71.1,1,counter,30.5,81.3,7.2,33.1,0.46,512.4,144.9,1,3.65,High
V114,B23314,Idly_Batter,4.44,0.0,1,backroom,27.6,68.7,4.6,0.0,0.78,0.0,216.0,5,3.34,Low
V115,B23315,Dosa_Batter,4.45,60.3,1,fridge,36.6,85.5,3.1,16.9,0.14,184.9,155.7,10,4.62,High
V116,B23316,Dosa_Batter,4.507,23.3,0,backroom,32.5,70.8,-1.0,13.0,0.51,756.7,24.7,1,3.79,High
V117,B23317,Combo_Pack,4.507,9.7,1,counter,32.0,73.6,6.4,1.5,0.78,62.3,206.3,1,3.6,Low
V118,B23318,Combo_Pack,4.495,22.2,0,counter,32.2,72.8,-1.0,1.7,0.24,714.2,25.8,1,3.54,High
V119,B23319,Combo_Pack,4.498,12.7,1,counter,32.4,70.1,6.3,5.2,0.61,80.3,203.3,10,4.07,Medium
V120,B23320,Idly_Batter,4.461,57.8,1,counter,28.8,74.7,7.0,0.1,0.53,404.8,158.2,1,3.68,High
V121,B23321,Combo_Pack,4.49,82.3,1,counter,25.6,51.5,6.9,79.9,0.57,567.2,133.7,2,3.94,High
V122,B23322,Idly_Batter,4.479,14.3,1,counter,31.1,61.0,2.0,6.4,0.73,28.6,201.7,5,4.23,Low
V123,B23323,Combo_Pack,4.455,1.4,1,backroom,33.2,69.0,6.3,0.9,0.69,8.8,214.6,2,4.79,Low
V124,B23324,Combo_Pack,4.423,16.3,0,counter,25.8,70.1,-1.0,14.3,0.73,420.9,31.7,1,4.33,High
V100,B23325,Combo_Pack,4.424,7.7,0,backroom,29.5,64.6,-1.0,5.2,0.39,227.3,40.3,1,4.14,High
V101,B23326,Combo_Pack,4.489,0.4,0,counter,27.0,78.7,-1.0,0.2,0.58,10.1,47.6,5,4.13,Low
V102,B23327,Combo_Pack,4.433,19.5,0,backroom,32.0,56.3,-1.0,6.5,0.74,623.8,28.5,5,4.22,High
V103,B23328,Dosa_Batter,4.477,93.5,1,counter,31.2,66.1,4.6,27.0,0.53,426.2,122.5,10,3.6,High
V104,B23329,Combo_Pack,4.458,2.2,0,counter,31.4,51.3,-1.0,0.2,0.55,67.7,45.8,1,4.6,Medium
V105,B23330,Idly_Batter,4.454,52.0,0,backroom,30.4,71.4,-1.0,21.8,0.95,1578.6,0.0,10,3.86,High
V106,B23331,Combo_Pack,4.456,57.1,0,backroom,30.1,59.5,-1.0,27.0,0.17,1717.8,0.0,5,3.98,High
V107,B23332,Combo_Pack,4.513,45.9,1,backroom,28.9,64.4,2.3,14.3,0.24,103.8,170.1,2,3.47,Medium
V108,B23333,Combo_Pack,4.451,58.2,1,fridge,31.0,71.5,3.9,43.7,0.3,229.4,157.8,1,4.12,High
V109,B23334,Idly_Batter,4.467,38.5,1,backroom,37.8,73.8,4.4,3.5,0.64,168.0,177.5,10,4.73,High
V110,B23335,Idly_Batter,4.437,24.3,0,backroom,32.1,79.9,-1.0,10.5,0.64,782.5,23.7,1,3.46,High
V111,B23336,Combo_Pack,4.456,12.3,1,backroom,31.6,81.4,6.5,5.0,0.66,79.1,203.7,2,4.14,Medium
V112,B23337,Dosa_Batter,4.473,82.1,0,backroom,32.9,78.9,-1.0,21.3,0.41,2699.2,0.0,5,4.6,High
V113,B23338,Combo_Pack,4.467,34.6,0,counter,31.9,72.5,-1.0,14.3,0.44,1103.9,13.4,2,4.05,High
V114,B23339,Idly_Batter,4.475,33.4,0,backroom,32.4,65.8,-1.0,5.7,0.32,1080.3,14.6,1,4.41,High
V115,B23340,Idly_Batter,4.468,56.3,1,counter,33.5,79.0,6.5,16.9,0.5,367.4,159.7,1,4.31,High
V116,B23341,Dosa_Batter,4.427,36.0,0,counter,32.2,73.2,-1.0,17.8,0.79,1157.5,12.0,5,4.33,High
V117,B23342,Idly_Batter,4.444,49.4,1,fridge,34.0,71.7,3.3,12.5,0.46,164.9,166.6,1,4.16,High
V118,B23343,Dosa_Batter,4.447,27.7,0,backroom,30.4,51.6,-1.0,24.5,0.73,841.1,20.3,2,4.67,High
V119,B23344,Dosa_Batter,4.419,77.4,0,counter,31.5,62.8,-1.0,76.5,0.74,2441.6,0.0,1,3.53,High
V120,B23345,Dosa_Batter,4.488,75.1,1,backroom,32.0,61.1,6.2,34.7,0.28,468.7,140.9,1,5.0,High
V121,B23346,Combo_Pack,4.514,50.2,1,counter,36.6,78.4,4.8,22.1,0.7,241.6,165.8,5,4.03,High
V122,B23347,Combo_Pack,4.483,18.9,1,fridge,30.2,67.7,6.7,18.5,0.14,126.6,197.1,10,4.6,Medium
V123,B23348,Idly_Batter,4.44,89.1,0,backroom,26.3,77.7,-1.0,31.5,0.42,2343.9,0.0,10,4.77,High
V124,B23349,Dosa_Batter,4.423,59.0,0,counter,36.1,73.8,-1.0,33.1,0.75,2126.9,0.0,5,4.11,High
V100,B23350,Dosa_Batter,4.502,78.1,1,backroom,29.1,63.0,5.4,65.6,0.87,420.7,137.9,1,4.12,High
V101,B23351,Idly_Batter,4.484,48.4,0,backroom,30.9,72.5,-1.0,21.2,0.26,1496.3,0.0,2,4.36,High
V102,B23352,Combo_Pack,4.443,6.6,0,backroom,31.8,60.2,-1.0,1.6,0.67,210.4,41.4,5,3.4,High
V103,B23353,Combo_Pack,4.495,45.8,0,counter,31.9,56.8,-1.0,11.3,0.92,1460.3,2.2,1,4.43,High
V104,B23354,Idly_Batter,4.44,4.8,0,counter,28.3,66.3,-1.0,1.2,0.41,135.0,43.2,1,3.83,High
V105,B23355,Idly_Batter,4.442,29.3,1,backroom,33.6,75.6,6.9,21.2,0.48,202.6,186.7,5,4.77,High
V106,B23356,Combo_Pack,4.471,49.5,0,counter,28.5,56.4,-1.0,8.6,0.7,1411.9,0.0,2,3.87,High
V107,B23357,Idly_Batter,4.471,32.3,0,counter,34.0,62.2,-1.0,2.7,0.29,1099.2,15.7,5,4.03,High
V108,B23358,Dosa_Batter,4.452,46.4,1,backroom,28.5,62.0,3.4,10.2,0.65,160.1,169.6,5,3.69,High
V109,B23359,Combo_Pack,4.382,19.3,1,counter,34.8,56.8,4.1,16.9,0.44,78.7,196.7,1,4.0,Medium
V110,B23360,Dosa_Batter,4.411,65.2,1,backroom,30.0,83.0,5.7,33.2,0.41,371.4,150.8,10,4.23,High
V111,B23361,Dosa_Batter,4.484,35.7,1,counter,22.8,65.2,3.4,33.2,0.49,121.3,180.3,10,4.06,Medium
V112,B23362,Dosa_Batter,4.425,4.4,0,counter,29.2,44.1,-1.0,0.8,0.07,129.2,43.6,5,4.24,High
V113,B23363,Dosa_Batter,4.428,85.4,1,backroom,26.8,71.5,2.3,20.4,0.52,200.7,130.6,10,4.33,High
V114,B23364,Dosa_Batter,4.415,0.6,0,backroom,28.3,57.3,-1.0,0.0,0.51,18.1,47.4,2,3.58,Low
V115,B23365,Idly_Batter,4.471,43.6,0,counter,28.9,59.9,-1.0,26.8,0.13,1259.3,4.4,10,4.22,High
V116,B23366,Dosa_Batter,4.477,73.6,0,backroom,32.5,71.4,-1.0,49.5,0.6,2395.3,0.0,2,4.19,High
V117,B23367,Idly_Batter,4.5,95.4,0,counter,33.3,67.3,-1.0,16.2,0.33,3179.9,0.0,10,4.4,High
V118,B23368,Idly_Batter,4.471,76.4,1,counter,29.4,69.9,5.2,2.6,0.57,395.0,139.6,10,3.99,High
V119,B23369,Dosa_Batter,4.48,59.8,1,fridge,37.4,63.6,7.3,20.8,0.82,434.5,156.2,5,4.36,High
V120,B23370,Dosa_Batter,4.506,62.3,0,backroom,26.7,54.9,-1.0,59.6,0.68,1659.8,0.0,10,4.03,High
V121,B23371,Combo_Pack,4.425,88.7,1,fridge,32.9,71.8,7.9,38.7,0.73,697.1,127.3,2,4.12,High
V122,B23372,Idly_Batter,4.489,22.4,1,counter,34.3,64.1,4.2,21.8,0.25,94.1,193.6,1,3.94,Medium
V123,B23373,Combo_Pack,4.501,28.7,1,fridge,32.6,60.1,4.7,23.0,0.74,134.5,187.3,2,4.28,Medium
V124,B23374,Idly_Batter,4.468,36.5,1,backroom,33.0,78.1,4.7,29.7,0.54,170.7,179.5,10,4.05,High
V100,B23375,Dosa_Batter,4.499,62.7,1,fridge,32.0,81.8,3.1,60.2,0.38,196.0,153.3,2,3.95,High
V101,B23376,Idly_Batter,4.489,43.1,0,counter,27.6,58.5,-1.0,18.5,0.22,1190.5,4.9,2,4.29,High
V102,B23377,Idly_Batter,4.473,70.0,1,backroom,28.7,57.0,7.5,32.2,0.84,526.0,146.0,2,4.45,High
V103,B23378,Idly_Batter,4.493,46.4,1,counter,27.9,74.7,6.0,43.4,0.43,278.2,169.6,1,3.71,High
V104,B23379,Dosa_Batter,4.493,42.9,1,counter,34.5,78.4,7.8,36.2,0.7,334.1,173.1,1,4.1,High
V105,B23380,Idly_Batter,4.443,40.6,1,fridge,27.8,53.3,3.3,11.7,0.63,135.5,175.4,1,4.16,Medium
V106,B23381,Dosa_Batter,4.484,75.9,1,counter,31.3,69.1,5.0,32.6,0.48,380.1,140.1,1,4.36,High
V107,B23382,Idly_Batter,4.418,54.0,1,counter,30.0,74.7,6.6,19.3,0.38,356.3,162.0,5,3.92,High
V108,B23383,Dosa_Batter,4.461,46.6,1,fridge,34.4,76.4,4.0,31.9,0.83,186.1,169.4,2,4.03,High
V109,B23384,Idly_Batter,4.439,28.4,1,backroom,31.5,86.4,5.3,25.9,0.86,151.0,187.6,2,3.92,High
V110,B23385,Idly_Batter,4.5,67.9,1,counter,34.3,71.0,5.0,50.2,0.45,342.0,148.1,1,4.38,High
V111,B23386,Idly_Batter,4.469,24.0,1,fridge,27.4,64.9,8.1,5.9,0.35,194.4,192.0,2,3.82,High
V112,B23387,Dosa_Batter,4.448,32.1,0,backroom,33.8,78.6,-1.0,2.4,0.09,1086.5,15.9,5,3.49,High
V113,B23388,Combo_Pack,4.466,44.6,1,counter,30.7,69.4,5.6,10.0,0.79,248.2,171.4,5,4.73,High
V114,B23389,Dosa_Batter,4.475,38.7,1,counter,31.5,83.7,7.0,12.6,0.25,269.4,177.3,5,3.99,High
V115,B23390,Combo_Pack,4.422,12.4,1,counter,27.0,71.5,5.5,0.2,0.55,68.3,203.6,5,4.22,Medium
V116,B23391,Idly_Batter,4.509,70.6,1,fridge,31.2,75.4,5.8,61.0,0.68,411.6,145.4,5,4.75,High
V117,B23392,Combo_Pack,4.411,21.5,0,backroom,32.1,51.2,-1.0,14.4,0.65,689.6,26.5,5,5.0,High
V118,B23393,Idly_Batter,4.474,76.2,0,counter,30.5,65.7,-1.0,2.8,0.61,2323.6,0.0,5,3.26,High
V119,B23394,Combo_Pack,4.462,78.9,1,counter,31.2,67.9,4.4,7.3,0.73,350.5,137.1,5,4.42,High
V120,B23395,Combo_Pack,4.41,34.5,1,backroom,27.2,68.2,5.4,11.7,0.14,186.0,181.5,1,3.87,High
V121,B23396,Dosa_Batter,4.448,34.3,0,backroom,31.1,52.6,-1.0,17.3,0.37,1068.3,13.7,10,4.44,High
V122,B23397,Combo_Pack,4.481,50.4,1,counter,25.1,67.6,4.1,7.2,0.13,206.2,165.6,10,4.61,High
V123,B23398,Combo_Pack,4.479,70.9,1,fridge,33.3,73.9,5.2,40.0,0.58,365.0,145.1,2,4.19,High
V124,B23399,Combo_Pack,4.444,66.3,1,counter,28.8,79.8,8.2,26.2,0.63,544.4,149.7,10,4.31,High
V100,B23400,Idly_Batter,4.479,37.4,1,counter,35.4,76.5,5.9,3.1,0.8,220.6,178.6,1,3.75,High
V101,B23401,Dosa_Batter,4.445,66.3,0,counter,27.8,82.6,-1.0,17.7,0.8,1841.9,0.0,1,4.89,High
V102,B23402,Dosa_Batter,4.469,18.4,1,backroom,26.3,78.5,5.0,7.3,0.81,92.5,197.6,10,3.45,Medium
V103,B23403,Combo_Pack,4.491,59.1,1,counter,37.8,71.0,3.3,42.9,0.25,196.4,156.9,2,4.61,High
V104,B23404,Dosa_Batter,4.448,70.7,1,backroom,30.2,58.5,7.9,68.2,0.42,555.7,145.3,5,4.5,High
V105,B23405,Dosa_Batter,4.478,40.0,0,backroom,32.5,70.3,-1.0,23.4,0.53,1301.6,8.0,5,4.43,High
V106,B23406,Combo_Pack,4.497,30.4,0,backroom,31.4,66.1,-1.0,5.7,0.76,954.9,17.6,2,3.96,High
V107,B23407,Combo_Pack,4.451,92.5,1,counter,35.9,86.5,5.3,48.9,0.3,494.0,123.5,2,3.66,High
V108,B23408,Dosa_Batter,4.493,37.3,1,fridge,35.0,60.0,2.4,17.4,0.17,90.1,178.7,5,3.69,Medium
V109,B23409,Dosa_Batter,4.465,53.5,1,fridge,31.9,76.7,7.1,16.2,0.25,380.5,162.5,10,3.95,High
V110,B23410,Combo_Pack,4.472,17.2,0,backroom,31.3,72.0,-1.0,3.2,0.42,539.0,30.8,2,3.62,High
V111,B23411,Dosa_Batter,4.418,38.3,0,backroom,33.4,68.3,-1.0,7.3,0.68,1279.0,9.7,2,3.73,High
V112,B23412,Dosa_Batter,4.415,21.3,0,counter,32.0,71.3,-1.0,4.3,0.23,680.6,26.7,1,5.0,High
V113,B23413,Dosa_Batter,4.467,87.6,0,counter,28.8,40.0,-1.0,47.5,0.38,2522.3,0.0,10,3.72,High
V114,B23414,Dosa_Batter,4.443,35.8,0,counter,28.1,71.9,-1.0,25.0,0.28,1006.2,12.2,2,4.2,High
V115,B23415,Dosa_Batter,4.447,64.2,1,fridge,31.5,75.3,4.4,23.7,0.36,283.4,151.8,2,4.24,High
V116,B23416,Combo_Pack,4.469,28.1,0,counter,30.3,76.0,-1.0,22.7,0.36,851.6,19.9,10,3.95,High
V117,B23417,Idly_Batter,4.441,54.9,0,counter,30.6,69.8,-1.0,15.8,0.53,1680.4,0.0,10,3.63,High
V118,B23418,Idly_Batter,4.458,1.9,0,counter,33.8,79.7,-1.0,1.6,0.9,63.9,46.1,5,4.71,Medium
V119,B23419,Idly_Batter,4.471,38.0,0,backroom,31.3,69.6,-1.0,20.3,0.74,1189.3,10.0,1,4.43,High
V120,B23420,Idly_Batter,4.447,70.9,0,counter,28.1,73.4,-1.0,42.9,0.28,1993.6,0.0,5,4.64,High
V121,B23421,Combo_Pack,4.455,86.8,0,backroom,32.4,59.9,-1.0,78.3,0.27,2812.4,0.0,10,4.92,High
V122,B23422,Combo_Pack,4.436,77.9,0,backroom,31.7,64.6,-1.0,23.6,0.83,2467.5,0.0,2,4.37,High
V123,B23423,Dosa_Batter,4.429,82.8,1,backroom,30.5,65.5,4.5,67.6,0.22,372.7,133.2,5,3.95,High
V124,B23424,Idly_Batter,4.443,90.6,0,backroom,31.0,58.7,-1.0,27.0,0.46,2803.8,0.0,10,4.55,High
V100,B23425,Dosa_Batter,4.459,71.3,0,backroom,32.2,77.2,-1.0,4.1,0.75,2298.3,0.0,1,4.06,High
V101,B23426,Idly_Batter,4.479,42.0,1,fridge,28.4,74.6,4.2,27.1,0.7,177.7,174.0,2,4.11,High
V102,B23427,Idly_Batter,4.46,54.0,1,counter,37.8,65.0,8.7,2.6,0.68,468.9,162.0,2,4.29,High
V103,B23428,Idly_Batter,4.492,93.6,1,fridge,31.3,70.7,6.6,2.3,0.52,622.0,122.4,2,4.16,High
V104,B23429,Combo_Pack,4.458,87.9,0,backroom,29.9,57.0,-1.0,35.8,0.38,2627.7,0.0,1,4.03,High
V105,B23430,Idly_Batter,4.478,19.6,1,backroom,27.9,59.8,5.5,7.3,0.57,107.3,196.4,10,4.14,Medium
V106,B23431,Combo_Pack,4.484,1.0,1,backroom,28.4,53.2,6.6,0.5,0.88,6.6,215.0,5,3.88,Low
V107,B23432,Idly_Batter,4.482,26.9,0,backroom,27.0,70.3,-1.0,4.7,0.54,725.6,21.1,5,3.89,High
V108,B23433,Combo_Pack,4.46,11.8,0,counter,32.9,83.8,-1.0,9.4,0.66,387.4,36.2,2,4.46,High
V109,B23434,Dosa_Batter,4.475,27.7,0,backroom,31.1,62.2,-1.0,7.3,0.38,863.2,20.3,5,4.3,High
V110,B23435,Combo_Pack,4.435,24.5,1,fridge,28.7,67.5,3.5,13.0,0.21,86.6,191.5,5,3.97,Medium
V111,B23436,Dosa_Batter,4.409,34.8,1,fridge,31.5,62.5,6.4,17.0,0.83,221.6,181.2,5,4.22,High
V112,B23437,Dosa_Batter,4.389,16.1,0,backroom,26.6,72.3,-1.0,8.7,0.63,428.3,31.9,5,4.63,High
V113,B23438,Idly_Batter,4.444,54.5,1,counter,26.5,82.7,4.3,44.9,0.79,235.6,161.5,2,4.46,High
V114,B23439,Combo_Pack,4.456,66.0,1,backroom,29.2,72.4,4.3,37.0,0.15,283.0,150.0,1,3.39,High
V115,B23440,Dosa_Batter,4.487,39.7,0,backroom,31.8,76.0,-1.0,35.2,0.34,1264.1,8.3,5,4.78,High
V116,B23441,Combo_Pack,4.433,57.3,1,counter,30.6,67.4,5.4,34.2,0.51,308.8,158.7,5,3.71,High
V117,B23442,Idly_Batter,4.483,80.9,1,fridge,31.8,61.6,6.4,37.8,0.09,518.0,135.1,2,4.3,High
V118,B23443,Dosa_Batter,4.402,0.1,1,counter,37.2,64.9,5.9,0.0,0.62,0.6,215.9,5,4.83,Low
V119,B23444,Combo_Pack,4.43,67.1,0,counter,33.3,53.3,-1.0,27.9,0.47,2231.8,0.0,10,3.75,High
V120,B23445,Dosa_Batter,4.483,4.7,0,counter,30.7,74.9,-1.0,1.8,0.49,144.8,43.3,2,4.41,High
V121,B23446,Idly_Batter,4.458,86.5,0,counter,27.1,55.0,-1.0,79.4,0.68,2343.2,0.0,5,3.98,High
V122,B23447,Combo_Pack,4.455,18.4,0,backroom,30.7,65.5,-1.0,10.2,0.95,564.9,29.6,5,4.28,High
V123,B23448,Combo_Pack,4.484,44.8,1,fridge,31.2,47.5,4.2,21.7,0.5,189.1,171.2,10,4.61,High
V124,B23449,Idly_Batter,4.467,14.1,1,fridge,33.5,59.9,4.5,5.6,0.8,63.7,201.9,2,5.0,Low
V100,B23450,Dosa_Batter,4.438,45.2,1,counter,32.2,79.1,7.4,30.2,0.56,334.1,170.8,10,3.69,High
V101,B23451,Dosa_Batter,4.468,39.9,0,backroom,27.6,80.0,-1.0,30.7,0.8,1101.1,8.1,5,4.13,High
V102,B23452,Combo_Pack,4.43,54.9,1,backroom,26.3,58.8,2.9,6.4,0.51,156.6,161.1,2,4.33,High
V103,B23453,Dosa_Batter,4.483,26.2,0,counter,33.5,69.5,-1.0,0.5,0.19,875.8,21.8,2,4.39,High
V104,B23454,Idly_Batter,4.44,65.9,0,backroom,27.9,59.0,-1.0,36.4,0.4,1839.9,0.0,5,4.72,High
V105,B23455,Idly_Batter,4.453,68.1,0,counter,27.0,62.7,-1.0,38.5,0.17,1839.0,0.0,1,4.24,High
V106,B23456,Dosa_Batter,4.477,58.6,0,counter,28.5,65.2,-1.0,37.2,0.38,1670.2,0.0,1,3.83,High
V107,B23457,Idly_Batter,4.442,29.7,1,counter,32.2,82.8,4.0,6.7,0.68,118.7,186.3,10,4.77,Medium
V108,B23458,Dosa_Batter,4.429,57.1,0,counter,30.7,83.8,-1.0,17.4,0.33,1754.3,0.0,10,4.43,High
V109,B23459,Idly_Batter,4.454,81.6,1,fridge,30.0,78.9,4.9,28.9,0.24,399.0,134.4,10,4.63,High
V110,B23460,Idly_Batter,4.422,5.5,1,counter,30.8,75.5,5.9,2.1,0.52,32.4,210.5,5,4.61,Low
V111,B23461,Idly_Batter,4.427,84.7,1,fridge,25.8,60.1,5.2,1.0,0.51,439.8,131.3,5,3.92,High
V112,B23462,Dosa_Batter,4.475,41.7,0,backroom,35.0,71.0,-1.0,15.2,0.04,1458.2,6.3,10,4.05,High
V113,B23463,Combo_Pack,4.474,51.4,1,counter,28.3,74.9,4.1,13.7,0.6,211.2,164.6,5,4.07,High
V114,B23464,Combo_Pack,4.48,72.3,1,fridge,27.8,68.9,5.8,33.0,0.79,418.5,143.7,10,4.04,High
V115,B23465,Dosa_Batter,4.458,68.4,0,backroom,29.7,75.3,-1.0,45.4,0.78,2030.1,0.0,2,4.14,High
V116,B23466,Combo_Pack,4.479,1.4,1,fridge,31.5,70.0,5.0,0.5,0.13,6.8,214.6,5,4.86,Low
V117,B23467,Idly_Batter,4.458,60.3,0,backroom,32.6,72.3,-1.0,26.8,0.33,1965.9,0.0,1,4.16,High
V118,B23468,Idly_Batter,4.514,16.2,0,counter,29.3,61.0,-1.0,8.3,0.47,474.5,31.8,5,4.11,High
V119,B23469,Idly_Batter,4.452,2.9,1,fridge,34.3,55.2,6.3,1.2,0.55,18.1,213.1,1,3.92,Low
V120,B23470,Combo_Pack,4.468,18.1,1,backroom,33.0,66.4,6.7,0.3,0.74,121.1,197.9,10,3.82,Medium
V121,B23471,Idly_Batter,4.457,62.8,1,fridge,31.8,78.3,2.2,8.8,0.35,139.9,153.2,5,4.34,Medium
V122,B23472,Dosa_Batter,4.488,63.6,0,counter,34.0,95.0,-1.0,51.2,0.08,2162.4,0.0,1,4.43,High
V123,B23473,Combo_Pack,4.503,42.2,1,counter,29.6,62.5,3.2,38.5,0.68,135.3,173.8,10,4.3,Medium
V124,B23474,Dosa_Batter,4.499,66.9,0,counter,36.6,74.2,-1.0,49.7,0.76,2451.9,0.0,5,5.0,High
V100,B23475,Dosa_Batter,4.484,68.7,1,counter,30.6,77.9,4.8,49.0,0.49,327.3,147.3,1,4.61,High
V101,B23476,Dosa_Batter,4.506,46.6,1,counter,32.4,46.9,5.6,0.6,0.69,260.8,169.4,5,3.95,High
V102,B23477,Dosa_Batter,4.461,66.9,1,fridge,34.5,77.0,4.6,32.5,0.34,308.4,149.1,10,3.8,High
V103,B23478,Dosa_Batter,4.429,66.5,1,fridge,31.5,65.1,4.1,34.8,0.02,272.9,149.5,1,3.5,High
V104,B23479,Dosa_Batter,4.464,10.5,0,counter,30.2,79.6,-1.0,6.5,0.63,316.3,37.5,10,3.6,High
V105,B23480,Combo_Pack,4.427,69.5,1,counter,25.8,58.5,2.8,19.7,0.79,196.2,146.5,1,4.14,High
V106,B23481,Combo_Pack,4.45,68.0,0,counter,35.5,71.7,-1.0,48.2,0.52,2415.7,0.0,2,4.05,High
V107,B23482,Combo_Pack,4.413,10.6,0,backroom,34.8,67.4,-1.0,9.0,0.3,369.5,37.4,5,4.91,High
V108,B23483,Combo_Pack,4.484,21.6,0,backroom,28.3,79.4,-1.0,7.4,0.48,610.3,26.4,2,3.39,High
V109,B23484,Dosa_Batter,4.51,57.3,0,counter,31.0,63.9,-1.0,55.5,0.57,1774.9,0.0,2,4.21,High
V110,B23485,Idly_Batter,4.455,30.2,1,counter,29.6,54.9,5.6,8.4,0.46,170.7,185.8,1,4.81,High
V111,B23486,Dosa_Batter,4.444,19.8,1,backroom,29.2,72.7,4.8,19.1,0.77,94.9,196.2,10,3.98,Medium
V112,B23487,Combo_Pack,4.403,55.7,1,fridge,33.1,80.4,7.8,12.3,0.67,434.9,160.3,5,4.01,High
V113,B23488,Combo_Pack,4.469,68.9,1,counter,33.6,67.5,5.8,58.1,0.62,402.6,147.1,1,4.23,High
V114,B23489,Combo_Pack,4.465,19.4,0,counter,30.2,64.7,-1.0,4.1,0.18,585.1,28.6,10,4.55,High
V115,B23490,Dosa_Batter,4.461,21.7,1,fridge,34.1,60.3,4.5,5.0,0.6,97.6,194.3,10,4.44,Medium
V116,B23491,Dosa_Batter,4.481,59.6,0,backroom,29.6,69.9,-1.0,56.4,0.26,1765.7,0.0,5,4.38,High
V117,B23492,Idly_Batter,4.447,53.9,1,fridge,29.1,75.7,4.2,28.1,0.52,228.8,162.1,5,4.5,High
V118,B23493,Combo_Pack,4.446,6.0,1,fridge,29.2,86.4,7.4,2.3,0.27,44.2,210.0,2,4.82,Low
V119,B23494,Combo_Pack,4.499,35.7,0,backroom,36.8,59.2,-1.0,28.3,0.55,1313.8,12.3,1,4.52,High
V120,B23495,Idly_Batter,4.47,42.2,1,fridge,33.9,88.6,6.9,38.0,0.66,289.8,173.8,5,3.94,High
V121,B23496,Dosa_Batter,4.475,1.8,0,backroom,34.6,57.8,-1.0,1.2,0.66,63.3,46.2,1,3.68,Medium
V122,B23497,Idly_Batter,4.464,54.3,0,counter,30.5,89.5,-1.0,25.1,0.23,1657.2,0.0,2,4.25,High
V123,B23498,Dosa_Batter,4.467,37.4,1,backroom,31.8,74.6,5.0,28.2,0.1,187.5,178.6,5,4.74,High
V124,B23499,Dosa_Batter,4.467,33.0,0,counter,26.0,51.2,-1.0,4.9,0.47,857.3,15.0,2,4.04,High
V100,B23500,Combo_Pack,4.446,20.4,1,fridge,32.8,77.3,4.5,14.0,0.7,92.5,195.6,10,4.32,Medium
V101,B23501,Idly_Batter,4.495,79.4,0,counter,30.8,64.4,-1.0,65.3,0.52,2443.4,0.0,10,4.1,High
V102,B23502,Idly_Batter,4.433,28.2,0,backroom,28.5,62.7,-1.0,27.9,0.88,802.1,19.8,1,3.41,High
V103,B23503,Dosa_Batter,4.452,73.1,1,fridge,27.8,67.9,5.8,44.2,0.5,424.4,142.9,1,4.54,High
V104,B23504,Dosa_Batter,4.407,64.2,0,counter,25.6,68.6,-1.0,63.4,0.38,1645.1,0.0,1,3.63,High
V105,B23505,Idly_Batter,4.422,8.9,0,backroom,31.9,64.1,-1.0,7.6,0.34,282.8,39.1,1,3.77,High
V106,B23506,Combo_Pack,4.431,69.1,0,backroom,27.8,84.7,-1.0,24.2,0.38,1918.9,0.0,1,4.75,High
V107,B23507,Combo_Pack,4.473,2.7,1,counter,29.1,63.7,4.1,0.9,0.45,11.1,213.3,1,4.58,Low
V108,B23508,Idly_Batter,4.441,6.5,0,backroom,31.0,60.6,-1.0,4.1,0.38,201.8,41.5,2,3.8,High
V109,B23509,Idly_Batter,4.448,49.4,1,backroom,31.0,67.6,3.6,6.4,0.78,175.5,166.6,5,4.93,High
V110,B23510,Idly_Batter,4.48,59.4,1,fridge,31.2,58.3,3.5,23.0,0.91,208.5,156.6,5,4.57,High
V111,B23511,Idly_Batter,4.439,74.0,1,counter,31.4,66.9,8.0,29.4,0.21,591.7,142.0,1,3.9,High
V112,B23512,Combo_Pack,4.441,91.3,1,fridge,27.1,69.9,4.3,10.1,0.38,388.8,124.7,5,3.93,High
V113,B23513,Idly_Batter,4.478,55.4,0,counter,32.7,81.3,-1.0,42.1,0.83,1810.1,0.0,5,4.13,High
V114,B23514,Dosa_Batter,4.452,9.4,0,backroom,30.8,78.7,-1.0,4.4,0.28,290.0,38.6,10,4.21,High
V115,B23515,Dosa_Batter,4.458,11.6,1,backroom,28.9,53.8,4.8,1.3,0.79,56.0,204.4,2,4.12,Low
V116,B23516,Combo_Pack,4.463,94.6,0,counter,26.7,80.1,-1.0,66.2,0.63,2525.1,0.0,2,4.06,High
V117,B23517,Idly_Batter,4.478,88.3,0,counter,25.9,45.3,-1.0,65.8,0.02,2287.3,0.0,10,4.11,High
V118,B23518,Dosa_Batter,4.47,88.9,0,backroom,28.9,63.3,-1.0,51.7,0.57,2573.5,0.0,1,4.28,High
V119,B23519,Dosa_Batter,4.463,62.6,0,counter,28.7,68.5,-1.0,17.1,0.05,1797.1,0.0,5,4.75,High
V120,B23520,Idly_Batter,4.471,88.2,1,fridge,31.6,60.5,3.9,73.6,0.72,348.5,127.8,10,4.07,High
V121,B23521,Idly_Batter,4.518,17.5,1,counter,32.6,69.3,3.9,13.9,0.64,68.4,198.5,2,5.0,Low
V122,B23522,Combo_Pack,4.44,41.9,0,counter,29.5,71.5,-1.0,41.1,0.52,1235.2,6.1,2,3.88,High
V123,B23523,Idly_Batter,4.507,88.3,1,backroom,33.0,57.7,7.3,86.0,0.42,645.6,127.7,5,3.9,High
V124,B23524,Combo_Pack,4.4,15.0,1,counter,27.2,76.8,7.9,13.3,0.92,119.5,201.0,5,4.26,Medium
V100,B23525,Combo_Pack,4.534,44.8,1,backroom,32.5,73.8,8.5,18.9,0.69,379.2,171.2,10,4.32,High
V101,B23526,Dosa_Batter,4.446,93.3,0,counter,32.6,50.0,-1.0,2.2,0.18,3036.4,0.0,10,4.22,High
V102,B23527,Dosa_Batter,4.415,59.9,1,fridge,30.4,80.7,5.4,53.4,0.16,323.9,156.1,10,3.96,High
V103,B23528,Idly_Batter,4.448,41.4,0,backroom,30.1,79.7,-1.0,38.4,0.57,1245.0,6.6,10,4.0,High
V104,B23529,Dosa_Batter,4.422,85.5,0,backroom,28.6,81.1,-1.0,31.4,0.31,2446.0,0.0,10,4.16,High
V105,B23530,Combo_Pack,4.47,7.8,1,fridge,32.1,91.3,6.3,0.1,0.23,48.7,208.2,5,4.48,Low
V106,B23531,Combo_Pack,4.408,27.8,0,backroom,32.2,59.0,-1.0,3.6,0.39,895.1,20.2,1,4.49,High
V107,B23532,Idly_Batter,4.498,91.1,1,fridge,31.3,70.9,4.5,5.2,0.43,414.1,124.9,5,4.44,High
V108,B23533,Combo_Pack,4.449,90.1,1,counter,32.9,68.1,7.8,72.3,0.56,703.3,125.9,2,3.8,High
V109,B23534,Dosa_Batter,4.477,71.5,0,backroom,28.4,81.4,-1.0,63.7,0.34,2031.8,0.0,2,3.82,High
V110,B23535,Dosa_Batter,4.482,33.9,1,counter,33.0,85.2,5.7,15.7,0.31,194.4,182.1,2,4.51,High
V111,B23536,Idly_Batter,4.488,44.0,1,counter,30.1,81.1,4.1,26.1,0.43,178.6,172.0,2,4.0,High
V112,B23537,Combo_Pack,4.46,15.1,1,backroom,31.6,95.0,3.9,9.8,0.7,59.1,200.9,5,4.27,Low
V113,B23538,Dosa_Batter,4.422,63.9,1,counter,31.4,73.0,4.7,36.9,0.55,302.0,152.1,10,3.45,High
V114,B23539,Idly_Batter,4.438,33.2,0,counter,30.7,76.1,-1.0,29.0,0.48,1019.1,14.8,5,3.88,High
V115,B23540,Combo_Pack,4.482,7.7,1,backroom,35.5,68.7,3.2,0.5,0.02,24.1,208.3,10,3.99,Low
V116,B23541,Idly_Batter,4.439,13.8,1,backroom,30.9,68.8,4.9,13.5,0.82,68.3,202.2,10,4.15,Low
V117,B23542,Idly_Batter,4.439,65.7,1,fridge,30.0,68.2,4.0,47.2,0.84,266.0,150.3,2,3.89,High
V118,B23543,Combo_Pack,4.464,61.8,1,backroom,31.6,60.7,5.5,54.4,0.4,342.5,154.2,1,4.21,High
V119,B23544,Idly_Batter,4.493,5.2,0,backroom,31.1,80.3,-1.0,2.1,0.31,163.0,42.8,5,4.52,High
V120,B23545,Idly_Batter,4.452,27.6,0,backroom,28.1,74.3,-1.0,6.4,0.59,774.2,20.4,1,4.36,High
V121,B23546,Combo_Pack,4.475,36.6,1,fridge,30.5,95.0,6.2,20.6,0.14,227.4,179.4,5,3.98,High
V122,B23547,Combo_Pack,4.495,1.1,0,backroom,28.3,69.9,-1.0,0.5,0.69,32.3,46.9,10,4.54,Low
V123,B23548,Dosa_Batter,4.514,35.9,0,backroom,37.5,65.6,-1.0,24.9,0.58,1342.7,12.1,2,4.22,High
V124,B23549,Combo_Pack,4.48,95.3,1,backroom,29.2,61.3,6.9,69.5,0.81,661.7,120.7,10,3.87,High
V100,B23550,Idly_Batter,4.42,16.7,0,backroom,27.5,66.0,-1.0,7.1,0.29,460.2,31.3,2,3.35,High
V101,B23551,Idly_Batter,4.442,4.6,1,counter,27.2,69.1,6.1,2.0,0.27,28.3,211.4,2,3.32,Low
V102,B23552,Idly_Batter,4.424,10.7,0,backroom,31.2,74.5,-1.0,10.0,0.44,334.9,37.3,2,3.8,High
V103,B23553,Idly_Batter,4.461,80.2,1,backroom,31.5,81.4,6.8,79.0,0.82,541.4,135.8,5,4.44,High
V104,B23554,Combo_Pack,4.504,95.8,0,counter,29.4,75.0,-1.0,57.7,0.6,2820.5,0.0,10,4.75,High
V105,B23555,Combo_Pack,4.495,45.6,1,counter,27.7,72.5,3.2,12.7,0.03,146.9,170.4,5,3.56,Medium
V106,B23556,Idly_Batter,4.469,78.7,1,backroom,31.2,55.1,5.6,27.6,0.55,443.6,137.3,1,3.93,High
V107,B23557,Idly_Batter,4.416,24.0,0,counter,29.8,63.8,-1.0,7.3,0.9,717.2,24.0,10,4.4,High
V108,B23558,Combo_Pack,4.459,60.8,1,fridge,29.1,72.0,5.8,12.7,0.68,351.8,155.2,2,4.37,High
V109,B23559,Dosa_Batter,4.451,89.8,0,counter,32.9,84.1,-1.0,37.2,0.16,2951.9,0.0,5,3.69,High
V110,B23560,Dosa_Batter,4.461,62.7,0,backroom,35.6,70.9,-1.0,43.3,0.38,2228.8,0.0,5,4.02,High
V111,B23561,Idly_Batter,4.461,54.0,1,backroom,27.0,76.2,3.3,32.3,0.72,177.7,162.0,1,4.31,High
V112,B23562,Dosa_Batter,4.462,89.8,0,backroom,30.1,66.7,-1.0,73.5,0.41,2703.1,0.0,2,3.99,High
V113,B23563,Combo_Pack,4.469,51.9,1,backroom,34.5,68.3,5.0,48.8,0.73,260.6,164.1,10,4.82,High
V114,B23564,Dosa_Batter,4.518,0.3,1,backroom,30.8,77.3,4.4,0.1,0.53,1.2,215.7,2,4.09,Low
V115,B23565,Idly_Batter,4.426,4.0,1,counter,29.4,71.3,3.4,0.3,0.14,13.7,212.0,5,4.46,Low
V116,B23566,Dosa_Batter,4.45,30.3,0,counter,36.8,74.8,-1.0,14.0,0.77,1114.5,17.7,10,3.87,High
V117,B23567,Idly_Batter,4.429,86.9,0,counter,26.5,66.7,-1.0,28.7,0.61,2299.9,0.0,10,3.82,High
V118,B23568,Dosa_Batter,4.449,36.4,1,fridge,29.9,72.4,5.3,27.7,0.14,194.7,179.6,5,4.53,High
V119,B23569,Dosa_Batter,4.418,30.8,1,counter,31.8,59.6,4.8,10.4,0.26,148.3,185.2,1,4.72,High
V120,B23570,Dosa_Batter,4.48,24.1,1,counter,32.3,65.2,4.2,19.4,0.25,102.3,191.9,2,4.86,Medium
V121,B23571,Dosa_Batter,4.459,42.9,1,counter,36.7,74.0,4.9,14.2,0.67,210.9,173.1,10,3.83,High
V122,B23572,Dosa_Batter,4.484,14.3,1,backroom,25.2,63.8,7.2,13.1,0.77,103.1,201.7,10,3.5,Medium
V123,B23573,Idly_Batter,4.46,39.3,0,counter,30.4,50.1,-1.0,25.3,0.56,1192.4,8.7,2,4.73,High
V124,B23574,Dosa_Batter,4.459,72.1,1,fridge,32.4,66.7,4.7,46.7,0.54,335.6,143.9,1,3.74,High
V100,B23575,Dosa_Batter,4.486,6.7,0,counter,31.7,73.9,-1.0,3.4,0.9,211.7,41.3,2,4.93,High
V101,B23576,Combo_Pack,4.442,49.0,1,counter,32.6,82.6,2.4,46.1,0.89,116.9,167.0,5,5.0,Medium
V102,B23577,Dosa_Batter,4.506,22.4,1,fridge,25.4,71.1,5.0,3.9,0.58,112.3,193.6,2,4.89,Medium
V103,B23578,Combo_Pack,4.47,12.5,1,counter,24.3,87.9,6.3,4.9,0.46,79.1,203.5,2,4.19,Medium
V104,B23579,Dosa_Batter,4.423,41.1,1,counter,30.5,59.5,5.2,28.3,0.71,213.7,174.9,2,3.7,High
V105,B23580,Dosa_Batter,4.485,5.5,0,counter,28.1,67.7,-1.0,4.4,0.66,155.9,42.5,10,4.97,High
V106,B23581,Idly_Batter,4.46,4.3,0,counter,28.9,59.0,-1.0,0.0,0.92,123.5,43.7,2,4.04,Medium
V107,B23582,Idly_Batter,4.416,62.6,1,counter,24.9,73.5,6.4,49.4,0.21,397.7,153.4,2,4.38,High
V108,B23583,Combo_Pack,4.462,42.6,0,counter,34.2,66.6,-1.0,34.2,0.23,1455.8,5.4,5,4.69,High
V109,B23584,Dosa_Batter,4.483,33.8,0,counter,24.4,66.1,-1.0,26.1,0.46,826.0,14.2,10,3.94,High
V110,B23585,Combo_Pack,4.437,32.6,0,counter,32.9,74.2,-1.0,0.4,0.37,1070.7,15.4,10,4.3,High
V111,B23586,Dosa_Batter,4.45,89.6,0,counter,26.2,62.6,-1.0,13.5,0.31,2348.8,0.0,5,4.03,High
V112,B23587,Combo_Pack,4.456,50.6,1,fridge,28.9,68.4,4.7,7.1,0.11,237.0,165.4,10,4.55,High
V113,B23588,Dosa_Batter,4.461,79.5,0,backroom,28.0,58.5,-1.0,53.4,0.24,2230.3,0.0,2,3.79,High
V114,B23589,Combo_Pack,4.442,25.2,1,counter,32.5,55.9,3.5,18.5,0.8,87.2,190.8,2,4.19,Medium
V115,B23590,Combo_Pack,4.449,13.9,1,backroom,31.5,72.2,6.7,2.1,0.5,93.1,202.1,2,4.78,Medium
V116,B23591,Dosa_Batter,4.459,18.4,1,counter,28.0,60.8,4.4,3.5,0.77,80.7,197.6,2,4.63,Medium
V117,B23592,Combo_Pack,4.443,87.9,1,fridge,26.7,69.6,5.7,87.9,0.79,503.5,128.1,10,4.61,High
V118,B23593,Idly_Batter,4.485,33.2,1,counter,30.7,66.5,7.4,21.8,0.34,246.8,182.8,10,4.9,High
V119,B23594,Combo_Pack,4.473,48.8,0,counter,30.6,62.5,-1.0,47.5,0.8,1495.6,0.0,2,3.99,High
V120,B23595,Idly_Batter,4.465,42.9,0,counter,34.7,67.7,-1.0,35.8,0.38,1488.4,5.1,1,4.11,High
V121,B23596,Idly_Batter,4.431,74.7,0,counter,27.5,64.8,-1.0,57.5,0.27,2052.4,0.0,2,3.43,High
V122,B23597,Combo_Pack,4.472,19.9,0,counter,31.0,72.4,-1.0,2.7,0.54,617.8,28.1,2,4.67,High
V123,B23598,Idly_Batter,4.465,46.3,1,fridge,28.8,70.3,4.8,21.7,0.49,221.2,169.7,2,4.92,High
V124,B23599,Combo_Pack,4.408,1.9,0,counter,30.5,73.3,-1.0,0.5,0.58,57.2,46.1,10,3.69,Medium
V100,B23600,Idly_Batter,4.403,59.3,1,backroom,31.7,76.0,4.6,16.3,0.74,272.3,156.7,1,3.59,High
V101,B23601,Idly_Batter,4.47,85.2,1,backroom,39.1,93.7,4.5,44.1,0.42,381.1,130.8,10,3.84,High
V102,B23602,Combo_Pack,4.446,6.1,0,counter,33.3,69.4,-1.0,3.4,0.36,203.8,41.9,10,4.23,High
V103,B23603,Dosa_Batter,4.469,70.9,0,counter,34.1,78.1,-1.0,69.7,0.75,2418.3,0.0,1,3.7,High
V104,B23604,Idly_Batter,4.436,20.5,1,counter,29.2,84.6,5.8,15.4,0.38,118.2,195.5,1,4.32,Medium
V105,B23605,Idly_Batter,4.492,17.5,1,counter,31.1,66.2,5.9,9.7,0.89,103.6,198.5,10,4.81,Medium
V106,B23606,Idly_Batter,4.489,0.6,1,counter,30.8,69.0,4.4,0.3,0.27,2.4,215.4,10,4.47,Low
V107,B23607,Dosa_Batter,4.436,57.4,0,counter,24.8,75.9,-1.0,16.5,0.37,1421.0,0.0,1,3.58,High
V108,B23608,Dosa_Batter,4.459,49.4,0,counter,33.6,78.2,-1.0,23.7,0.22,1657.8,0.0,2,4.23,High
V109,B23609,Combo_Pack,4.485,25.7,0,backroom,37.4,60.6,-1.0,22.0,0.42,960.4,22.3,1,4.64,High
V110,B23610,Dosa_Batter,4.469,91.7,1,fridge,28.4,83.1,4.0,19.4,0.82,362.7,124.3,5,5.0,High
V111,B23611,Idly_Batter,4.461,54.1,1,counter,31.1,73.5,5.9,46.2,0.4,317.4,161.9,2,4.47,High
V112,B23612,Dosa_Batter,4.495,68.5,1,backroom,34.0,68.4,2.8,47.4,0.3,191.8,147.5,5,4.08,High
V113,B23613,Idly_Batter,4.445,41.4,1,fridge,27.2,75.5,3.5,28.8,0.26,146.3,174.6,5,4.42,Medium
V114,B23614,Combo_Pack,4.476,78.5,0,counter,30.4,74.6,-1.0,32.9,0.73,2385.4,0.0,2,4.31,High
V115,B23615,Dosa_Batter,4.391,78.0,0,backroom,32.4,73.1,-1.0,5.4,0.83,2528.3,0.0,2,4.46,High
V116,B23616,Dosa_Batter,4.475,33.7,0,counter,31.8,80.4,-1.0,28.4,0.15,1071.8,14.3,5,3.61,High
V117,B23617,Combo_Pack,4.393,78.1,1,backroom,31.4,60.4,7.1,5.3,0.74,555.3,137.9,2,3.59,High
V118,B23618,Combo_Pack,4.43,55.1,0,backroom,30.2,67.5,-1.0,3.1,0.44,1667.3,0.0,10,3.72,High
V119,B23619,Dosa_Batter,4.439,82.6,0,counter,33.7,65.4,-1.0,15.7,0.23,2783.4,0.0,10,4.47,High
V120,B23620,Dosa_Batter,4.504,32.0,1,backroom,30.6,61.8,5.2,21.9,0.36,164.9,184.0,5,3.73,High
V121,B23621,Combo_Pack,4.429,36.7,0,backroom,31.0,90.4,-1.0,26.6,0.36,1135.4,11.3,5,4.16,High
V122,B23622,Combo_Pack,4.471,27.4,0,counter,35.2,50.4,-1.0,19.0,0.63,967.4,20.6,1,3.96,High
V123,B23623,Idly_Batter,4.45,31.4,1,counter,31.3,57.3,6.4,23.8,0.15,201.6,184.6,2,5.0,High
V124,B23624,Idly_Batter,4.421,29.7,1,counter,36.7,63.8,4.8,28.2,0.33,143.9,186.3,2,4.54,Medium
V100,B23625,Idly_Batter,4.469,39.2,0,counter,31.6,62.6,-1.0,32.3,0.3,1238.9,8.8,10,4.27,High
V101,B23626,Idly_Batter,4.388,55.3,1,backroom,37.0,72.5,7.4,27.1,0.37,408.6,160.7,10,4.11,High
V102,B23627,Combo_Pack,4.427,25.7,0,counter,28.6,73.1,-1.0,24.9,0.67,735.6,22.3,1,4.3,High
V103,B23628,Dosa_Batter,4.477,19.8,0,backroom,31.9,82.5,-1.0,8.9,0.39,631.2,28.2,10,3.53,High
V104,B23629,Combo_Pack,4.448,57.6,1,fridge,32.2,86.7,4.5,5.3,0.44,257.6,158.4,10,3.68,High
V105,B23630,Dosa_Batter,4.47,95.0,0,backroom,31.9,70.4,-1.0,19.0,0.67,3030.6,0.0,1,4.36,High
V106,B23631,Idly_Batter,4.442,67.2,1,fridge,25.8,79.4,5.3,59.8,0.75,359.5,148.8,2,4.14,High
V107,B23632,Combo_Pack,4.49,65.9,0,counter,34.9,74.5,-1.0,20.9,0.55,2300.5,0.0,10,4.5,High
V108,B23633,Idly_Batter,4.457,10.6,0,counter,25.6,69.7,-1.0,1.3,0.12,270.2,37.4,10,4.6,High
V109,B23634,Dosa_Batter,4.474,48.3,0,counter,29.9,84.3,-1.0,32.7,0.42,1446.8,0.0,1,4.19,High
V110,B23635,Dosa_Batter,4.424,67.6,0,backroom,30.9,63.7,-1.0,65.9,0.85,2088.7,0.0,1,4.16,High
V111,B23636,Combo_Pack,4.415,49.9,1,counter,33.3,59.7,7.1,16.9,0.82,355.9,166.1,10,4.32,High
V112,B23637,Combo_Pack,4.396,83.1,0,backroom,28.6,71.8,-1.0,48.1,0.81,2377.2,0.0,2,3.97,High
V113,B23638,Dosa_Batter,4.472,56.4,0,backroom,32.8,76.4,-1.0,38.0,0.77,1848.1,0.0,10,4.37,High
V114,B23639,Idly_Batter,4.415,55.1,0,counter,31.2,72.0,-1.0,36.9,0.67,1720.0,0.0,2,4.25,High
V115,B23640,Combo_Pack,4.459,73.4,1,backroom,32.4,64.9,5.3,67.0,0.24,387.9,142.6,10,3.83,High
V116,B23641,Dosa_Batter,4.471,74.3,1,backroom,33.4,77.5,2.0,44.4,0.75,148.6,141.7,1,3.55,Medium
V117,B23642,Combo_Pack,4.456,37.9,1,counter,31.4,78.7,3.0,29.0,0.74,112.4,178.1,5,3.8,Medium
V118,B23643,Dosa_Batter,4.488,17.2,1,backroom,25.3,54.3,3.8,13.3,0.78,65.2,198.8,5,4.13,Low
V119,B23644,Combo_Pack,4.447,71.0,0,counter,30.8,74.3,-1.0,12.3,0.1,2187.3,0.0,5,4.23,High
V120,B23645,Combo_Pack,4.501,66.6,0,backroom,30.3,73.3,-1.0,30.4,0.63,2017.1,0.0,1,4.6,High
V121,B23646,Combo_Pack,4.428,32.4,1,fridge,37.2,60.9,6.9,19.1,0.59,224.2,183.6,2,4.96,High
V122,B23647,Dosa_Batter,4.44,20.4,1,counter,34.5,63.9,3.8,7.8,0.51,78.4,195.6,10,4.78,Medium
V123,B23648,Combo_Pack,4.434,58.0,0,counter,31.5,53.5,-1.0,38.0,0.23,1825.9,0.0,1,3.75,High
V124,B23649,Dosa_Batter,4.454,13.6,0,counter,29.1,73.5,-1.0,3.0,0.11,393.9,34.4,1,3.97,High
V100,B23650,Combo_Pack,4.449,72.6,1,fridge,29.9,71.2,6.4,18.0,0.82,465.1,143.4,1,4.06,High
V101,B23651,Idly_Batter,4.462,24.2,0,counter,30.5,58.3,-1.0,22.1,0.98,738.1,23.8,10,3.81,High
V102,B23652,Combo_Pack,4.462,69.6,0,backroom,30.1,74.9,-1.0,3.3,0.36,2091.3,0.0,1,4.64,High
V103,B23653,Idly_Batter,4.452,84.0,1,counter,26.8,77.4,4.3,48.6,0.19,365.3,132.0,10,3.92,High
V104,B23654,Idly_Batter,4.467,4.5,1,counter,27.1,79.2,5.4,3.5,0.79,24.3,211.5,5,3.8,Low
V105,B23655,Dosa_Batter,4.395,90.6,1,backroom,31.3,76.7,3.1,19.6,0.6,280.7,125.4,1,4.16,High
V106,B23656,Dosa_Batter,4.479,34.2,1,counter,31.0,57.2,3.4,27.3,0.66,117.6,181.8,2,3.85,Medium
V107,B23657,Combo_Pack,4.513,52.5,0,backroom,31.0,76.6,-1.0,50.0,0.36,1624.7,0.0,10,4.51,High
V108,B23658,Idly_Batter,4.422,22.5,1,backroom,36.2,68.3,6.0,4.7,0.23,134.8,193.5,2,4.32,Medium
V109,B23659,Idly_Batter,4.486,53.4,0,counter,32.2,70.8,-1.0,39.7,0.51,1722.3,0.0,5,4.84,High
V110,B23660,Combo_Pack,4.474,15.6,1,fridge,33.0,62.3,2.8,0.6,0.17,44.1,200.4,2,4.48,Low
V111,B23661,Idly_Batter,4.449,89.5,0,backroom,31.5,84.7,-1.0,78.4,0.57,2815.1,0.0,1,4.88,High
V112,B23662,Combo_Pack,4.459,74.4,1,counter,26.8,74.6,5.0,31.2,0.87,368.5,141.6,2,4.4,High
V113,B23663,Idly_Batter,4.51,73.7,1,counter,28.1,56.2,3.6,46.6,0.58,262.4,142.3,10,4.19,High
V114,B23664,Combo_Pack,4.463,62.6,0,backroom,31.6,85.1,-1.0,6.8,0.24,1975.3,0.0,10,4.17,High
V115,B23665,Combo_Pack,4.463,46.8,1,backroom,32.1,60.7,6.7,30.1,0.73,315.2,169.2,5,3.97,High
V116,B23666,Combo_Pack,4.445,59.5,0,counter,30.2,79.3,-1.0,34.3,0.82,1795.1,0.0,5,4.47,High
V117,B23667,Idly_Batter,4.469,37.0,0,counter,27.8,86.5,-1.0,21.2,0.48,1031.3,11.0,2,4.48,High
V118,B23668,Dosa_Batter,4.435,57.2,0,counter,30.0,71.6,-1.0,9.3,0.47,1714.9,0.0,10,4.67,High
V119,B23669,Idly_Batter,4.457,92.0,0,backroom,36.1,59.4,-1.0,27.9,0.89,3318.7,0.0,2,3.84,High
V120,B23670,Dosa_Batter,4.469,84.2,1,fridge,29.7,62.0,5.1,78.4,0.48,428.3,131.8,10,4.31,High
V121,B23671,Dosa_Batter,4.437,31.2,1,counter,28.9,80.4,7.4,20.2,0.2,230.0,184.8,1,3.81,High
V122,B23672,Idly_Batter,4.446,58.8,0,backroom,29.0,50.1,-1.0,57.4,0.58,1703.1,0.0,10,4.47,High
V123,B23673,Dosa_Batter,4.463,47.8,0,backroom,27.6,65.3,-1.0,7.4,0.82,1318.8,0.2,1,4.19,High
V124,B23674,Dosa_Batter,4.442,53.3,1,backroom,27.9,69.8,6.2,50.5,0.67,331.1,162.7,10,3.8,High
V100,B23675,Combo_Pack,4.45,39.9,0,counter,37.1,72.9,-1.0,38.9,0.75,1479.4,8.1,2,4.49,High
V101,B23676,Combo_Pack,4.474,24.4,0,counter,32.6,82.9,-1.0,17.9,0.57,793.5,23.6,10,4.75,High
V102,B23677,Idly_Batter,4.456,95.2,1,backroom,37.0,72.4,4.7,44.2,0.72,450.2,120.8,10,5.0,High
V103,B23678,Idly_Batter,4.455,88.7,0,backroom,30.3,62.7,-1.0,65.6,0.37,2687.1,0.0,1,4.6,High
V104,B23679,Dosa_Batter,4.427,71.4,1,counter,38.3,77.4,3.8,49.9,0.33,273.1,144.6,5,4.28,High
V105,B23680,Idly_Batter,4.424,70.2,0,backroom,30.6,70.6,-1.0,26.2,0.32,2149.7,0.0,5,3.59,High
V106,B23681,Dosa_Batter,4.503,63.9,0,counter,31.6,65.9,-1.0,51.7,0.71,2019.0,0.0,5,4.58,High
V107,B23682,Combo_Pack,4.475,52.8,1,counter,27.2,62.2,6.4,1.5,0.78,337.7,163.2,1,4.29,High
V108,B23683,Idly_Batter,4.433,95.7,0,backroom,31.3,65.4,-1.0,35.8,0.79,2995.1,0.0,5,4.22,High
V109,B23684,Idly_Batter,4.488,39.5,1,counter,25.4,60.3,6.8,29.9,0.81,269.0,176.5,10,4.47,High
V110,B23685,Dosa_Batter,4.475,71.0,1,backroom,28.9,75.0,4.7,64.4,0.83,332.5,145.0,1,3.87,High
V111,B23686,Idly_Batter,4.509,62.8,0,counter,31.2,56.3,-1.0,12.4,0.16,1957.8,0.0,1,4.62,High
V112,B23687,Dosa_Batter,4.458,23.0,1,backroom,27.9,75.5,6.0,22.0,0.16,138.3,193.0,10,3.38,High
V113,B23688,Dosa_Batter,4.393,51.0,0,backroom,25.7,81.7,-1.0,0.3,0.51,1310.3,0.0,5,3.81,High
V114,B23689,Idly_Batter,4.491,24.7,0,backroom,27.9,54.3,-1.0,20.3,0.35,690.1,23.3,5,4.32,High
V115,B23690,Combo_Pack,4.476,64.0,0,counter,32.6,61.3,-1.0,20.3,0.81,2082.5,0.0,1,3.61,High
V116,B23691,Combo_Pack,4.459,6.2,0,backroom,27.3,82.1,-1.0,3.8,0.61,168.3,41.8,2,3.84,High
V117,B23692,Dosa_Batter,4.456,20.6,0,backroom,28.5,48.7,-1.0,13.9,0.64,588.6,27.4,10,4.28,High
V118,B23693,Combo_Pack,4.424,10.3,1,backroom,28.5,85.6,7.7,4.9,0.33,79.0,205.7,1,4.93,Medium
V119,B23694,Combo_Pack,4.459,94.6,1,fridge,28.6,86.7,3.2,49.2,0.75,302.7,121.4,10,4.42,High
V120,B23695,Idly_Batter,4.49,78.6,1,counter,26.8,68.3,6.0,18.2,0.74,475.0,137.4,10,4.4,High
V121,B23696,Idly_Batter,4.462,12.2,0,counter,29.5,85.9,-1.0,8.2,0.25,359.3,35.8,10,3.68,High
V122,B23697,Idly_Batter,4.535,77.7,1,counter,31.7,80.5,3.3,73.3,0.91,259.2,138.3,5,4.4,High
V123,B23698,Combo_Pack,4.43,89.9,1,fridge,31.8,61.3,3.7,63.2,0.6,332.0,126.1,1,4.12,High
V124,B23699,Dosa_Batter,4.477,40.7,1,fridge,33.3,68.3,4.6,25.4,0.53,188.6,175.3,5,4.24,High
V100,B23700,Idly_Batter,4.501,35.3,1,fridge,35.3,72.5,5.9,13.4,0.15,207.3,180.7,2,4.78,High
V101,B23701,Dosa_Batter,4.392,56.2,0,counter,33.8,68.9,-1.0,36.2,0.12,1897.3,0.0,10,4.0,High
V102,B23702,Idly_Batter,4.485,21.3,0,counter,35.9,56.1,-1.0,18.0,0.56,766.8,26.7,5,3.53,High
V103,B23703,Dosa_Batter,4.405,54.7,1,fridge,37.9,74.9,3.7,17.0,0.79,200.6,161.3,2,3.92,High
V104,B23704,Combo_Pack,4.477,67.4,1,backroom,30.1,73.1,3.7,33.6,0.5,252.1,148.6,10,4.35,High
V105,B23705,Dosa_Batter,4.481,95.2,1,counter,34.2,72.5,5.8,0.5,0.77,553.8,120.8,5,3.73,High
V106,B23706,Combo_Pack,4.433,80.9,0,backroom,29.7,77.9,-1.0,54.2,0.38,2403.4,0.0,10,3.83,High
V107,B23707,Dosa_Batter,4.465,87.0,1,counter,28.9,68.7,3.1,51.3,0.69,273.4,129.0,10,4.37,High
V108,B23708,Dosa_Batter,4.422,21.9,1,fridge,27.8,65.0,4.4,6.4,0.46,96.2,194.1,10,4.1,Medium
V109,B23709,Combo_Pack,4.451,7.8,0,backroom,25.9,64.7,-1.0,0.0,0.7,203.5,40.2,10,3.84,High
V110,B23710,Dosa_Batter,4.507,85.9,1,counter,30.9,69.7,5.1,73.4,0.72,437.7,130.1,1,3.97,High
V111,B23711,Idly_Batter,4.465,89.1,1,fridge,33.5,64.4,7.7,76.5,0.43,687.9,126.9,1,3.73,High
V112,B23712,Idly_Batter,4.546,23.3,0,backroom,31.0,87.1,-1.0,13.1,0.18,724.5,24.7,10,4.19,High
V113,B23713,Idly_Batter,4.443,36.6,1,counter,28.0,86.3,4.3,15.0,0.46,156.7,179.4,10,4.3,High
V114,B23714,Dosa_Batter,4.431,65.2,1,fridge,30.6,64.5,6.3,20.7,0.6,413.6,150.8,2,4.37,High
V115,B23715,Combo_Pack,4.45,47.3,0,backroom,31.2,70.7,-1.0,25.5,0.49,1475.9,0.7,10,3.9,High
V116,B23716,Combo_Pack,4.463,19.8,1,counter,31.3,58.5,7.7,13.7,0.14,152.2,196.2,5,4.37,High
V117,B23717,Idly_Batter,4.453,23.2,1,counter,33.9,57.9,6.0,1.3,0.49,140.1,192.8,1,4.1,Medium
V118,B23718,Idly_Batter,4.506,75.8,0,backroom,35.6,63.2,-1.0,52.3,0.52,2701.2,0.0,5,4.61,High
V119,B23719,Dosa_Batter,4.41,48.0,0,backroom,28.7,65.4,-1.0,4.9,0.66,1378.2,0.0,10,3.76,High
V120,B23720,Dosa_Batter,4.501,81.2,1,counter,31.6,74.8,5.0,65.9,0.48,405.0,134.8,5,4.38,High
V121,B23721,Idly_Batter,4.456,53.9,0,backroom,29.6,61.5,-1.0,39.3,0.27,1592.0,0.0,1,3.67,High
V122,B23722,Combo_Pack,4.444,60.4,1,fridge,31.6,74.0,4.4,33.9,0.75,267.4,155.6,10,3.62,High
V123,B23723,Dosa_Batter,4.49,57.3,1,counter,37.7,70.1,4.2,31.1,0.49,242.2,158.7,10,4.32,High
V124,B23724,Idly_Batter,4.432,56.4,1,counter,32.0,57.6,5.4,46.1,0.04,304.4,159.6,2,4.66,High
V100,B23725,Combo_Pack,4.491,50.3,1,fridge,30.8,57.8,6.1,25.0,0.53,307.5,165.7,1,3.67,High
V101,B23726,Dosa_Batter,4.495,41.5,0,backroom,28.0,72.8,-1.0,41.0,0.51,1160.8,6.5,1,3.98,High
V102,B23727,Combo_Pack,4.455,71.2,0,counter,34.8,73.8,-1.0,55.2,0.31,2475.5,0.0,1,4.3,High
V103,B23728,Idly_Batter,4.463,94.5,1,counter,32.6,71.2,7.6,47.3,0.19,714.6,121.5,2,4.6,High
V104,B23729,Combo_Pack,4.463,41.1,0,counter,28.4,71.7,-1.0,11.6,0.13,1166.6,6.9,5,4.88,High
V105,B23730,Dosa_Batter,4.5,62.7,0,backroom,32.7,61.1,-1.0,8.2,0.69,2048.8,0.0,10,3.45,High
V106,B23731,Dosa_Batter,4.443,44.7,1,fridge,28.6,79.8,4.5,30.4,0.86,199.9,171.3,5,4.15,High
V107,B23732,Combo_Pack,4.521,60.2,1,backroom,31.3,56.7,3.0,20.4,0.31,183.6,155.8,10,3.72,High
V108,B23733,Idly_Batter,4.432,39.7,0,backroom,33.1,75.3,-1.0,4.3,0.82,1316.3,8.3,10,4.44,High
V109,B23734,Combo_Pack,4.447,78.8,0,backroom,24.3,68.2,-1.0,71.8,0.33,1913.5,0.0,2,4.11,High
V110,B23735,Dosa_Batter,4.428,91.0,0,counter,31.8,54.0,-1.0,22.1,0.26,2895.2,0.0,10,4.58,High
V111,B23736,Combo_Pack,4.434,30.0,1,counter,30.3,66.7,5.3,4.1,0.47,159.5,186.0,10,4.03,High
V112,B23737,Idly_Batter,4.465,39.0,1,fridge,30.5,49.0,4.0,19.5,0.27,156.1,177.0,5,4.02,Medium
V113,B23738,Combo_Pack,4.506,3.6,0,backroom,25.5,89.8,-1.0,1.4,0.06,91.5,44.4,1,4.16,Medium
V114,B23739,Dosa_Batter,4.464,4.5,0,counter,28.2,74.2,-1.0,2.5,0.34,126.4,43.5,10,3.29,High
V115,B23740,Dosa_Batter,4.43,9.6,1,fridge,32.8,58.6,5.6,2.3,0.49,53.7,206.4,5,4.98,Low
V116,B23741,Idly_Batter,4.479,42.9,0,backroom,28.9,77.6,-1.0,30.9,0.24,1242.0,5.1,10,3.7,High
V117,B23742,Idly_Batter,4.482,0.4,1,counter,34.1,72.5,6.0,0.2,0.87,2.5,215.6,2,3.82,Low
V118,B23743,Dosa_Batter,4.437,6.6,1,fridge,25.8,61.7,7.0,1.3,0.31,46.1,209.4,1,4.41,Low
V119,B23744,Dosa_Batter,4.489,9.4,1,fridge,32.8,41.5,5.9,0.7,0.6,55.0,206.6,10,4.06,Low
V120,B23745,Dosa_Batter,4.464,21.3,0,counter,29.9,61.4,-1.0,14.7,0.83,634.6,26.7,10,3.59,High
V121,B23746,Idly_Batter,4.464,39.3,0,backroom,31.7,65.6,-1.0,32.3,0.29,1246.7,8.7,5,4.17,High
V122,B23747,Dosa_Batter,4.444,53.9,0,backroom,30.1,60.9,-1.0,28.8,0.5,1622.0,0.0,1,4.36,High
V123,B23748,Dosa_Batter,4.472,77.9,1,counter,29.3,77.7,4.0,24.8,0.53,312.1,138.1,2,3.93,High
V124,B23749,Dosa_Batter,4.429,82.2,0,backroom,30.0,79.3,-1.0,82.1,0.22,2464.2,0.0,2,4.16,High
V100,B23750,Dosa_Batter,4.423,49.5,0,counter,32.2,72.6,-1.0,34.0,0.27,1593.6,0.0,2,4.41,High
V101,B23751,Dosa_Batter,4.414,83.1,0,backroom,29.3,70.3,-1.0,33.2,0.57,2439.6,0.0,10,4.25,High
V102,B23752,Idly_Batter,4.379,16.3,1,fridge,33.4,81.2,5.9,10.3,0.27,96.2,199.7,5,3.81,Medium
V103,B23753,Dosa_Batter,4.463,29.9,1,fridge,25.9,69.6,4.4,12.8,0.75,130.6,186.1,2,4.9,Medium
V104,B23754,Dosa_Batter,4.416,36.4,1,counter,24.9,67.7,4.6,24.2,0.18,169.1,179.6,2,4.39,High
V105,B23755,Idly_Batter,4.46,54.9,1,counter,35.0,54.6,4.4,4.8,0.38,241.4,161.1,1,3.85,High
V106,B23756,Combo_Pack,4.401,68.9,1,fridge,33.6,56.7,2.9,13.2,0.19,196.7,147.1,10,4.29,High
V107,B23757,Combo_Pack,4.468,92.0,1,fridge,30.8,89.2,2.0,60.7,0.9,184.8,124.0,5,4.51,High
V108,B23758,Idly_Batter,4.464,9.2,1,fridge,31.9,70.4,4.7,0.8,0.47,43.7,206.8,2,4.44,Low
V109,B23759,Idly_Batter,4.416,60.0,1,fridge,29.4,61.2,6.7,39.3,0.62,402.7,156.0,10,4.52,High
V110,B23760,Idly_Batter,4.432,22.3,1,counter,31.9,64.9,2.8,20.7,0.84,63.4,193.7,10,4.2,Low
V111,B23761,Idly_Batter,4.479,14.5,1,counter,34.3,67.9,5.7,1.1,0.37,82.1,201.5,5,3.79,Medium
V112,B23762,Dosa_Batter,4.451,75.7,0,backroom,31.4,73.1,-1.0,64.9,0.85,2377.0,0.0,1,4.67,High
V113,B23763,Dosa_Batter,4.46,7.2,1,counter,31.1,65.5,7.6,1.3,0.52,54.4,208.8,1,3.99,Low
V114,B23764,Dosa_Batter,4.488,56.5,1,backroom,32.5,80.5,4.7,2.1,0.57,265.3,159.5,2,3.64,High
V115,B23765,Dosa_Batter,4.472,73.4,0,counter,30.7,56.0,-1.0,13.6,0.27,2249.0,0.0,5,4.7,High
V116,B23766,Idly_Batter,4.451,7.6,0,backroom,33.8,80.8,-1.0,4.0,0.55,256.2,40.4,2,3.19,High
V117,B23767,Combo_Pack,4.476,75.9,1,backroom,32.3,56.8,4.6,5.0,0.58,350.4,140.1,10,4.66,High
V118,B23768,Combo_Pack,4.488,3.2,1,counter,27.3,79.6,5.0,3.1,0.17,16.1,212.8,5,3.65,Low
V119,B23769,Dosa_Batter,4.466,79.4,0,counter,31.1,66.1,-1.0,20.7,0.47,2474.4,0.0,5,4.1,High
V120,B23770,Idly_Batter,4.457,21.0,0,counter,30.2,72.3,-1.0,3.5,0.42,635.4,27.0,5,4.24,High
V121,B23771,Idly_Batter,4.46,22.3,1,backroom,32.7,66.1,4.8,11.3,0.81,106.2,193.7,10,4.25,Medium
V122,B23772,Dosa_Batter,4.465,57.8,1,counter,34.3,69.4,4.7,20.0,0.31,273.5,158.2,10,4.94,High
V123,B23773,Dosa_Batter,4.456,70.9,0,backroom,37.7,76.1,-1.0,24.4,0.63,2674.9,0.0,10,3.65,High
V124,B23774,Dosa_Batter,4.498,5.9,0,backroom,34.7,65.9,-1.0,3.0,0.34,204.7,42.1,2,3.77,High
V100,B23775,Combo_Pack,4.465,27.2,1,counter,32.0,61.2,7.7,0.9,0.48,210.1,188.8,1,4.45,High
V101,B23776,Idly_Batter,4.491,81.0,1,counter,31.3,56.5,4.3,79.2,0.22,347.7,135.0,10,3.63,High
V102,B23777,Dosa_Batter,4.469,51.2,1,fridge,32.5,56.6,5.9,47.3,0.56,300.8,164.8,2,4.4,High
V103,B23778,Combo_Pack,4.454,13.2,0,backroom,28.0,66.6,-1.0,9.1,0.53,369.4,34.8,10,3.77,High
V104,B23779,Dosa_Batter,4.427,11.6,1,fridge,32.0,64.9,4.2,10.2,0.9,48.5,204.4,10,4.92,Low
V105,B23780,Combo_Pack,4.422,77.8,1,backroom,27.0,82.1,3.9,14.1,0.35,305.6,138.2,2,5.0,High
V106,B23781,Dosa_Batter,4.487,78.7,1,fridge,28.5,89.4,5.7,22.5,0.69,449.2,137.3,2,4.05,High
V107,B23782,Combo_Pack,4.491,11.2,1,fridge,29.7,67.0,7.0,5.6,0.5,78.4,204.8,5,4.25,Medium
V108,B23783,Dosa_Batter,4.447,15.2,0,backroom,29.8,64.6,-1.0,2.9,0.55,452.3,32.8,1,4.47,High
V109,B23784,Combo_Pack,4.464,23.0,0,backroom,33.0,86.6,-1.0,19.7,0.34,759.5,25.0,1,3.69,High
V110,B23785,Dosa_Batter,4.403,52.5,1,fridge,26.1,58.1,8.0,17.1,0.62,418.4,163.5,2,3.2,High
V111,B23786,Combo_Pack,4.477,88.0,1,fridge,35.1,59.8,3.9,65.4,0.43,343.1,128.0,2,4.0,High
V112,B23787,Idly_Batter,4.486,36.3,1,fridge,27.4,64.9,3.5,16.7,0.36,125.7,179.7,1,4.72,Medium
V113,B23788,Dosa_Batter,4.448,33.8,1,counter,28.1,57.3,8.3,29.2,0.61,281.4,182.2,5,4.07,High
V114,B23789,Dosa_Batter,4.489,1.0,1,backroom,34.0,67.5,5.6,0.4,0.5,5.8,215.0,2,4.39,Low
V115,B23790,Combo_Pack,4.425,53.4,1,fridge,26.5,79.7,4.6,29.6,0.23,246.5,162.6,10,4.33,High
V116,B23791,Combo_Pack,4.498,19.8,1,counter,27.2,73.6,4.0,13.1,0.37,79.4,196.2,2,4.43,Medium
V117,B23792,Combo_Pack,4.468,17.5,1,counter,31.3,86.8,4.2,2.5,0.52,73.7,198.5,10,4.02,Medium
V118,B23793,Combo_Pack,4.463,7.4,1,counter,34.2,56.3,6.8,2.9,0.41,50.6,208.6,10,4.36,Low
V119,B23794,Idly_Batter,4.455,92.7,0,counter,28.0,73.9,-1.0,79.7,0.35,2598.6,0.0,1,4.56,High
V120,B23795,Dosa_Batter,4.521,54.2,1,backroom,32.2,73.9,5.6,23.1,0.62,303.7,161.8,5,3.54,High
V121,B23796,Dosa_Batter,4.479,29.1,1,counter,34.1,61.4,7.3,1.7,0.17,210.9,186.9,1,4.56,High
V122,B23797,Combo_Pack,4.442,22.3,1,counter,31.6,81.3,2.7,11.9,0.66,60.2,193.7,10,4.28,Low
V123,B23798,Idly_Batter,4.502,91.8,0,backroom,34.9,47.4,-1.0,10.0,0.06,3203.0,0.0,2,4.19,High
V124,B23799,Idly_Batter,4.492,27.6,1,fridge,28.6,67.9,6.5,26.7,0.47,180.1,188.4,10,4.0,High
V100,B23800,Combo_Pack,4.444,88.4,0,counter,30.3,55.2,-1.0,39.6,0.24,2676.4,0.0,2,4.21,High
V101,B23801,Combo_Pack,4.438,6.2,0,backroom,33.0,63.0,-1.0,0.7,0.62,203.8,41.8,5,4.39,High
V102,B23802,Combo_Pack,4.468,33.4,1,fridge,32.7,69.7,4.3,12.3,0.44,144.7,182.6,10,3.78,Medium
V103,B23803,Combo_Pack,4.499,64.2,0,counter,35.3,56.4,-1.0,3.7,0.24,2263.9,0.0,5,3.98,High
V104,B23804,Combo_Pack,4.471,23.7,1,counter,32.0,87.8,2.9,6.1,0.69,68.9,192.3,10,3.9,Medium
V105,B23805,Dosa_Batter,4.42,43.5,1,backroom,33.3,63.6,5.8,11.3,0.71,253.3,172.5,5,3.68,High
V106,B23806,Combo_Pack,4.493,36.2,0,counter,26.2,87.9,-1.0,3.4,0.55,948.1,11.8,10,3.72,High
V107,B23807,Idly_Batter,4.478,25.0,1,counter,27.2,61.2,3.1,20.5,0.23,77.0,191.0,10,4.84,Medium
V108,B23808,Dosa_Batter,4.434,7.3,1,fridge,27.3,54.2,6.2,6.0,0.35,45.5,208.7,10,5.0,Low
V109,B23809,Combo_Pack,4.447,36.7,0,backroom,31.0,61.1,-1.0,3.9,0.3,1139.3,11.3,5,4.53,High
V110,B23810,Dosa_Batter,4.458,43.0,1,backroom,29.8,73.0,3.4,40.3,0.65,147.0,173.0,2,4.17,Medium
V111,B23811,Combo_Pack,4.429,33.1,0,backroom,27.5,83.8,-1.0,19.8,0.84,908.6,14.9,2,3.57,High
V112,B23812,Combo_Pack,4.48,83.8,1,backroom,32.9,61.6,5.3,29.2,0.16,440.4,132.2,5,3.38,High
V113,B23813,Combo_Pack,4.534,20.3,1,fridge,29.5,51.3,4.3,4.9,0.29,87.9,195.7,1,4.5,Medium
V114,B23814,Dosa_Batter,4.407,22.9,0,backroom,31.8,79.5,-1.0,15.7,0.64,727.4,25.1,10,4.42,High
V115,B23815,Dosa_Batter,4.468,47.4,1,fridge,29.8,83.8,9.7,14.9,0.32,457.8,168.6,10,4.21,High
V116,B23816,Dosa_Batter,4.474,24.8,1,backroom,29.2,58.7,3.6,14.9,0.42,89.9,191.2,2,4.52,Medium
V117,B23817,Combo_Pack,4.467,75.8,1,backroom,30.7,61.1,4.8,21.1,0.83,365.8,140.2,1,4.05,High
V118,B23818,Dosa_Batter,4.426,72.0,1,backroom,32.4,77.3,4.9,47.9,0.36,353.9,144.0,10,4.4,High
V119,B23819,Combo_Pack,4.428,4.4,1,backroom,24.6,60.0,8.7,0.5,0.35,38.6,211.6,2,4.76,Low
V120,B23820,Combo_Pack,4.436,89.3,0,backroom,34.1,64.2,-1.0,46.2,0.73,3048.6,0.0,2,4.35,High
V121,B23821,Dosa_Batter,4.439,40.6,1,backroom,29.8,58.3,7.3,10.0,0.8,298.1,175.4,5,4.47,High
V122,B23822,Combo_Pack,4.423,45.4,1,fridge,35.6,49.8,5.9,23.7,0.24,268.0,170.6,1,4.41,High
V123,B23823,Idly_Batter,4.426,59.5,1,counter,31.1,50.8,5.0,5.0,0.69,295.5,156.5,1,4.25,High
V124,B23824,Combo_Pack,4.437,46.3,1,backroom,34.5,65.7,3.6,24.8,0.47,168.5,169.7,2,4.59,High
V100,B23825,Dosa_Batter,4.444,58.2,1,backroom,31.5,57.4,6.6,56.0,0.35,381.4,157.8,10,4.04,High
V101,B23826,Combo_Pack,4.464,41.6,0,backroom,33.9,85.9,-1.0,5.6,0.37,1407.0,6.4,5,4.5,High
V102,B23827,Dosa_Batter,4.431,24.5,0,backroom,33.4,74.0,-1.0,13.6,0.67,817.1,23.5,10,3.7,High
V103,B23828,Dosa_Batter,4.438,66.4,0,counter,31.4,77.3,-1.0,37.7,0.42,2087.6,0.0,5,4.16,High
V104,B23829,Dosa_Batter,4.477,51.6,1,fridge,29.4,79.6,4.3,38.3,0.62,223.2,164.4,10,3.61,High
V105,B23830,Dosa_Batter,4.466,52.8,1,counter,33.8,67.2,3.3,13.0,0.68,172.2,163.2,5,3.75,High
V106,B23831,Dosa_Batter,4.474,67.4,1,counter,31.6,83.1,5.5,18.3,0.71,372.1,148.6,5,4.22,High
V107,B23832,Dosa_Batter,4.487,49.7,1,backroom,35.4,73.7,6.8,37.1,0.83,339.4,166.3,2,4.63,High
V108,B23833,Dosa_Batter,4.472,58.2,0,backroom,34.7,76.4,-1.0,43.0,0.93,2020.0,0.0,1,4.87,High
V109,B23834,Combo_Pack,4.481,89.8,0,counter,30.9,71.3,-1.0,37.7,0.16,2777.0,0.0,1,4.28,High
V110,B23835,Combo_Pack,4.449,94.9,0,counter,30.3,66.9,-1.0,89.4,0.67,2876.5,0.0,2,4.65,High
V111,B23836,Combo_Pack,4.498,85.9,1,backroom,30.1,57.3,3.5,81.2,0.27,299.4,130.1,5,4.86,High
V112,B23837,Dosa_Batter,4.422,40.6,1,backroom,35.3,64.0,3.6,23.5,0.39,144.4,175.4,5,3.54,Medium
V113,B23838,Combo_Pack,4.509,43.2,1,fridge,25.9,53.5,8.6,14.0,0.63,371.6,172.8,1,5.0,High
V114,B23839,Combo_Pack,4.462,34.2,0,counter,29.5,76.2,-1.0,3.8,0.68,1010.3,13.8,2,4.19,High
V115,B23840,Idly_Batter,4.44,8.1,1,counter,34.4,77.2,4.2,2.7,0.44,33.7,207.9,2,4.14,Low
V116,B23841,Combo_Pack,4.43,19.5,0,counter,29.7,81.9,-1.0,17.4,0.24,579.3,28.5,5,3.81,High
V117,B23842,Combo_Pack,4.432,24.8,1,fridge,28.7,63.8,4.5,1.6,0.47,110.5,191.2,10,4.55,Medium
V118,B23843,Combo_Pack,4.506,20.3,1,backroom,28.8,67.8,6.7,9.0,0.88,136.0,195.7,5,4.39,Medium
V119,B23844,Combo_Pack,4.447,73.8,0,counter,26.1,79.4,-1.0,14.6,0.56,1928.8,0.0,5,4.21,High
V120,B23845,Idly_Batter,4.408,74.8,0,counter,28.7,62.2,-1.0,23.9,0.43,2143.6,0.0,10,4.17,High
V121,B23846,Idly_Batter,4.45,90.7,0,counter,28.8,79.0,-1.0,9.6,0.42,2609.7,0.0,1,3.92,High
V122,B23847,Combo_Pack,4.487,15.6,0,counter,31.2,77.1,-1.0,4.6,0.46,488.2,32.4,1,4.54,High
V123,B23848,Idly_Batter,4.479,40.2,1,counter,30.7,59.9,4.7,39.4,0.22,188.4,175.8,5,4.53,High
V124,B23849,Idly_Batter,4.456,10.8,1,backroom,33.6,62.4,5.8,5.0,0.75,62.2,205.2,1,4.11,Low
V100,B23850,Combo_Pack,4.443,49.2,1,counter,28.0,86.0,5.9,35.4,0.81,291.2,166.8,5,3.72,High
V101,B23851,Idly_Batter,4.456,71.8,1,fridge,30.9,56.4,2.9,26.3,0.62,209.4,144.2,2,3.6,High
V102,B23852,Idly_Batter,4.461,43.3,0,counter,32.2,87.6,-1.0,10.2,0.59,1391.3,4.7,2,3.53,High
V103,B23853,Dosa_Batter,4.488,13.8,0,counter,26.8,82.8,-1.0,8.7,0.67,368.3,34.2,1,3.64,High
V104,B23854,Idly_Batter,4.483,42.4,0,backroom,30.8,69.4,-1.0,15.3,0.67,1305.6,5.6,2,3.97,High
V105,B23855,Idly_Batter,4.393,7.8,1,backroom,28.9,66.2,4.8,2.9,0.25,37.7,208.2,10,4.12,Low
V106,B23856,Dosa_Batter,4.472,35.5,1,fridge,36.9,69.1,7.2,1.4,0.58,255.3,180.5,10,3.46,High
V107,B23857,Dosa_Batter,4.419,10.2,0,backroom,31.2,62.1,-1.0,4.3,0.63,317.9,37.8,2,4.06,High
V108,B23858,Idly_Batter,4.502,90.8,1,fridge,30.5,65.1,3.6,48.2,0.52,326.8,125.2,10,3.83,High
V109,B23859,Dosa_Batter,4.466,7.5,1,counter,29.1,66.9,6.0,4.1,0.09,45.1,208.5,5,4.39,Low
V110,B23860,Combo_Pack,4.459,6.1,0,backroom,36.7,65.1,-1.0,0.4,0.76,225.3,41.9,1,4.15,High
V111,B23861,Idly_Batter,4.438,0.2,1,backroom,26.6,80.7,5.2,0.1,0.8,1.0,215.8,5,4.93,Low
V112,B23862,Combo_Pack,4.466,58.4,1,fridge,27.5,59.6,8.9,16.3,0.49,516.8,157.6,1,4.04,High
V113,B23863,Idly_Batter,4.484,59.1,1,counter,31.4,68.7,5.5,21.1,0.72,326.7,156.9,10,3.65,High
V114,B23864,Combo_Pack,4.489,20.8,0,backroom,31.5,75.9,-1.0,7.7,0.17,656.8,27.2,5,3.9,High
V115,B23865,Dosa_Batter,4.491,32.6,1,counter,27.6,77.2,7.3,11.0,0.14,237.2,183.4,10,4.33,High
V116,B23866,Dosa_Batter,4.464,62.7,1,counter,33.4,65.9,4.3,36.5,0.47,272.6,153.3,1,3.6,High
V117,B23867,Dosa_Batter,4.442,67.5,1,counter,25.6,66.6,6.3,40.3,0.73,426.8,148.5,2,3.87,High
V118,B23868,Combo_Pack,4.493,34.8,0,backroom,36.7,85.2,-1.0,22.8,0.51,1275.6,13.2,5,4.47,High
V119,B23869,Combo_Pack,4.498,0.9,0,counter,32.3,81.4,-1.0,0.9,0.09,29.8,47.1,5,4.01,Low
V120,B23870,Dosa_Batter,4.46,12.5,1,backroom,28.4,71.4,4.0,10.1,0.73,49.6,203.5,5,4.28,Low
V121,B23871,Combo_Pack,4.514,49.5,0,backroom,27.6,84.6,-1.0,40.9,0.51,1364.0,0.0,10,4.03,High
V122,B23872,Dosa_Batter,4.413,88.8,1,counter,30.5,41.8,4.2,71.4,0.15,373.3,127.2,1,4.4,High
V123,B23873,Dosa_Batter,4.465,25.6,0,backroom,32.6,77.8,-1.0,19.6,0.27,833.9,22.4,5,4.36,High
V124,B23874,Combo_Pack,4.444,23.6,1,fridge,29.2,95.0,4.6,12.7,0.75,108.3,192.4,1,4.16,Medium
V100,B23875,Combo_Pack,4.445,13.8,1,counter,27.6,59.5,6.9,12.6,0.8,94.8,202.2,5,4.71,Medium
V101,B23876,Dosa_Batter,4.494,43.3,1,fridge,34.2,73.3,5.4,36.5,0.74,235.4,172.7,2,3.55,High
V102,B23877,Combo_Pack,4.428,19.8,1,fridge,29.5,78.3,6.2,1.2,0.31,122.5,196.2,2,4.21,Medium
V103,B23878,Idly_Batter,4.465,60.5,1,fridge,26.3,70.0,7.1,49.1,0.22,427.2,155.5,10,3.74,High
V104,B23879,Dosa_Batter,4.465,54.8,1,counter,29.5,72.2,5.7,1.9,0.25,312.1,161.2,1,4.35,High
V105,B23880,Combo_Pack,4.474,59.7,0,counter,28.2,43.4,-1.0,28.3,0.51,1681.9,0.0,2,3.68,High
V106,B23881,Combo_Pack,4.458,43.6,0,counter,31.3,80.0,-1.0,18.7,0.72,1365.6,4.4,10,3.99,High
V107,B23882,Dosa_Batter,4.47,74.5,1,counter,37.4,59.9,2.0,50.7,0.19,149.0,141.5,5,4.18,Medium
V108,B23883,Idly_Batter,4.437,46.6,1,counter,26.2,66.2,3.2,40.0,0.22,149.7,169.4,1,4.33,High
V109,B23884,Dosa_Batter,4.46,9.1,1,counter,27.2,88.6,7.0,0.4,0.33,63.6,206.9,5,4.33,Low
V110,B23885,Idly_Batter,4.466,23.8,1,counter,28.8,77.4,7.1,10.3,0.32,169.1,192.2,1,4.05,High
V111,B23886,Combo_Pack,4.438,55.4,0,backroom,32.4,63.4,-1.0,30.3,0.74,1797.3,0.0,5,4.09,High
V112,B23887,Dosa_Batter,4.498,26.7,1,backroom,35.5,68.7,5.4,19.0,0.57,143.1,189.3,10,4.19,Medium
V113,B23888,Combo_Pack,4.508,32.7,0,counter,30.7,76.2,-1.0,10.2,0.42,1003.2,15.3,2,3.97,High
V114,B23889,Combo_Pack,4.471,68.2,1,backroom,31.9,70.3,6.4,28.8,0.73,437.3,147.8,2,4.16,High
V115,B23890,Dosa_Batter,4.489,43.3,0,counter,29.5,68.9,-1.0,0.5,0.07,1276.9,4.7,2,4.11,High
V116,B23891,Dosa_Batter,4.488,14.8,1,fridge,29.4,66.4,5.3,13.7,0.13,78.5,201.2,5,4.25,Medium
V117,B23892,Dosa_Batter,4.42,10.1,1,backroom,33.0,45.5,4.1,7.2,0.59,41.5,205.9,1,4.51,Low
V118,B23893,Combo_Pack,4.407,71.4,1,fridge,39.9,48.6,2.9,39.7,0.51,208.2,144.6,2,3.75,High
V119,B23894,Dosa_Batter,4.462,39.3,1,backroom,33.9,72.5,5.0,34.5,0.24,196.8,176.7,2,3.63,High
V120,B23895,Dosa_Batter,4.436,6.0,0,counter,31.7,66.9,-1.0,2.8,0.53,191.7,42.0,2,3.46,High
V121,B23896,Dosa_Batter,4.392,94.9,1,backroom,34.3,76.9,6.1,34.8,0.28,575.7,121.1,5,3.82,High
V122,B23897,Dosa_Batter,4.468,80.9,1,backroom,33.5,81.1,5.4,38.3,0.38,436.6,135.1,2,4.08,High
V123,B23898,Dosa_Batter,4.456,44.1,1,counter,35.3,76.9,6.8,7.4,0.33,298.6,171.9,10,4.89,High
V124,B23899,Combo_Pack,4.493,58.5,1,fridge,34.6,78.5,6.6,35.1,0.78,385.0,157.5,10,4.62,High
V100,B23900,Combo_Pack,4.443,60.0,0,backroom,32.6,63.5,-1.0,31.9,0.34,1956.4,0.0,5,4.12,High
V101,B23901,Idly_Batter,4.474,77.4,0,counter,29.3,67.8,-1.0,9.5,0.46,2269.5,0.0,5,4.97,High
V102,B23902,Combo_Pack,4.448,48.4,0,counter,32.1,74.7,-1.0,15.4,0.54,1553.9,0.0,2,4.32,High
V103,B23903,Combo_Pack,4.441,92.0,1,fridge,28.8,76.4,3.2,40.3,0.39,299.0,124.0,5,3.23,High
V104,B23904,Combo_Pack,4.447,90.6,1,fridge,35.0,71.7,5.4,20.6,0.74,489.8,125.4,1,4.76,High
V105,B23905,Combo_Pack,4.437,87.1,1,backroom,33.3,69.6,5.3,19.2,0.42,465.5,128.9,2,4.11,High
V106,B23906,Idly_Batter,4.43,6.4,1,counter,26.7,81.4,2.9,0.3,0.02,18.4,209.6,1,4.58,Low
V107,B23907,Combo_Pack,4.468,58.3,1,counter,30.8,58.2,6.6,52.9,0.74,385.2,157.7,5,3.95,High
V108,B23908,Idly_Batter,4.486,52.6,1,fridge,35.1,70.6,2.9,24.4,0.18,154.8,163.4,1,3.7,High
V109,B23909,Combo_Pack,4.436,55.2,1,fridge,33.4,68.3,5.9,4.8,0.81,327.1,160.8,2,3.87,High
V110,B23910,Combo_Pack,4.463,18.1,1,counter,37.1,66.2,3.3,14.8,0.43,58.9,197.9,10,3.71,Low
V111,B23911,Combo_Pack,4.454,12.3,0,counter,27.2,71.9,-1.0,10.7,0.56,334.8,35.7,10,4.46,High
V112,B23912,Dosa_Batter,4.461,80.8,0,counter,29.0,56.7,-1.0,60.3,0.37,2342.7,0.0,2,4.29,High
V113,B23913,Combo_Pack,4.447,14.8,1,fridge,25.3,65.2,4.4,7.3,0.38,65.1,201.2,1,4.74,Low
V114,B23914,Combo_Pack,4.52,71.5,1,backroom,32.0,59.7,3.6,33.9,0.28,256.8,144.5,5,4.32,High
V115,B23915,Dosa_Batter,4.472,10.2,1,fridge,32.0,82.5,4.5,7.4,0.16,45.8,205.8,1,3.76,Low
V116,B23916,Idly_Batter,4.493,75.1,0,backroom,30.8,70.2,-1.0,74.4,0.45,2309.3,0.0,2,4.13,High
V117,B23917,Combo_Pack,4.477,69.7,0,counter,33.3,64.6,-1.0,13.8,0.57,2319.8,0.0,5,3.23,High
V118,B23918,Combo_Pack,4.446,32.6,0,counter,25.4,74.2,-1.0,9.9,0.74,827.1,15.4,10,3.79,High
V119,B23919,Combo_Pack,4.424,74.8,0,counter,27.6,80.6,-1.0,14.3,0.28,2059.9,0.0,2,3.54,High
V120,B23920,Idly_Batter,4.461,50.6,0,backroom,31.9,79.8,-1.0,15.8,0.42,1613.5,0.0,5,4.69,High
V121,B23921,Idly_Batter,4.415,93.2,1,counter,32.5,71.4,4.9,49.8,0.33,459.5,122.8,10,3.66,High
V122,B23922,Combo_Pack,4.406,0.8,1,counter,32.6,69.9,6.0,0.5,0.56,4.7,215.2,2,4.93,Low
V123,B23923,Idly_Batter,4.455,54.9,1,fridge,28.7,66.6,4.9,38.9,0.52,267.8,161.1,2,4.53,High
V124,B23924,Combo_Pack,4.509,79.8,0,backroom,30.5,75.9,-1.0,12.2,0.59,2434.0,0.0,5,4.26,High
V100,B23925,Combo_Pack,4.425,94.3,0,backroom,29.5,83.4,-1.0,31.8,0.91,2784.0,0.0,2,4.0,High
V101,B23926,Dosa_Batter,4.502,28.6,1,backroom,27.6,65.8,2.3,1.0,0.97,66.9,187.4,10,4.98,Low
V102,B23927,Dosa_Batter,4.466,7.7,1,counter,33.7,86.0,5.0,6.5,0.66,38.9,208.3,1,4.12,Low
V103,B23928,Combo_Pack,4.451,0.4,1,fridge,32.0,53.9,4.3,0.3,0.3,1.7,215.6,1,4.16,Low
V104,B23929,Dosa_Batter,4.431,16.2,0,backroom,33.9,66.1,-1.0,9.3,0.55,547.7,31.8,1,4.11,High
V105,B23930,Dosa_Batter,4.452,28.8,1,counter,34.2,79.5,3.8,0.6,0.93,107.9,187.2,10,4.44,Medium
V106,B23931,Dosa_Batter,4.463,42.3,1,counter,33.3,70.5,4.7,36.2,0.44,197.8,173.7,1,4.36,High
V107,B23932,Idly_Batter,4.442,59.3,1,fridge,31.8,62.2,5.2,34.8,0.59,310.4,156.7,10,3.47,High
V108,B23933,Dosa_Batter,4.466,63.3,1,counter,35.6,69.3,4.8,26.3,0.61,302.1,152.7,10,3.93,High
V109,B23934,Dosa_Batter,4.466,12.4,1,fridge,31.7,57.8,3.5,4.7,0.78,43.5,203.6,10,4.43,Low
V110,B23935,Combo_Pack,4.429,46.1,0,counter,35.4,88.6,-1.0,9.3,0.26,1629.7,1.9,10,4.78,High
V111,B23936,Combo_Pack,4.414,30.8,1,counter,32.0,83.5,5.4,23.3,0.44,167.6,185.2,5,4.22,High
V112,B23937,Dosa_Batter,4.476,18.4,1,fridge,32.6,79.9,4.1,12.0,0.68,74.5,197.6,10,4.21,Medium
V113,B23938,Idly_Batter,4.512,63.0,1,backroom,35.1,74.0,6.0,22.1,0.39,376.4,153.0,1,4.16,High
V114,B23939,Dosa_Batter,4.456,66.4,1,counter,29.8,48.7,4.9,0.7,0.21,325.6,149.6,5,3.88,High
V115,B23940,Combo_Pack,4.464,71.0,1,fridge,33.3,76.2,5.4,7.8,0.15,384.4,145.0,10,4.39,High
V116,B23941,Dosa_Batter,4.453,55.7,0,counter,31.2,84.0,-1.0,51.9,0.71,1736.2,0.0,2,3.66,High
V117,B23942,Combo_Pack,4.482,28.1,1,backroom,34.7,78.3,2.4,14.8,0.37,68.4,187.9,2,3.63,Medium
V118,B23943,Idly_Batter,4.499,86.1,1,counter,29.3,83.1,3.8,58.5,0.55,326.2,129.9,1,4.09,High
V119,B23944,Idly_Batter,4.427,87.9,0,backroom,28.6,68.6,-1.0,36.8,0.65,2519.5,0.0,10,3.69,High
V120,B23945,Combo_Pack,4.42,70.8,1,backroom,38.9,73.3,6.1,39.9,0.58,432.2,145.2,2,4.15,High
V121,B23946,Combo_Pack,4.431,49.0,0,backroom,24.5,48.5,-1.0,12.2,0.68,1201.8,0.0,2,3.73,High
V122,B23947,Combo_Pack,4.462,68.5,0,backroom,29.5,73.7,-1.0,4.2,0.45,2024.3,0.0,1,3.46,High
V123,B23948,Combo_Pack,4.489,89.1,0,backroom,30.3,43.9,-1.0,61.7,0.9,2701.9,0.0,5,4.57,High
V124,B23949,Idly_Batter,4.451,65.8,1,counter,36.8,68.9,4.7,59.4,0.62,310.2,150.2,5,4.44,High
V100,B23950,Dosa_Batter,4.407,22.1,1,backroom,39.2,73.1,6.7,10.5,0.51,149.1,193.9,1,4.03,High
V101,B23951,Dosa_Batter,4.475,89.9,0,counter,28.3,79.8,-1.0,83.9,0.09,2547.1,0.0,1,3.36,High
V102,B23952,Dosa_Batter,4.436,73.0,0,backroom,34.6,57.1,-1.0,11.5,0.6,2524.2,0.0,10,4.61,High
V103,B23953,Dosa_Batter,4.459,8.9,0,backroom,33.7,77.2,-1.0,5.7,0.64,300.7,39.1,5,4.4,High
V104,B23954,Idly_Batter,4.457,42.1,1,counter,33.7,68.0,6.0,22.4,0.4,251.3,173.9,5,3.6,High
V105,B23955,Dosa_Batter,4.469,50.8,0,backroom,32.1,78.3,-1.0,33.1,0.63,1631.5,0.0,1,4.3,High
V106,B23956,Idly_Batter,4.431,91.2,0,counter,32.3,69.9,-1.0,29.7,0.34,2946.9,0.0,5,4.26,High
V107,B23957,Combo_Pack,4.413,48.0,1,fridge,28.2,89.7,4.0,40.6,0.9,193.7,168.0,1,4.27,High
V108,B23958,Dosa_Batter,4.472,51.1,1,counter,26.1,66.7,5.2,1.7,0.37,266.5,164.9,2,3.97,High
V109,B23959,Combo_Pack,4.476,64.9,1,backroom,32.0,67.2,5.5,28.0,0.2,359.2,151.1,5,3.86,High
V110,B23960,Combo_Pack,4.462,94.0,1,fridge,28.2,71.5,5.2,19.3,0.52,488.1,122.0,1,4.02,High
V111,B23961,Combo_Pack,4.456,59.9,0,backroom,26.8,73.4,-1.0,41.1,0.04,1603.0,0.0,5,4.28,High
V112,B23962,Combo_Pack,4.433,57.8,1,counter,33.5,65.8,6.2,27.5,0.4,357.9,158.2,5,3.35,High
V113,B23963,Idly_Batter,4.486,45.7,1,backroom,25.8,64.2,7.0,39.5,0.89,319.7,170.3,1,4.7,High
V114,B23964,Combo_Pack,4.528,7.1,0,counter,31.8,76.8,-1.0,5.8,0.22,224.8,40.9,1,4.09,High
V115,B23965,Combo_Pack,4.455,52.6,0,backroom,25.7,75.9,-1.0,15.4,0.65,1353.6,0.0,1,4.14,High
V116,B23966,Idly_Batter,4.455,84.6,0,backroom,30.1,74.1,-1.0,72.8,0.42,2543.9,0.0,5,4.3,High
V117,B23967,Combo_Pack,4.46,2.2,1,fridge,32.8,66.9,4.5,0.5,0.2,10.1,213.8,1,3.85,Low
V118,B23968,Combo_Pack,4.406,67.7,0,backroom,33.9,82.0,-1.0,42.9,0.47,2299.3,0.0,1,4.39,High
V119,B23969,Combo_Pack,4.483,60.1,1,backroom,31.0,62.0,5.2,46.0,0.36,314.5,155.9,5,4.04,High
V120,B23970,Idly_Batter,4.503,87.6,1,counter,28.7,69.5,4.5,45.4,0.85,393.0,128.4,2,5.0,High
V121,B23971,Combo_Pack,4.41,54.0,0,counter,32.1,61.3,-1.0,7.8,0.89,1733.9,0.0,1,3.85,High
V122,B23972,Dosa_Batter,4.432,54.5,1,backroom,25.1,63.5,8.9,37.9,0.02,485.2,161.5,5,4.88,High
V123,B23973,Combo_Pack,4.503,57.4,0,counter,26.6,73.0,-1.0,15.4,0.44,1525.9,0.0,10,3.74,High
V124,B23974,Combo_Pack,4.456,63.5,0,backroom,29.5,78.1,-1.0,35.1,0.38,1874.9,0.0,2,4.49,High
V100,B23975,Idly_Batter,4.429,34.8,1,fridge,30.9,71.1,3.6,32.0,0.34,124.6,181.2,1,4.75,Medium
V101,B23976,Idly_Batter,4.394,14.6,0,counter,30.2,70.6,-1.0,14.4,0.29,439.8,33.4,5,3.9,High
V102,B23977,Idly_Batter,4.478,95.0,1,fridge,30.7,59.5,6.2,1.3,0.1,585.3,121.0,10,4.59,High
V103,B23978,Idly_Batter,4.459,53.2,1,counter,34.1,82.0,6.9,17.8,0.21,366.8,162.8,2,4.53,High
V104,B23979,Idly_Batter,4.399,10.5,1,fridge,29.7,63.1,4.4,0.6,0.77,46.3,205.5,2,4.21,Low
V105,B23980,Idly_Batter,4.406,6.9,0,counter,37.0,75.6,-1.0,6.8,0.48,253.8,41.1,2,3.98,High
V106,B23981,Combo_Pack,4.447,92.4,0,backroom,31.8,63.5,-1.0,76.4,0.78,2938.6,0.0,5,3.47,High
V107,B23982,Idly_Batter,4.428,69.5,0,backroom,32.4,57.4,-1.0,3.3,0.69,2252.0,0.0,2,3.89,High
V108,B23983,Dosa_Batter,4.444,12.6,0,counter,35.6,84.1,-1.0,10.7,0.21,449.9,35.4,5,4.28,High
V109,B23984,Idly_Batter,4.454,67.3,1,counter,30.6,52.5,3.3,4.0,0.24,220.0,148.7,10,4.18,High
V110,B23985,Idly_Batter,4.443,31.0,1,backroom,29.4,85.0,4.4,16.8,0.9,137.3,185.0,5,3.95,Medium
V111,B23986,Combo_Pack,4.464,60.7,0,backroom,33.2,82.7,-1.0,37.9,0.26,2012.8,0.0,10,4.19,High
V112,B23987,Dosa_Batter,4.468,48.7,0,backroom,30.4,69.8,-1.0,3.3,0.67,1478.3,0.0,2,3.41,High
V113,B23988,Idly_Batter,4.458,7.6,0,counter,32.5,83.0,-1.0,4.5,0.6,245.5,40.4,5,3.79,High
V114,B23989,Idly_Batter,4.471,64.8,0,backroom,28.2,67.0,-1.0,54.6,0.23,1824.2,0.0,2,4.38,High
V115,B23990,Idly_Batter,4.429,75.6,1,backroom,31.4,58.2,4.9,0.2,0.86,373.4,140.4,1,5.0,High
V116,B23991,Idly_Batter,4.43,65.5,1,fridge,30.6,61.9,3.4,10.6,0.46,225.1,150.5,1,4.04,High
V117,B23992,Idly_Batter,4.458,33.9,0,counter,32.8,62.3,-1.0,26.8,0.36,1111.1,14.1,10,4.2,High
V118,B23993,Dosa_Batter,4.458,22.4,1,counter,29.3,70.6,4.2,18.3,0.39,95.2,193.6,2,4.53,Medium
V119,B23994,Combo_Pack,4.432,3.1,1,fridge,32.3,67.4,7.1,1.3,0.15,22.4,212.9,1,4.73,Low
V120,B23995,Idly_Batter,4.494,64.4,0,counter,24.9,73.8,-1.0,45.9,0.25,1604.4,0.0,10,3.73,High
V121,B23996,Idly_Batter,4.503,61.9,1,counter,27.7,61.7,4.9,56.0,0.31,300.5,154.1,2,3.29,High
V122,B23997,Dosa_Batter,4.465,59.7,1,counter,36.8,69.2,5.8,27.0,0.34,344.3,156.3,1,4.43,High
V123,B23998,Combo_Pack,4.484,47.1,0,backroom,32.0,71.1,-1.0,42.3,0.8,1505.0,0.9,1,3.55,High
V124,B23999,Dosa_Batter,4.47,9.3,0,backroom,31.7,67.7,-1.0,2.3,0.55,294.7,38.7,2,4.27,High
